0,1,2,3,4,5,6,7,8,9,10,11,12,13,14,15,16,17,18,19,20,21,22,23,24,25,26,27,28,29,30,31,32,33,34,35,36,37,38,39,40,41,42,43,44,45
Downloaded from http://www.GuruFocus.com on Mon Jun 20 2022 17:43:24 GMT+0700 (GMT+07:00),,,,,,,,,,,,,,,,,,,,,,,,,,,,,,,,,,,,,,,,,,,,,
GuruFocus_ASX:SLR_Financial_2022-6-20 at 17:43.csv,,,,,,,,,,,,,,,,,,,,,,,,,,,,,,,,,,,,,,,,,,,,,
,,,,,,,,,,,,,,,,,,,,,,,,,,,,,,,,,,,,,,,,,,,,,
ASX:SLR,"Silver Lake Resources Ltd, Australia, Basic Materials, Metals & Mining, Gold",,,,,,,,,,,,,,,,,,,,,,,,,,,,,,,,,,,,,,,,,,,,
Key Statistics: ,,,,,,,,,,,,,,,,,,,,,,,,,,,,,,,,,,,,,,,,,,,,,
Price,1.465,,,,,,,,,,,,,,,,,,,,,,,,,,,,,,,,,,,,,,,,,,,,
Market Cap (Million),1051.341,,,,,,,,,,,,,,,,,,,,,,,,,,,,,,,,,,,,,,,,,,,,
Shares Outstanding (Million),930.17,,,,,,,,,,,,,,,,,,,,,,,,,,,,,,,,,,,,,,,,,,,,
PE Ratio,18.68,,,,,,,,,,,,,,,,,,,,,,,,,,,,,,,,,,,,,,,,,,,,
PB Ratio,1.53,,,,,,,,,,,,,,,,,,,,,,,,,,,,,,,,,,,,,,,,,,,,
PS Ratio,2.45,,,,,,,,,,,,,,,,,,,,,,,,,,,,,,,,,,,,,,,,,,,,
,,,,,,,,,,,,,,,,,,,,,,,,,,,,,,,,,,,,,,,,,,,,,
Growth Rate: ,,,,,,,,,,,,,,,,,,,,,,,,,,,,,,,,,,,,,,,,,,,,,
Annual Rates (per share),10 Years,5 Years,12 Months,,,,,,,,,,,,,,,,,,,,,,,,,,,,,,,,,,,,,,,,,,
Revenue Growth (%),0.8,11.1,-8.1,,,,,,,,,,,,,,,,,,,,,,,,,,,,,,,,,,,,,,,,,,
EBITDA  Growth (%),0,52.1,-20.2,,,,,,,,,,,,,,,,,,,,,,,,,,,,,,,,,,,,,,,,,,
Free Cash Flow Growth (%),0,-48.4,34.8,,,,,,,,,,,,,,,,,,,,,,,,,,,,,,,,,,,,,,,,,,
Book Value Growth (%),1.4,25.7,8.8,,,,,,,,,,,,,,,,,,,,,,,,,,,,,,,,,,,,,,,,,,
,,,,,,,,,,,,,,,,,,,,,,,,,,,,,,,,,,,,,,,,,,,,,
30 Year Financials of ASX:SLR - Silver Lake Resources Ltd,,,,,,,,,,,,,,,,,,,,,,,,,,,,,,,,,,,,,,,,,,,,,
,,,,,,,,,,,,,,,,,,,,,,,,,,,,,,,,,,,,,,,,,,,,,
"All Numbers are in Millions except per share data, ratios, and percentage data; All shares outstanding data and per share data are split adjusted",,,,,,,,,,,,,,,,,,,,,,,,,,,,,,,,,,,,,,,,,,,,,
,,,,,,,,,,,,,,,,,,,,,,,,,,,,,,,,,,,,,,,,,,,,,
Annual Data:,,,,,,,,,,,,,,,,,Quarterly Data:,,,,,,,,,,,,,,,,,,,,,,,,,,,,
Fiscal Period:,2021-06,2020-06,2019-06,2018-06,2017-06,2016-06,2015-06,2014-06,2013-06,2012-06,2011-06,2010-06,2009-06,2008-06,TTM/current,,2021-12,2021-06,2020-12,2020-06,2019-12,2019-06,2018-12,2018-06,2017-12,2017-06,2016-12,2016-06,2015-12,2015-06,2014-12,2014-06,2013-12,2013-06,2012-12,2012-06,2011-12,2011-06,2010-12,2010-06,2009-12,2009-06,2008-12,2008-06,2007-12
Per Share Data,,,,,,,,,,,,,,,,,,,,,,,,,,,,,,,,,,,,,,,,,,,,,
Revenue per Share,0.674,0.675,0.515,0.499,0.452,0.413,0.37,0.69,0.706,0.631,0.451,0.365,0.376,0.027,0.66,,0.344,0.318,0.356,0.364,0.31,0.274,0.236,0.271,0.228,0.238,0.212,0.201,0.212,0.202,0.168,0.282,0.418,0.337,0.366,0.3,0.333,0.247,0.204,0.222,0.139,0.235,0.141,0,0
EBITDA per Share,0.216,0.2,0.037,0.062,0.025,0.036,-0.1,-0.147,-1.041,0.276,0.171,0.129,0.089,-0.033,0.23,,0.172,0.057,0.181,0.106,0.129,0.006,0.012,0.035,0.006,-0.012,0.017,0.012,0.005,-0.161,-0.016,-0.141,-0.11,-0.879,0.09,0.121,0.157,0.13,0.041,0.096,0.029,0.089,0.015,-0.018,-0.005
EBIT per Share,0.163,0.161,0.017,0.041,0.005,0.018,-0.176,-0.254,-1.196,0.209,0.115,0.089,0.089,-0.033,0.13,,0.073,0.057,0.107,0.106,0.055,0.006,0.012,0.035,0.006,-0.012,0.017,0.012,0.005,-0.161,-0.016,-0.141,-0.11,-0.977,0.049,0.089,0.121,0.097,0.018,0.073,0.013,0.089,0,-0.018,-0.005
Earnings per Share (Diluted),0.111,0.308,0.011,0.032,0.004,0.009,-0.187,-0.38,-1.044,0.145,0.079,0.062,0.069,-0.034,0.09,,0.05,0.037,0.074,0.254,0.054,0.003,0.008,0.027,0.004,-0.012,0.016,0.008,0,-0.158,-0.029,-0.267,-0.113,-1.067,0.022,0.059,0.085,0.049,0.03,0.054,0.009,0.07,-0.001,-0.03,-0.004
EPS without NRI,0.111,0.308,0.011,0.032,0.004,0.009,-0.187,-0.38,-1.044,0.145,0.079,0.062,0.069,-0.034,0.09,,0.05,0.037,0.074,0.254,0.054,0.003,0.008,0.027,0.004,-0.012,0.016,0.008,0,-0.158,-0.029,-0.267,-0.113,-1.067,0.022,0.059,0.085,0.049,0.03,0.054,0.009,0.07,-0.001,-0.03,-0.004
Owner Earnings per Share (TTM),0.088,0.297,-0.017,-0.014,-0.04,-0.031,-0.172,-0.333,-0.954,0.115,-0.019,0,0,0,0.09,,0,0.088,0,0.297,0,-0.017,0,-0.014,0,-0.04,0,-0.031,0,-0.172,0,-0.333,0,-0.954,0,0.115,0,-0.019,0,0,0,0,0,0,0
Free Cash Flow per Share,0.114,0.173,0.024,0.073,0.029,0.033,-0.02,-0.043,-0.376,-0.105,-0.072,-0.032,0.096,-0.269,0.1,,0.068,0.029,0.085,0.103,0.07,0.024,-0.004,0.081,-0.01,0.042,-0.013,0.02,0.013,0.007,-0.027,-0.026,-0.017,-0.138,-0.263,-0.113,0.015,-0.031,-0.042,0.028,-0.064,0.08,0.015,-0.103,-0.086
Operating Cash Flow per Share,0.303,0.302,0.123,0.158,0.127,0.108,0.059,0.055,0.176,0.293,0.167,0.105,0.16,-0.035,0.26,,0.134,0.122,0.181,0.184,0.118,0.064,0.058,0.097,0.06,0.08,0.046,0.063,0.045,0.039,0.02,0.015,0.042,0.047,0.153,0.131,0.164,0.095,0.072,0.081,0.021,0.123,0.036,-0.023,-0.002
Cash per Share,0.373,0.292,0.153,0.194,0.121,0.077,0.045,0.048,0.033,0.31,0.09,0.165,0.108,0.011,0.302,,0.302,0.373,0.352,0.292,0.204,0.153,0.19,0.194,0.111,0.121,0.071,0.077,0.053,0.045,0.029,0.048,0.018,0.033,0.09,0.31,0.424,0.09,0.12,0.165,0.132,0.108,0.026,0.011,0.104
Dividends per Share,0,0,0,0,0,0,0,0,0,0,0,0,0,0,0,,0,0,0,0,0,0,0,0,0,0,0,0,0,0,0,0,0,0,0,0,0,0,0,0,0,0,0,0,0
Book Value per Share,1.016,0.904,0.58,0.41,0.377,0.372,0.363,0.549,0.951,0.881,0.511,0.423,0.297,0.221,1.064,,1.064,1.016,0.978,0.904,0.661,0.58,0.415,0.41,0.381,0.377,0.389,0.372,0.363,0.363,0.52,0.549,0.827,0.951,2.992,0.881,0.822,0.511,0.456,0.423,0.366,0.297,0.223,0.221,0.24
Tangible Book per Share,0.913,0.801,0.469,0.41,0.377,0.372,0.363,0.549,0.951,0.881,0.511,0.423,0.297,0.221,0.961,,0.961,0.913,0.875,0.801,0.558,0.469,0.415,0.41,0.381,0.377,0.389,0.372,0.363,0.363,0.52,0.549,0.827,0.951,2.455,0.881,0.822,0.511,0.456,0.423,0.366,0.297,0.223,0.221,0.24
Total Debt per Share,0.079,0.061,0.001,0,0.004,0.012,0.033,0.025,0.166,0.053,0.002,0.004,0.005,0.005,0.061,,0.061,0.079,0.068,0.061,0.029,0.001,0,0,0,0.004,0.009,0.012,0.022,0.033,0.042,0.025,0.074,0.166,0.05,0.053,0.001,0.002,0.003,0.004,0.005,0.005,0.004,0.005,0
Month End Stock Price,1.66,2.13,1.26,0.6,0.47,0.52,0.14,0.51,0.6,2.81,2,1.76,0.69,0.31,1.465,,1.775,1.66,1.79,2.13,1.34,1.26,0.56,0.6,0.38,0.47,0.64,0.52,0.18,0.14,0.2,0.51,0.54,0.6,3.32,2.81,3.01,2,2.37,1.76,1.06,0.69,0.26,0.31,0.38
,,,,,,,,,,,,,,,,,,,,,,,,,,,,,,,,,,,,,,,,,,,,,
Ratios,,,,,,,,,,,,,,,,,,,,,,,,,,,,,,,,,,,,,,,,,,,,,
ROE %,11.612,40.458,1.91,8.172,1.078,2.386,-40.974,-53.513,-115.137,21.851,18.919,19.456,26.779,-10.786,8.54,,9.681,7.374,15.873,61.687,16.907,1.459,3.838,14.108,2.232,-6.46,8.622,4.554,0.217,-71.387,-10.938,-77.361,-26.051,-124.09,2.332,14.929,25.217,22.598,15.318,29.013,5.671,53.861,-0.534,-17.149,-3.439
ROE % Adjusted to Book Value,7.11,17.18,0.88,5.58,0.86,1.71,-106.2,-57.62,-182.59,6.85,4.83,4.67,11.53,-7.7,5.58,,5.8,4.51,8.67,26.19,8.35,0.67,2.84,9.63,2.24,-5.18,5.24,3.26,0.44,-185.03,-28.45,-83.3,-39.87,-196.78,2.1,4.68,6.89,5.77,2.95,6.97,1.96,23.19,-0.46,-12.25,-2.17
ROA %,9.5384,33.3422,1.5711,6.504,0.8192,1.7337,-29.7262,-37.6548,-79.0961,15.3258,14.0243,15.0002,20.9757,-8.7965,7.11,,8.0873,6.065,13.0602,50.3811,13.8313,1.1938,3.0828,11.2943,1.7548,-5.0324,6.5372,3.3288,0.1556,-51.7127,-8.0147,-57.6062,-18.6583,-96.1044,1.8626,11.0459,19.2978,16.3803,11.5818,22.747,4.4175,42.0655,-0.4339,-14.9975,-3.2233
Return-on-Tangible-Equity,13.0072,47.1999,2.2037,8.1717,1.0777,2.3857,-40.9738,-53.5125,-115.1367,21.8514,18.9195,19.4559,26.779,-10.786,9.5,,10.7412,8.2224,17.8226,71.0493,20.4165,1.6815,3.8382,14.1078,2.2321,-6.4597,8.6218,4.5535,0.2167,-71.3875,-10.9381,-77.3606,-26.0509,-140.637,2.7116,14.9289,25.2168,22.5976,15.3182,29.0128,5.6713,53.8605,-0.534,-17.1491,-3.4394
Return-on-Tangible-Asset,10.4598,37.791,1.7645,6.504,0.8192,1.7337,-29.7262,-37.6548,-79.0961,15.3258,14.0243,15.0002,20.9757,-8.7965,7.75,,8.8141,6.6273,14.3521,56.4573,16.095,1.3389,3.0828,11.2943,1.7548,-5.0324,6.5372,3.3288,0.1556,-51.7127,-8.0147,-57.6062,-18.6583,-105.7397,2.097,11.0459,19.2978,16.3803,11.5818,22.747,4.4175,42.0655,-0.4339,-14.9975,-3.2233
ROC (Joel Greenblatt) %,34.05,38.58,4.72,16.3,1.61,4.76,-35.28,-32.43,-127,33.4,31.08,35.97,39.14,-11.06,26.64,,29.86,22.98,45.5,45.93,27.52,3.67,9.42,28.1,4.27,-7.72,9.77,6.81,2.73,-64.57,-5.19,-40.6,-23.94,-153.61,6.04,27.6,47.55,46.5,10.93,55.22,10.63,77.4,0.03,-20.28,-7.21
ROCE %,15.695,19.458,2.658,9.8,1.204,4.179,-32.609,-30.889,-113.068,25.798,23.538,24.902,32.07,-10.033,11.9,,13.158,10.559,20.994,23.586,15.927,2.104,5.243,16.83,2.843,-5.722,8.009,5.882,2.485,-61.465,-4.913,-36.29,-22.09,-131.775,4.707,18.237,31.437,38.103,7.972,37.339,7.717,63.992,0.028,-15.086,-4.251
ROIC %,14.34,49.89,6.51,14.21,-1.77,1.06,-12.81,-11.1,-38.94,20.98,9.77,22.82,28.2,-12.75,11.15,,14.12,8.09,21.24,69.61,24.83,8.74,7.92,24.96,3.28,-6.22,2.44,-0.33,2.34,-19.72,-4.99,15.24,-20.31,-47.89,3.17,23.27,21.66,11.6,7.28,43.24,-2.9,65.77,-13.84,-25.29,-7.19
WACC %,6.82,8.98,12.29,5.48,3.86,3.94,10.34,7.65,7.7,9.12,8.07,10.01,11.66,0,6.81,,0,6.82,0,8.98,0,12.29,0,5.48,0,3.86,0,3.94,0,10.34,0,7.65,0,7.7,0,9.12,0,8.07,0,10.01,0,11.66,0,0,0
Effective Interest Rate on Debt %,6.38,5.66,462.24,226.92,11.58,40.44,35.86,9.37,13.63,2.73,30.49,28.76,29.84,12.16,6.17,,4.85,7.01,5.84,1.29,19.16,393.29,,11823.53,146.28,11.62,11.07,47.07,36,-17.76,81.06,21.16,4.79,26.91,1.57,2.74,53.5,70.94,0,25.73,25.83,37.09,27.18,24.32,
,,,,,,,,,,,,,,,,,,,,,,,,,,,,,,,,,,,,,,,,,,,,,
Gross Margin %,34.91,34.99,22.08,15.89,9.31,12.61,23.76,8.79,33.52,46.81,27.85,37.44,26.56,-84.5,35.41,,66.03,1.99,64.26,13.81,59.92,29.36,11.03,22.27,8.05,10.01,8.53,16.99,8.26,46.29,-3.3,21.41,-1.04,33.12,34.13,55.11,38.5,31.75,23.15,51.93,11.98,40.08,3.72,0,0
Operating Margin %,23.8714,24.3201,5.6737,7.9085,-1.3557,1.0525,-18.5409,-10.2297,-73.4592,31.4465,12.0535,23.2638,23.3119,-149.405,20.21,,25.0291,14.9488,31.825,27.1745,20.9603,6.4697,4.4666,12.5479,2.2159,-4.5354,2.2032,-0.3188,2.416,-26.1917,-9.3512,11.9481,-27.4903,-134.0992,18.7267,38.0443,24.8343,14.7931,8.7417,38.7085,-3.8584,43.7407,-11.1924,0,0
Net Margin %,16.4142,45.5909,2.1558,6.3332,0.8932,2.1065,-50.5625,-55.0532,-147.9946,23.0349,17.548,17.0573,18.3403,-124.5835,13.04,,14.4591,11.4949,20.7992,69.6843,17.2312,1.3749,3.34,9.9814,1.8569,-5.1829,7.6938,4.0356,0.1885,-78.1562,-17.4181,-91.0697,-27.0222,-249.2838,5.9868,20.6637,25.4113,19.8432,14.7732,23.201,6.2685,29.4484,-0.4214,0,0
EBITDA Margin %,32.0381,29.6623,7.1181,12.4825,5.5198,8.7228,-27.0919,-21.2854,-147.5603,43.7349,37.8698,35.38,23.7752,-121.3873,34.59,,49.8758,17.9151,50.907,29.151,41.4762,2.1487,4.9248,12.8363,2.5557,-5.0273,7.9612,5.9935,2.5616,-79.8029,-9.2423,-50.0768,-26.3656,-260.7793,24.557,40.4358,47.0412,52.7454,19.8866,43.4278,21.2473,37.8379,10.8497,0,0
FCF Margin %,16.9427,25.6786,4.69,14.6158,6.3185,8.0455,-5.4362,-6.2454,-53.2254,-16.5659,-16.0743,-8.7864,25.4559,-987.4872,14.63,,19.6549,9.1524,23.8869,28.2571,22.6434,8.8116,-1.5598,29.9342,-4.18,17.6428,-6.3561,9.8769,6.2246,3.4127,-16.0652,-9.1148,-4.0122,-41.0103,-71.7949,-37.5764,4.4899,-12.3787,-20.542,12.4582,-46.0937,34.1065,10.8451,,
,,,,,,,,,,,,,,,,,,,,,,,,,,,,,,,,,,,,,,,,,,,,,
Debt-to-Equity,0.078,0.067,0.002,0,0.011,0.032,0.09,0.046,0.174,0.061,0.004,0.009,0.016,0.023,0.057,,0.057,0.078,0.07,0.067,0.044,0.002,0,0,0,0.011,0.022,0.032,0.062,0.09,0.081,0.046,0.09,0.174,0.017,0.061,0.001,0.004,0.006,0.009,0.013,0.016,0.019,0.023,0
Equity-to-Asset,0.821,0.822,0.828,0.81,0.781,0.74,0.714,0.733,0.682,0.696,0.714,0.777,0.761,0.816,0.849,,0.849,0.821,0.824,0.822,0.81,0.828,0.797,0.81,0.791,0.781,0.777,0.74,0.722,0.714,0.732,0.733,0.753,0.682,0.834,0.696,0.794,0.714,0.738,0.777,0.792,0.761,0.81,0.816,0.937
Debt-to-Asset,0.064,0.055,0.001,0,0.009,0.024,0.064,0.034,0.119,0.042,0.003,0.007,0.012,0.019,0.049,,0.049,0.064,0.057,0.055,0.036,0.001,0,0,0,0.009,0.017,0.024,0.045,0.064,0.059,0.034,0.068,0.119,0.014,0.042,0.001,0.003,0.005,0.007,0.01,0.012,0.015,0,0
Liabilities-to-Assets,0.18,0.18,0.17,0.19,0.22,0.26,0.29,0.27,0.32,0.3,0.29,0.22,0.24,0.18,0.15,,0.15,0.18,0.18,0.18,0.19,0.17,0.2,0.19,0.21,0.22,0.22,0.26,0.28,0.29,0.27,0.27,0.25,0.32,0.17,0.3,0.21,0.29,0.26,0.22,0.21,0.24,0.19,0.18,0.06
Gross-Profit-to-Asset %,20.289,25.588,16.088,16.316,8.541,10.381,13.97,6.01,17.913,31.147,22.261,32.924,30.374,-5.966,19.29,,36.934,1.052,40.35,9.984,48.096,25.496,10.177,25.204,7.608,9.719,7.25,14.012,6.822,30.629,-1.518,13.543,-0.715,12.767,10.617,29.459,29.239,26.206,18.148,50.918,8.444,57.249,3.833,0,0
,,,,,,,,,,,,,,,,,,,,,,,,,,,,,,,,,,,,,,,,,,,,,
Asset Turnover,0.581,0.731,0.729,1.027,0.917,0.823,0.588,0.684,0.534,0.665,0.799,0.879,1.144,0.071,0.54,,0.28,0.264,0.314,0.361,0.401,0.434,0.461,0.566,0.473,0.485,0.425,0.412,0.413,0.331,0.23,0.316,0.345,0.193,0.156,0.267,0.38,0.413,0.392,0.49,0.352,0.714,0.515,0,0
Dividend Payout Ratio,0,0,0,0,0,0,,,,0,0,0,0,,0,,0,0,0,0,0,0,0,0,0,,0,0,0,,,,,,0,0,0,0,0,0,0,0,,,
,,,,,,,,,,,,,,,,,,,,,,,,,,,,,,,,,,,,,,,,,,,,,
Days Sales Outstanding,5.75,5.99,9.98,15.66,17.6,12.43,14.82,9.69,0,0,4.85,6.32,3.23,63.79,5.37,,4.94,6.1,5.41,4.61,5.34,7.75,10.41,12.62,21.21,18.5,14.61,13.63,13.11,10.76,14.37,11.11,8.67,9.04,13.74,3.51,3.52,3.85,5,4.25,6.21,6.12,7.34,0,0
Days Payable,48.48,43.79,50.86,47.35,49.81,48.62,69.2,49.69,103.51,131.54,72.18,74.38,55.04,365.54,61.61,,103.2,42.7,99.72,38.82,89.65,52.43,52.32,49.16,53.52,48.38,51.04,56.56,46.04,90.26,66.93,65.05,46.14,127.38,182.74,171.66,79.7,85.96,76.82,91.45,76.29,56.28,50.42,,
Days Inventory,65.16,59.35,60.12,39.63,35.07,39.42,60.74,54.01,100.89,98.56,63.53,43.33,28.74,286.3,69.32,,126.29,46.88,114.48,49.1,106.85,51.37,43.08,44.78,38.83,32.22,37.13,39.73,33.97,75.44,57.07,65.66,53.69,163.37,201.76,118.17,66.08,69.7,54.44,58.43,33.93,18.46,27.29,,
Cash Conversion Cycle,22.42,21.54,19.24,7.93,2.87,3.22,6.36,14.01,-2.61,-32.98,-3.8,-24.73,-23.07,-15.45,13.08,,28.03,10.28,20.17,14.89,22.55,6.68,1.17,8.24,6.51,2.34,0.7,-3.2,1.04,-4.06,4.51,11.71,16.22,45.03,32.76,-49.98,-10.1,-12.41,-17.38,-28.78,-36.15,-31.7,-15.78,0,0
,,,,,,,,,,,,,,,,,,,,,,,,,,,,,,,,,,,,,,,,,,,,,
Inventory Turnover,5.6,6.15,6.07,9.21,10.41,9.26,6.01,6.76,3.62,3.7,5.74,8.42,12.7,1.27,5.27,,1.45,3.89,1.59,3.72,1.71,3.55,4.24,4.08,4.7,5.66,4.92,4.59,5.37,2.42,3.2,2.78,3.4,1.12,0.9,1.54,2.76,2.62,3.35,3.12,5.38,9.89,6.69,0,0
COGS-to-Revenue,0.65,0.65,0.78,0.84,0.91,0.87,0.76,0.91,0.66,0.53,0.72,0.63,0.73,1.84,0.65,,0.34,0.98,0.36,0.86,0.4,0.71,0.89,0.78,0.92,0.9,0.91,0.83,0.92,0.54,1.03,0.79,1.01,0.67,0.66,0.45,0.61,0.68,0.77,0.48,0.88,0.6,0.96,0,0
Inventory-to-Revenue,0.116,0.106,0.128,0.091,0.087,0.094,0.127,0.135,0.184,0.144,0.126,0.074,0.058,1.447,0.123,,0.235,0.252,0.224,0.232,0.235,0.199,0.21,0.191,0.196,0.159,0.186,0.181,0.171,0.222,0.323,0.283,0.297,0.599,0.728,0.291,0.223,0.261,0.229,0.154,0.164,0.061,0.144,,
Capex-to-Revenue,0.28,0.19,0.19,0.17,0.22,0.18,0.21,0.14,0.78,0.63,0.53,0.37,0.17,8.59,0.241,,0.19,0.29,0.27,0.22,0.15,0.14,0.26,0.06,0.3,0.16,0.28,0.22,0.15,0.16,0.28,0.14,0.14,0.55,1.14,0.81,0.45,0.51,0.56,0.24,0.61,0.18,0.15,0,0
Capex-to-Operating-Income,1.17,0.79,3.37,2.15,0,17.3,0,0,0,2,4.41,1.61,0.73,0,1.193,,0.77,1.96,0.84,0.82,0.74,2.22,5.89,0.48,13.74,0,12.81,0,6.16,0,0,1.2,0,0,6.07,2.13,1.81,3.43,6.4,0.62,0,0.42,0,0,0
Capex-to-Operating-Cash-Flow,0.62,0.43,0.8,0.54,0.78,0.69,1.34,1.79,3.13,1.36,1.43,1.31,0.4,0,0.622,,0.5,0.76,0.53,0.44,0.41,0.62,1.06,0.17,1.16,0.48,1.29,0.69,0.7,0.82,2.34,2.76,1.4,3.95,2.72,1.86,0.91,1.32,1.58,0.66,4.11,0.35,0.58,0,0
,,,,,,,,,,,,,,,,,,,,,,,,,,,,,,,,,,,,,,,,,,,,,
Income Statement,,,,,,,,,,,,,,,,,,,,,,,,,,,,,,,,,,,,,,,,,,,,,
Revenue,598.293,563.435,301.514,255.573,227.491,209.497,185.956,309.588,215.743,135.338,89.982,69.073,58.069,2.941,589.57,,307.598,281.969,316.324,304.631,258.804,181.692,119.822,140.812,114.761,120.145,107.346,104.446,105.051,101.475,84.481,135.494,174.094,130.138,85.605,67.742,67.596,49.246,40.736,44.011,25.062,36.474,21.595,0,0
Cost of Goods Sold,389.402,366.297,234.954,214.969,206.305,183.073,141.769,282.383,143.432,71.98,64.918,43.213,42.647,5.426,380.83,,104.482,276.349,113.053,262.564,103.733,128.344,106.61,109.447,105.522,108.119,98.186,86.704,96.369,54.501,87.268,106.485,175.898,87.04,56.392,30.41,41.57,33.612,31.306,21.154,22.059,21.856,20.791,0,0
Gross Profit,208.891,197.138,66.56,40.604,21.186,26.424,44.187,27.205,72.311,63.358,25.064,25.86,15.422,-2.485,208.74,,203.116,5.62,203.271,42.067,155.071,53.348,13.212,31.365,9.239,12.026,9.16,17.742,8.682,46.974,-2.787,29.009,-1.804,43.098,29.213,37.332,26.026,15.634,9.43,22.857,3.003,14.618,0.804,0,0
Gross Margin %,34.91,34.99,22.08,15.89,9.31,12.61,23.76,8.79,33.52,46.81,27.85,37.44,26.56,-84.5,35.41,,66.03,1.99,64.26,13.81,59.92,29.36,11.03,22.27,8.05,10.01,8.53,16.99,8.26,46.29,-3.3,21.41,-1.04,33.12,34.13,55.11,38.5,31.75,23.15,51.93,11.98,40.08,3.72,0,0
,,,,,,,,,,,,,,,,,,,,,,,,,,,,,,,,,,,,,,,,,,,,,
"Selling, General, & Admin. Expense",14.317,15.928,33.341,5.543,6.039,8.26,7.164,6.494,21.835,3.79,2.246,2.024,1.27,1.213,17.12,,36.29,-19.169,33.486,-13.92,29.848,26.777,6.564,0.433,5.11,0.599,5.44,3.628,4.632,2.468,4.696,1.993,4.501,18.911,2.924,1.694,2.096,0.917,1.329,1.04,0.984,0.387,0.883,0.742,0.471
Research & Development,0,0,0,0,0,0,0,0,0,0,0,0,0,0,0,,0,0,0,0,0,0,0,0,0,0,0,0,0,0,0,0,0,0,0,0,0,0,0,0,0,0,0,0,0
Other Operating Expense,51.753,44.182,16.112,14.849,18.231,15.959,71.501,52.381,208.959,17.009,11.972,7.767,0.615,0.696,72.48,,89.837,-17.362,69.115,-26.795,70.977,14.816,1.296,13.263,1.586,16.876,1.355,14.447,1.512,71.084,0.417,10.827,41.554,198.701,10.258,9.866,7.143,7.432,4.54,4.781,2.986,-1.723,2.338,0.364,0.332
Total Operating Expense,66.07,60.11,49.453,20.392,24.27,24.219,78.665,58.875,230.794,20.799,14.218,9.791,1.885,1.909,89.6,,126.127,-36.531,102.601,-40.715,100.825,41.593,7.86,13.696,6.696,17.475,6.795,18.075,6.144,73.552,5.113,12.82,46.055,217.612,13.182,11.56,9.239,8.349,5.869,5.821,3.97,-1.336,3.221,1.106,0.803
Operating Income,142.821,137.028,17.107,20.212,-3.084,2.205,-34.478,-31.67,-158.483,42.559,10.846,16.069,13.537,-4.394,119.14,,76.989,42.151,100.67,82.782,54.246,11.755,5.352,17.669,2.543,-5.449,2.365,-0.333,2.538,-26.578,-7.9,16.189,-47.859,-174.514,16.031,25.772,16.787,7.285,3.561,17.036,-0.967,15.954,-2.417,-3.591,-0.803
Operating Margin %,23.8714,24.3201,5.6737,7.9085,-1.3557,1.0525,-18.5409,-10.2297,-73.4592,31.4465,12.0535,23.2638,23.3119,-149.405,20.21,,25.0291,14.9488,31.825,27.1745,20.9603,6.4697,4.4666,12.5479,2.2159,-4.5354,2.2032,-0.3188,2.416,-26.1917,-9.3512,11.9481,-27.4903,-134.0992,18.7267,38.0443,24.8343,14.7931,8.7417,38.7085,-3.8584,43.7407,-11.1924,0,0
,,,,,,,,,,,,,,,,,,,,,,,,,,,,,,,,,,,,,,,,,,,,,
  Interest Income,0.978,1.516,1.221,0.58,6.55,0.482,0.201,0.349,0.866,2.204,0.958,0.803,0.257,0.488,0.52,,0.179,0.343,0.635,0.858,0.658,0.672,0.549,0.199,0.381,6.217,0.333,0.345,0.137,0.109,0.092,0.218,0.131,0.093,0.773,1.479,0.725,0.444,0.514,0.483,0.32,0.173,0.084,0.317,0.171
  Interest Expense,-3.93,-1.528,-3.305,-4.822,-0.474,-4.538,-5.236,-3.544,-5.084,-0.166,-0.166,-0.2,-0.221,-0.094,-3.78,,-1.502,-2.278,-1.652,-0.256,-1.272,-1.406,-1.899,-4.02,-0.802,-0.187,-0.287,-2.045,-2.493,1.671,-6.907,-2.401,-1.143,-4.993,-0.091,-0.082,-0.084,-0.166,0,-0.099,-0.101,-0.125,-0.096,-0.094,0
Net Interest Income,-5.691,-0.012,-2.084,-4.242,6.076,-4.056,-5.035,-3.195,-4.218,2.038,0.792,0.603,0.036,0.394,-6,,-1.323,-4.674,-1.017,0.602,-0.614,-0.734,-1.35,-3.821,-0.421,6.03,0.046,-1.7,-2.356,1.78,-6.815,-2.183,-1.012,-4.9,0.682,1.397,0.641,0.278,0.514,0.384,0.219,0.048,-0.012,0.223,0.171
Other Income (Expense),4.07,-3.883,-8.523,0.216,-0.96,6.264,-54.511,-82.431,-208.207,0,11.136,0.01,0.012,0.336,-0.93,,-11.694,10.76,-6.69,5.163,-9.046,-8.523,0,0.207,0.009,-6.808,5.848,6.248,0.016,-54.511,0,-84.258,1.827,-202.846,-5.361,-7.143,7.143,6.596,4.54,-2.976,2.986,-2.326,2.338,0.336,0
Pretax Income,141.2,133.133,6.5,16.186,2.032,4.413,-94.024,-117.296,-370.908,44.597,22.774,16.682,13.585,-3.664,112.21,,63.972,48.237,92.963,88.547,44.586,2.498,4.002,14.055,2.131,-6.227,8.259,4.215,0.198,-79.309,-14.715,-70.252,-47.044,-382.26,11.352,20.026,24.571,14.159,8.615,14.444,2.238,13.676,-0.091,-3.032,-0.632
Tax Provision,-42.995,123.742,0,0,0,0,0,-53.142,51.62,-13.422,-6.984,-4.9,-2.935,0,-35.32,,-19.496,-15.825,-27.17,123.742,0,0,0,0,0,0,0,0,0,0,0,-53.142,0,57.847,-6.227,-6.028,-7.394,-4.387,-2.597,-4.233,-0.667,-2.935,0,0,0
Tax Rate %,30.45,-92.95,0,0,0,0,0,-45.31,13.92,30.1,30.67,29.37,21.6,0,31.48,,30.48,32.81,29.23,-139.75,0,0,0,0,0,0,0,0,0,0,0,-75.64,0,15.13,54.85,30.1,30.09,30.98,30.15,29.31,29.8,21.46,0,0,0
Net Income (Continuing Operations),98.205,256.875,6.5,16.186,2.032,4.413,-94.024,-170.438,-319.288,31.175,15.79,11.782,10.65,-3.664,76.89,,44.476,32.412,65.793,212.289,44.586,2.498,4.002,14.055,2.131,-6.227,8.259,4.215,0.198,-79.309,-14.715,-123.394,-47.044,-324.413,5.125,13.998,17.177,9.772,6.018,10.211,1.571,10.741,-0.091,-3.032,-0.632
Net Income (Discontinued Operations),0,0,0,0,0,0,0,0,0,0,0,0,0,0,0,,0,0,0,0,0,0,0,0,0,0,0,0,0,0,0,0,0,0,0,0,0,0,0,0,0,0,0,0,0
  Other Income (Minority Interest),0,0,0,0,0,0,0,0,0,0,0,0,0,0,0,,0,0,0,0,0.009,0,0,0,0,0,0,0,0,0,0,0,0,0,0,0,0,0,0,0,0,0,0,0,0
Net Income,98.205,256.875,6.5,16.186,2.032,4.413,-94.024,-170.438,-319.288,31.175,15.79,11.782,10.65,-3.664,76.89,,44.476,32.412,65.793,212.28,44.595,2.498,4.002,14.055,2.131,-6.227,8.259,4.215,0.198,-79.309,-14.715,-123.394,-47.044,-324.413,5.125,13.998,17.177,9.772,6.018,10.211,1.571,10.741,-0.091,-3.032,-0.632
Net Margin %,16.4142,45.5909,2.1558,6.3332,0.8932,2.1065,-50.5625,-55.0532,-147.9946,23.0349,17.548,17.0573,18.3403,-124.5835,13.04,,14.4591,11.4949,20.7992,69.6843,17.2312,1.3749,3.34,9.9814,1.8569,-5.1829,7.6938,4.0356,0.1885,-78.1562,-17.4181,-91.0697,-27.0222,-249.2838,5.9868,20.6637,25.4113,19.8432,14.7732,23.201,6.2685,29.4484,-0.4214,0,0
,,,,,,,,,,,,,,,,,,,,,,,,,,,,,,,,,,,,,,,,,,,,,
Preferred Dividends,0,0,0,0,0,0,0,0,0,0,0,0,0,0,0,,0,0,0,0,0,0,0,0,0,0,0,0,0,0,0,0,0,0,0,0,0,0,0,0,0,0,0,0,0
EPS (Basic),0.111,0.311,0.011,0.032,0.004,0.009,-0.187,-0.38,-1.044,0.153,0.088,0.069,0.069,-0.034,0.09,,0.05,0.037,0.075,0.257,0.054,0.003,0.008,0.028,0.004,-0.012,0.016,0.008,0,-0.158,-0.029,-0.267,-0.113,-1.067,0.023,0.059,0.094,0.055,0.033,0.059,0.01,0.07,-0.001,-0.03,-0.004
EPS (Diluted),0.111,0.308,0.011,0.032,0.004,0.009,-0.187,-0.38,-1.044,0.145,0.079,0.062,0.069,-0.034,0.09,,0.05,0.037,0.074,0.254,0.054,0.003,0.008,0.027,0.004,-0.012,0.016,0.008,0,-0.158,-0.029,-0.267,-0.113,-1.067,0.022,0.059,0.085,0.049,0.03,0.054,0.009,0.07,-0.001,-0.03,-0.004
Shares Outstanding (Diluted Average),887.929,834.823,585.586,512.215,503.708,507.241,503.234,448.415,305.747,214.409,199.621,189.421,154.348,107.814,893.092,,893.092,887.964,887.895,836.094,833.551,663.209,507.962,520.537,503.894,503.818,506.687,519.483,495,503.234,503.234,480.223,416.608,386.02,234.018,225.779,203.038,199.308,199.934,198.268,180.575,155.286,153.409,153.409,153.409
,,,,,,,,,,,,,,,,,,,,,,,,,,,,,,,,,,,,,,,,,,,,,
EBIT,145.13,134.661,9.805,21.008,2.506,8.951,-88.788,-113.752,-365.824,44.763,22.94,16.882,13.806,-3.57,115.99,,65.474,50.515,94.615,88.803,45.858,3.904,5.901,18.075,2.933,-6.04,8.546,6.26,2.691,-80.98,-7.808,-67.851,-45.901,-377.267,11.443,20.108,24.655,19.379,3.561,14.543,2.339,13.801,0.005,-2.767,-0.803
"Depreciation, Depletion and Amortization",46.552,32.467,11.657,10.894,10.051,9.323,38.409,47.855,47.473,14.427,11.136,7.556,0,0,68.08,,87.943,-19.864,66.416,-29.017,61.484,0,0,0,0,0,0,0,0,0,0,0,0,37.894,9.579,7.284,7.143,6.596,4.54,4.57,2.986,0,2.338,0,0.016
EBITDA,191.682,167.128,21.462,31.902,12.557,18.274,-50.379,-65.897,-318.351,59.19,34.076,24.438,13.806,-3.57,203.93,,153.417,50.515,161.031,88.803,107.342,3.904,5.901,18.075,2.933,-6.04,8.546,6.26,2.691,-80.98,-7.808,-67.851,-45.901,-339.373,21.022,27.392,31.798,25.975,8.101,19.113,5.325,13.801,2.343,-2.767,-0.787
EBITDA Margin %,32.0381,29.6623,7.1181,12.4825,5.5198,8.7228,-27.0919,-21.2854,-147.5603,43.7349,37.8698,35.38,23.7752,-121.3873,34.59,,49.8758,17.9151,50.907,29.151,41.4762,2.1487,4.9248,12.8363,2.5557,-5.0273,7.9612,5.9935,2.5616,-79.8029,-9.2423,-50.0768,-26.3656,-260.7793,24.557,40.4358,47.0412,52.7454,19.8866,43.4278,21.2473,37.8379,10.8497,0,0
,,,,,,,,,,,,,,,,,,,,,,,,,,,,,,,,,,,,,,,,,,,,,
Balance Sheet,,,,,,,,,,,,,,,,,,,,,,,,,,,,,,,,,,,,,,,,,,,,,
  Cash and Cash Equivalents,328.89,256.993,125.073,97.959,61.196,38.643,22.538,23.937,12.673,68.249,16.085,29.503,16.564,1.637,267.174,,267.174,328.89,310.478,256.993,179.44,125.073,96.471,97.959,56.161,61.196,35.845,38.643,26.869,22.538,14.766,23.937,8.089,12.673,20.692,68.249,93.358,16.085,21.478,29.503,23.628,16.564,3.93,1.637,15.984
  Marketable Securities,0,0,0,0,0,0,0,0,0,0,0,0,0,0,0,,0,0,0,0,0,0,0,0,0,0,0,0,0,0,0,0,0,0,0,0,0,0,0,0,0,0,0,0,0
"Cash, Cash Equivalents, Marketable Securities",328.89,256.993,125.073,97.959,61.196,38.643,22.538,23.937,12.673,68.249,16.085,29.503,16.564,1.637,267.174,,267.174,328.89,310.478,256.993,179.44,125.073,96.471,97.959,56.161,61.196,35.845,38.643,26.869,22.538,14.766,23.937,8.089,12.673,20.692,68.249,93.358,16.085,21.478,29.503,23.628,16.564,3.93,1.637,15.984
  Accounts Receivable,9.466,9.368,9.122,7.367,14.557,7.386,6.883,8.216,0,0,0,1.196,0,0.514,7.17,,7.17,9.466,9.38,9.368,6.025,9.122,6.305,7.367,12.112,14.557,9.801,7.386,8.21,6.883,5.087,8.216,8.274,0,6.447,0,1.304,0,1.038,1.196,0.853,0,1.224,0.514,0.101
  Notes Receivable,0,0,0,0,0,0,0,0,0,0,0,0,0,0,0,,0,0,0,0,0,0,0,0,0,0,0,0,0,0,0,0,0,0,0,0,0,0,0,0,0,0,0,0,0
  Loans Receivable,0,0,0,0,0,0,0,0,0,0,0,0,0,0,,,0,0,0,0,0,0,0,0,0,0,0,0,0,0,0,0,0,0,0,0,0,0,0,0,0,0,0,0,0
  Other Current Receivables,6.767,6.652,4.497,2.067,9.531,2.317,4.966,13.093,3.442,2.945,1.342,1.904,0.562,1.615,7.17,,7.17,6.767,9.38,6.652,6.025,4.497,6.305,2.067,12.112,9.531,9.801,2.317,8.21,4.966,5.087,13.093,8.274,3.442,6.447,2.945,1.304,1.342,1.038,1.904,0.853,0.562,1.224,1.615,0.101
Total Receivables,6.767,6.652,4.497,2.067,9.531,2.317,4.966,13.093,3.442,2.945,1.342,1.904,0.562,1.615,7.17,,7.17,6.767,9.38,6.652,6.025,4.497,6.305,2.067,12.112,9.531,9.801,2.317,8.21,4.966,5.087,13.093,8.274,3.442,6.447,2.945,1.304,1.342,1.038,1.904,0.853,0.562,1.224,1.615,0.101
"  Inventories, Raw Materials & Components",15.171,12.492,11.398,5.78,4.882,5.354,4.999,5.406,4.822,1.551,0.821,0.473,1.351,0.352,0,,0,15.171,0,12.492,0,11.398,0,5.78,0,4.882,0,5.354,0,4.999,0,5.406,0,4.822,0,1.551,0,0.821,0,0.473,0,1.351,0,0.352,0
"  Inventories, Work In Process",9.648,6.764,3.192,5.114,3.535,2.415,0,0,0,2.086,0,0,1.108,0,0,,0,9.648,0,6.764,0,3.192,0,5.114,0,3.535,0,2.415,0,0,0,0,0,0,0,2.086,0,0,0,0,0,1.108,0,0,0
"  Inventories, Inventories Adjustments",0,0,0,0,0,0,0,0,0,0,0,0,0,0,,,0,0,0,0,0,0,0,0,0,0,0,0,0,0,0,0,0,0,0,0,0,0,0,0,0,0,0,0,0
"  Inventories, Finished Goods",44.765,50.2,35.071,16.846,10.52,12.939,13.832,22.944,50.397,20.438,0,0,0,0,0,,0,44.765,0,50.2,0,35.071,0,16.846,0,10.52,0,12.939,0,13.832,0,22.944,0,50.397,0,20.438,0,0,0,0,0,0,0,0,0
"  Inventories, Other",0,0,0,0,0,0,0,0,0,0,13.977,7.329,0,3.904,75.019,,75.019,0,72.377,0,71.811,0,22.591,0,25.965,0,19.242,0,17.045,0,26.226,0,48.274,0,100.609,0,15.306,13.977,10.875,7.329,5.743,0,1.963,3.904,0.647
Total Inventories,69.584,69.456,49.661,27.74,18.937,20.708,18.831,28.35,55.219,24.075,14.798,7.802,2.459,4.256,75.019,,75.019,69.584,72.377,69.456,71.811,49.661,22.591,27.74,25.965,18.937,19.242,20.708,17.045,18.831,26.226,28.35,48.274,55.219,100.609,24.075,15.306,14.798,10.875,7.802,5.743,2.459,1.963,4.256,0.647
Other Current Assets,0.24,0.27,0.63,0.15,1.61,10.15,0.06,0.15,0.39,0.08,1.37,0.02,0.06,0.07,0.14,,0.14,0.24,14.36,0.27,0.1,0.63,0.09,0.15,0.06,1.61,0.11,10.15,0.09,0.06,11.12,0.15,0.05,0.39,0.17,0.08,0.03,1.37,0.12,0.02,0,0.06,0.17,0.07,0.2
Total Current Assets,405.476,333.375,179.861,127.916,91.276,71.815,46.397,65.534,71.728,95.347,33.597,39.231,19.649,7.577,349.508,,349.508,405.476,406.591,333.375,257.374,179.861,125.454,127.916,94.296,91.276,65,71.815,52.214,46.397,57.196,65.534,64.689,71.728,127.922,95.347,110,33.597,33.507,39.231,30.224,19.649,7.288,7.577,16.929
Investments And Advances,11.391,6.352,6.591,8.14,12.386,4.806,7.561,9.77,3.56,0,2.364,2.376,1.976,1.799,11.607,,11.607,11.391,13.765,6.352,5.211,6.591,6.646,8.14,11.655,12.386,10.013,4.806,6.161,7.561,4.452,9.77,5.513,3.56,6.706,0,0,2.364,0,2.376,0,1.976,0,1.799,0
    Land And Improvements,7.409,12.187,12.848,14.26,12.736,13.102,13.908,13.989,19.976,13.827,0.525,0.51,0.178,0.168,0,,0,7.409,0,12.187,0,12.848,0,14.26,0,12.736,0,13.102,0,13.908,0,13.989,0,19.976,0,13.827,0,0.525,0,0.51,0,0.178,0,0.168,0
    Buildings And Improvements,0,0,0,0,0,0,0,0,0,0,0,0,0,0,0,,0,0,0,0,0,0,0,0,0,0,0,0,0,0,0,0,0,0,0,0,0,0,0,0,0,0,0,0,0
"    Machinery, Furniture, Equipment",114.44,135.223,70.234,198.596,193.469,198.331,196.129,207.354,199.805,40.814,23.393,18.497,10.003,9.329,155.278,,155.278,114.44,152.126,135.223,98.324,70.234,37.567,198.596,37.326,193.469,54.317,198.331,54.853,196.129,63.047,207.354,89.665,199.805,298.002,40.814,21.382,23.393,15.332,18.497,13.893,10.003,8.555,9.329,3.815
    Construction In Progress,59.982,16.196,4.525,4.207,1.003,0.407,0.526,2.888,4.857,16.392,2.615,0.137,1.781,0.294,0,,0,59.982,0,16.196,0,4.525,0,4.207,0,1.003,0,0.407,0,0.526,0,2.888,0,4.857,0,16.392,0,2.615,0,0.137,0,1.781,0,0.294,0
    Other Gross PPE,268.16,268.855,217.6,83.474,102.949,127.454,147.04,237.108,272.694,120.691,75.857,42.092,28.741,22.794,260.927,,260.927,268.16,268.363,268.855,263.646,217.6,92.86,83.474,97.752,102.949,120.913,127.454,138.075,147.04,232.933,237.108,267.032,272.694,262.788,120.691,93.999,75.857,59.342,42.092,35.867,28.741,24.501,22.794,18.471
"  Gross Property, Plant and Equipment",449.991,432.461,305.207,300.537,310.157,339.294,357.603,461.339,497.332,191.724,102.39,61.236,40.703,32.585,416.205,,416.205,449.991,420.489,432.461,361.97,305.207,130.427,300.537,135.078,310.157,175.23,339.294,192.928,357.603,295.98,461.339,356.697,497.332,560.79,191.724,115.381,102.39,74.674,61.236,49.76,40.703,33.056,32.585,22.286
  Accumulated Depreciation,0,-32.467,-11.657,-183.583,-172.844,-164.726,-155.73,-159.874,-97.266,-15.711,-10.368,-5.645,-2.435,-0.308,0,,0,0,0,-32.467,0,-11.657,0,-183.583,0,-172.844,0,-164.726,0,-155.73,0,-159.874,0,-97.266,0,-15.711,0,-10.368,0,-5.645,0,-2.435,0,-0.308,0
"Property, Plant and Equipment",449.991,399.994,293.55,116.954,137.313,174.568,201.873,301.465,400.066,176.013,92.022,55.591,38.268,32.277,416.205,,416.205,449.991,420.489,399.994,361.97,293.55,130.427,116.954,135.078,137.313,175.23,174.568,192.928,201.873,295.98,301.465,356.697,400.066,560.79,176.013,115.381,92.022,74.674,55.591,49.76,38.268,33.056,32.277,22.286
Intangible Assets,90.695,90.695,90.695,0,0,0,0,0,0,0,0,0,0,0,90.695,,90.695,90.695,90.695,90.695,90.695,90.695,0,0,0,0,0,0,0,0,0,0,0,0,123.039,0,0,0,0,0,0,0,0,0,0
  Goodwill,90.7,90.7,90.7,0,0,0,0,0,0,0,0,0,0,0,0,,0,90.7,0,90.7,0,90.7,0,0,0,0,0,0,0,0,0,0,0,0,0,0,0,0,0,0,0,0,0,0,0
Other Long Term Assets,133.313,137.861,1.868,1.868,1.868,2.052,0,0,53.142,7.486,0,0,0,0,240.907,,240.907,133.313,115.251,137.861,1.868,1.868,1.868,1.868,1.868,1.868,1.868,2.052,1.938,0,0,0,53.142,53.142,3.3,7.486,2.677,0,2.464,0,2.376,0,1.899,0,-0.001
Total Long-Term Assets,685.39,634.902,392.704,126.962,151.567,181.426,209.434,311.235,456.768,183.499,94.386,57.967,40.244,34.076,759.414,,759.414,685.39,640.2,634.902,459.744,392.704,138.941,126.962,148.601,151.567,187.111,181.426,201.027,209.434,300.432,311.235,415.352,456.768,693.835,183.499,118.058,94.386,77.138,57.967,52.136,40.244,34.955,34.076,22.285
Total Assets,1090.866,968.277,572.565,254.878,242.843,253.241,255.831,376.769,528.496,278.846,127.983,97.198,59.893,41.653,1108.922,,1108.922,1090.866,1046.791,968.277,717.118,572.565,264.395,254.878,242.897,242.843,252.111,253.241,253.241,255.831,357.628,376.769,480.041,528.496,821.757,278.846,228.058,127.983,110.645,97.198,82.36,59.893,42.243,41.653,39.214
,,,,,,,,,,,,,,,,,,,,,,,,,,,,,,,,,,,,,,,,,,,,,
  Accounts Payable,54.605,48.846,39.053,26.426,29.354,26.949,21.828,31.924,44.959,36.389,15.491,10.186,7.427,5.434,63.559,,63.559,54.605,74.699,48.846,62.856,39.053,34.697,26.426,32.536,29.354,27.973,26.949,26.796,21.828,32.083,31.924,43.991,44.959,76.545,36.389,20.818,15.491,16.171,10.186,11.015,7.427,6.054,5.434,1.388
  Total Tax Payable,0,0,0,0,0,0,0,0,0,0,0,0,0,0,0,,0,0,0,0,0,0,0,0,0,0,0,0,0,0,0,0,0,0,0,0,0,0,0,0,0,0,0,0,0
  Other Current Payables,19.226,21.884,14.597,3.607,3.602,3.965,3.344,13.131,17.896,0.536,1.722,1.255,1.383,0.251,,,0,19.226,0,21.884,0,14.597,0,3.607,0,3.602,0,3.965,0,3.344,0,13.131,0,17.896,0,0.536,0,1.722,0,1.255,0,1.383,0,0.251,0
  Current Accrued Expense,0,0,0,0,0,0,0,0,0,0,0,0,0,0,,,0,0,0,0,0,0,0,0,0,0,0,0,0,0,0,0,0,0,0,0,0,0,0,0,0,0,0,0,0
Accounts Payable & Accrued Expense,73.831,70.73,53.65,30.033,32.956,30.914,25.172,45.055,62.855,36.925,17.213,11.441,8.81,5.685,63.559,,63.559,73.831,74.699,70.73,62.856,53.65,34.697,30.033,32.536,32.956,27.973,30.914,26.796,25.172,32.083,45.055,43.991,62.855,76.545,36.925,20.818,17.213,16.171,11.441,11.015,8.81,6.054,5.685,1.388
  Short-Term Debt,0,0,0,0,2.125,3.937,10.32,3.207,52.021,0.04,0.352,0.345,0.338,0.265,27.202,,27.202,0,25.949,0,11.342,0,0,0,0.068,2.125,4.235,3.937,7.174,10.32,9.942,3.207,12.506,52.021,0.772,0.04,0.182,0.352,0.353,0.345,0.345,0.338,0.265,0.265,0
  Short-Term Capital Lease Obligation,30.294,22.457,0.284,0,0,0,0,0,1.214,0.898,0,0,0,0,0,,0,30.294,0,22.457,0,0.284,0,0,0,0,0,0,0,0,0,0,0,1.214,0,0.898,0,0,0,0,0,0,0,0,0
Short-Term Debt & Capital Lease Obligation,30.294,22.457,0.284,0,2.125,3.937,10.32,3.207,53.235,0.938,0.352,0.345,0.338,0.265,27.202,,27.202,30.294,25.949,22.457,11.342,0.284,0,0,0.068,2.125,4.235,3.937,7.174,10.32,9.942,3.207,12.506,53.235,0.772,0.938,0.182,0.352,0.353,0.345,0.345,0.338,0.265,0.265,0
  Current Deferred Revenue,0,0,0,0,0,0,0,0,0,0,0,0,0,0,0,,0,0,0,0,0,0,0,0,0,0,0,0,0,0,0,0,0,0,0,0,0,0,0,0,0,0,0,0,0
  Current Deferred Taxes Liabilities,0,0,0,0,0,0,0,0,0,3.098,0,0,0,0,0,,0,0,0,0,0,0,0,0,0,0,0,0,0,0,0,0,0,0,4.457,3.098,2.544,0,0,0,0,0,0,0,0
Deferred Tax And Revenue,0,0,0,0,0,0,0,0,0,3.098,0,0,0,0,0,,0,0,0,0,0,0,0,0,0,0,0,0,0,0,0,0,0,0,4.457,3.098,2.544,0,0,0,0,0,0,0,0
Other Current Liabilities,6.553,5.857,3.722,2.013,1.874,7.911,2.399,1.884,2.497,0.708,0.573,0.339,0.229,0.121,7.95,,7.95,6.553,12.669,5.857,6.154,3.722,2.322,2.013,3.54,1.874,3.55,7.911,4.021,2.399,6.543,1.884,2.287,2.497,4.705,0.708,0.653,0.573,0.526,0.339,0.278,0.229,0.173,0.121,0.044
Total Current Liabilities,110.678,99.044,57.656,32.046,36.955,42.762,37.891,50.146,118.587,41.669,18.138,12.125,9.377,6.071,98.711,,98.711,110.678,113.317,99.044,80.352,57.656,37.019,32.046,36.144,36.955,35.758,42.762,37.991,37.891,48.568,50.146,58.784,118.587,86.479,41.669,24.197,18.138,17.05,12.125,11.638,9.377,6.492,6.071,1.432
  Long-Term Debt,0,0,0,0,0,2.125,6.062,9.615,0.001,0.022,0.054,0.338,0.37,0.508,26.625,,26.625,0,34.058,0,14.493,0,0,0,0,0,0.075,2.125,4.144,6.062,11.318,9.615,20.066,0.001,10.595,0.022,0.04,0.054,0.177,0.338,0.511,0.37,0.375,0.508,0
  Long-Term Capital Lease Obligation,39.731,30.783,0.431,0,0,0,0,0,9.618,10.799,0,0,0,0,0,,0,39.731,0,30.783,0,0.431,0,0,0,0,0,0,0,0,0,0,0,9.618,0,10.799,0,0,0,0,0,0,0,0,0
Long-Term Debt & Capital Lease Obligation,39.731,30.783,0.431,0,0,2.125,6.062,9.615,9.619,10.821,0.054,0.338,0.37,0.508,26.625,,26.625,39.731,34.058,30.783,14.493,0.431,0,0,0,0,0.075,2.125,4.144,6.062,11.318,9.615,20.066,9.619,10.595,10.821,0.04,0.054,0.177,0.338,0.511,0.37,0.375,0.508,0
Debt-to-Equity,0.078,0.067,0.002,0,0.011,0.032,0.09,0.046,0.174,0.061,0.004,0.009,0.016,0.023,0.057,,0.057,0.078,0.07,0.067,0.044,0.002,0,0,0,0.011,0.022,0.032,0.062,0.09,0.081,0.046,0.09,0.174,0.017,0.061,0.001,0.004,0.006,0.009,0.013,0.016,0.019,0.023,0
Pension And Retirement Benefit,0,0,0,0,0,0,0,0,0,0,0,0,0,0,0,,0,0,0,0,0,0,0,0,0,0,0,0,0,0,0,0,0,0,0,0,0,0,0,0,0,0,0,0,0
NonCurrent Deferred Liabilities,0,0,0,0,0,0,0,0,0,24.594,13.834,6.85,2.273,0,0,,0,0,0,0,0,0,0,0,0,0,0,0,0,0,0,0,0,0,28.505,24.594,18.079,13.834,9.447,6.85,2.595,2.273,0,0,0
Other Long-Term Liabilities,44.679,42.823,40.26,16.45,16.122,21.01,29.272,40.667,39.629,7.799,4.584,2.34,2.303,1.104,41.699,,41.699,44.679,37.036,42.823,39.697,40.26,16.684,16.45,14.631,16.122,20.454,21.01,28.187,29.272,35.962,40.667,39.512,39.629,11.104,7.799,4.646,4.584,2.37,2.34,2.382,2.303,1.177,1.104,1.032
Total Long-Term Liabilities,84.41,73.606,40.691,16.45,16.122,23.135,35.334,50.282,49.248,43.214,18.472,9.528,4.946,1.612,68.324,,68.324,84.41,71.094,73.606,54.19,40.691,16.684,16.45,14.631,16.122,20.529,23.135,32.331,35.334,47.28,50.282,59.578,49.248,50.204,43.214,22.765,18.472,11.994,9.528,5.488,4.946,1.552,1.612,1.032
Total Liabilities,195.088,172.65,98.347,48.496,53.077,65.897,73.225,100.428,167.835,84.883,36.61,21.653,14.323,7.683,167.035,,167.035,195.088,184.411,172.65,134.542,98.347,53.703,48.496,50.775,53.077,56.287,65.897,70.322,73.225,95.848,100.428,118.362,167.835,136.683,84.883,46.962,36.61,29.044,21.653,17.126,14.323,8.044,7.683,2.464
,,,,,,,,,,,,,,,,,,,,,,,,,,,,,,,,,,,,,,,,,,,,,
Common Stock,1023.106,1023.106,960.075,699.564,699.564,699.564,699.564,699.564,613.662,127.676,56.261,56.224,38.033,37.373,1023.106,,1023.106,1023.106,1023.106,1023.106,1021.413,960.075,699.564,699.564,699.564,699.564,699.564,699.564,699.564,699.564,699.564,699.564,661.66,613.662,143.823,127.676,128.807,56.261,56.262,56.224,56.124,38.033,37.373,37.373,37.373
Preferred Stock,0,0,0,0,0,0,0,0,0,0,0,0,0,0,0,,0,0,0,0,0,0,0,0,0,0,0,0,0,0,0,0,0,0,0,0,0,0,0,0,0,0,0,0,0
Retained Earnings,-133.252,-231.457,-488.332,-494.832,-511.018,-513.05,-517.463,-423.439,-253.001,66.274,34.962,19.139,6.908,-3.742,-88.776,,-88.776,-133.252,-165.664,-231.457,-443.737,-488.332,-490.83,-494.832,-508.887,-511.018,-504.791,-513.05,-517.265,-517.463,-438.154,-423.439,-300.046,-253.001,71.412,66.274,52.276,34.962,25.189,19.139,8.947,6.908,-3.833,-3.742,-0.71
Accumulated other comprehensive income (loss),5.924,3.978,2.475,1.65,1.22,0.83,0.505,0.216,0,0.013,0.15,0.182,0.629,0.339,7.557,,7.557,5.924,4.938,3.978,3.2,2.475,1.958,1.65,1.445,1.22,1.051,0.83,0.62,0.505,0.37,0.216,0.065,0,469.839,0.013,0.013,0.15,0.15,0.182,0.163,0.629,0.659,0.339,0.088
Additional Paid-In Capital,0,0,0,0,0,0,0,0,0,0,0,0,0,0,0,,0,0,0,0,0,0,0,0,0,0,0,0,0,0,0,0,0,0,0,0,0,0,0,0,0,0,0,0,0
Treasury Stock,0,0,0,0,0,0,0,0,0,0,0,0,0,0,0,,0,0,0,0,0,0,0,0,0,0,0,0,0,0,0,0,0,0,0,0,0,0,0,0,0,0,0,0,0
Other Stockholders Equity,0,0,0,0,0,0,0,0,0,0,0,0,0,0,0,,0,0,0,0,0,0,0,0,0,0,0,0,0,0,0,0,0,0,0,0,0,0,0,0,0,0,0,0,0
Total Stockholders Equity,895.778,795.627,474.218,206.382,189.766,187.344,182.606,276.341,360.661,193.963,91.373,75.545,45.57,33.97,941.887,,941.887,895.778,862.38,795.627,580.876,474.218,210.692,206.382,192.122,189.766,195.824,187.344,182.919,182.606,261.78,276.341,361.679,360.661,685.074,193.963,181.096,91.373,81.601,75.545,65.234,45.57,34.199,33.97,36.751
Minority Interest,0,0,0,0,0,0,0,0,0,0,0,0,0,0,0,,0,0,0,0,1.7,0,0,0,0,0,0,0,0,0,0,0,0,0,0,0,0,0,0,0,0,0,0,0,0
Total Equity,895.778,795.627,474.218,206.382,189.766,187.344,182.606,276.341,360.661,193.963,91.373,75.545,45.57,33.97,941.887,,941.887,895.778,862.38,795.627,582.576,474.218,210.692,206.382,192.122,189.766,195.824,187.344,182.919,182.606,261.78,276.341,361.679,360.661,685.074,193.963,181.096,91.373,81.601,75.545,65.234,45.57,34.199,33.97,36.751
Equity-to-Asset,0.821,0.822,0.828,0.81,0.781,0.74,0.714,0.733,0.682,0.696,0.714,0.777,0.761,0.816,0.849,,0.849,0.821,0.824,0.822,0.81,0.828,0.797,0.81,0.791,0.781,0.777,0.74,0.722,0.714,0.732,0.733,0.753,0.682,0.834,0.696,0.794,0.714,0.738,0.777,0.792,0.761,0.81,0.816,0.937
,,,,,,,,,,,,,,,,,,,,,,,,,,,,,,,,,,,,,,,,,,,,,
Cashflow Statement,,,,,,,,,,,,,,,,,,,,,,,,,,,,,,,,,,,,,,,,,,,,,
  Receipts from Customers,589.65,560.64,302.148,262.95,220.319,205.837,189.249,301.47,218.171,135.338,91.178,67.877,58.583,2.427,583.03,,306.931,276.102,313.548,303.364,257.276,186.277,115.871,151.077,111.873,121.251,99.068,104.844,100.993,100.018,89.231,132.414,169.056,132.566,85.605,67.742,67.596,49.246,41.932,42.82,25.057,36.597,21.986,0,0
  Receipts from Government Grants,0,0,0,0,0,0,0,0,0,0,0,0,0,0,0,,0,0,0,0,0,0,0,0,0,0,0,0,0,0,0,0,0,0,0,0,0,0,0,0,0,0,0,0,0
  Other Cash Receipts from Operating Activities,0,0,0,0,0,0,-3.207,0,0,0,0,0,0,0,0,,0,0,0,0,0,0,0,0,0,0,0,0,0,-3.207,0,0,0,0,0,0,0,0,0,0,0,0,0,0,0
Cash Receipts From Operating Activities,589.65,560.64,302.148,262.95,220.319,205.837,186.042,301.47,218.171,135.338,91.178,67.877,58.583,2.427,583.03,,306.931,276.102,313.548,303.364,257.276,186.277,115.871,151.077,111.873,121.251,99.068,104.844,100.993,96.811,89.231,132.414,169.056,132.566,85.605,67.742,67.596,49.246,41.932,42.82,25.057,36.597,21.986,0,0
  Payments to Suppliers for Goods and Services,-320.809,-308.333,-230.318,-182.147,-156.324,-150.845,-156.553,-275.824,-162.222,-72.469,-57.832,-48.05,-33.905,-6.199,-354.62,,-186.829,-167.787,-153.022,-149.701,-158.632,-144.119,-86.199,-100.421,-81.726,-80.73,-75.594,-72.013,-78.832,-77.423,-79.13,-124.213,-151.611,-113.357,-48.865,-38.226,-34.243,-30.32,-27.512,-26.711,-21.339,-17.473,-16.432,-5.938,-0.261
  Payments on Behalf of Employees,0,0,0,0,0,0,0,0,0,0,0,0,0,0,0,,0,0,0,0,0,0,0,0,0,0,0,0,0,0,0,0,0,0,0,0,0,0,0,0,0,0,0,0,0
  Other Cash Payments from Operating Activities,0,0,0,0,0,0,0,0,0,0,0,0,0,0,0,,0,0,0,0,0,0,0,0,0,0,0,0,0,0,0,0,0,0,0,0,0,0,0,0,0,0,0,0,0
Cash Payments,-320.809,-308.333,-230.318,-182.147,-156.324,-150.845,-156.553,-275.824,-162.222,-72.469,-57.832,-48.05,-33.905,-6.199,-354.62,,-186.829,-167.787,-153.022,-149.701,-158.632,-144.119,-86.199,-100.421,-81.726,-80.73,-75.594,-72.013,-78.832,-77.423,-79.13,-124.213,-151.611,-113.357,-48.865,-38.226,-34.243,-30.32,-27.512,-26.711,-21.339,-17.473,-16.432,-5.938,-0.261
Dividends Paid,0,0,0,0,0,0,0,0,0,0,0,0,0,0,0,,0,0,0,0,0,0,0,0,0,0,0,0,0,0,0,0,0,0,0,0,0,0,0,0,0,0,0,0,0
Dividends Received,0,0,0,0,0,0,0,0,0,0,0,0,0,0,0,,0,0,0,0,0,0,0,0,0,0,0,0,0,0,0,0,0,0,0,0,0,0,0,0,0,0,0,0,0
Interest Paid,0,0,0,0,0,0,0,0,0,0,0,0,0,0,0,,0,0,0,0,0,0,0,0,0,0,0,0,0,0,0,0,0,0,0,0,0,0,0,0,0,0,0,0,0
Interest Received,0,0,0,0,0,0,0,0,0,0,0,0,0,0,0,,0,0,0,0,0,0,0,0,0,0,0,0,0,0,0,0,0,0,0,0,0,0,0,0,0,0,0,0,0
Taxes Refund Paid,0,0,0,0,0,0,0,-1.178,-2.05,0,0,0,0,0,0,,0,0,0,0,0,0,0,0,0,0,0,0,0,0,0,0,0,-1.093,-0.957,0,0,0,0,0,0,0,0,0,0
Cash Flow from Others,0,0,0,0,0,0,0,0,0,0,0,0,0,0,0,,0,0,0,0,0,0,0,0,0,0,0,0,0,0,0,-1.178,0,0,0,0,0,0,0,0,0,0,0,2.427,0
Cash Flow from Operations,268.841,252.307,71.83,80.803,63.995,54.992,29.489,24.468,53.899,62.869,33.346,19.827,24.678,-3.772,228.42,,120.102,108.315,160.526,153.663,98.644,42.158,29.672,50.656,30.147,40.521,23.474,32.831,22.161,19.388,10.101,7.023,17.445,18.116,35.783,29.516,33.353,18.926,14.42,16.109,3.718,19.124,5.554,-3.511,-0.261
,,,,,,,,,,,,,,,,,,,,,,,,,,,,,,,,,,,,,,,,,,,,,
"Purchase Of Property, Plant, Equipment",-60.123,-24.877,-8.084,-10.009,-6.315,-2.562,-7.041,-8.276,-101.287,-33.772,-7.752,-7.701,-1.8,-9.902,-39.24,,-5.528,-33.71,-26.413,-16.624,-8.253,-2.727,-5.357,-5.529,-4.48,-0.083,-6.232,-1.319,-1.243,-1.007,-6.034,-2.769,-5.507,-43.297,-57.99,-25.538,-8.234,-3.581,-4.171,-1.626,-6.075,-1.686,-0.114,-6.443,-3.459
"Sale Of Property, Plant, Equipment",0,0,0.047,0.03,11.928,3.388,1.5,0.015,0,0.588,0.357,0.403,0,0.41,0,,0,0,0.347,0,0,0,0,-1.479,1.509,5.917,6.011,3.372,0.016,0,0,0,0,0,0,-1.252,1.84,0,0,-0.022,0.425,0,0,0,0
Purchase Of Business,0,0,0,0,0,0,0,0,6.111,0,0,0,0,0,0,,0,0,0,0,0.09,0,0,0,0,0,0,0,0,0,0,0,0,-1.088,7.199,0,0,0,0,0,0,0,0,0,0
Sale Of Business,8.098,0.032,13.333,0,0,0,0,0,0,0,0,0,0,0,0,,0,0,0,0,0,0,0,0,0,0,0,0,0,0,0,0,0,0,0,0,0,0,0,0,0,0,0,0,0
Purchase Of Investment,-1.493,-0.503,-2.906,-0.498,0,0,0,0,-2.09,0,0,0,0,0,5.11,,-1.718,6.83,-8.323,0,-0.503,-2.747,-0.159,0,0,0,0,0,0,0,0,0,0,-0.421,-1.669,0,0,0,0,0,0,0,0,0,0
Sale Of Investment,0,0.668,1.314,1.5,0,0,0,0.135,0,0,0,0,0,0,0,,0,0,0,0,0.668,0,0,0,0,0,0,0,0,0,0,0,0,0,0,0,0,0,0,0,0,0,0,0,0
Net Intangibles Purchase And Sale,0,0,0,0,0,0,0,0,7.486,-3.873,0.012,-0.4,-0.176,-1.799,0,,0,0,0,0,0,0,0,0,0,0,0,0,0,0,0,0,0,0,7.486,-3.56,-0.313,0,0,0,-0.4,-0.076,-0.1,0,0
Cash From Discontinued Investing Activities,0,0,0,0,0,0,0,0,0,0,0,0,0,0,0,,0,0,0,0,0,0,0,0,0,0,0,0,0,0,0,0,0,0,0,0,0,0,0,0,0,0,0,0,0
Cash From Other Investing Activities,-106.375,-81.232,-48.384,-32.86,-42.644,-35.093,-32.356,-35.178,-66.576,-44.19,-39.1,-16.991,-7.663,-13.081,-196.5,,-155.79,-40.706,-57.918,-50.159,-31.131,-8.055,-25.635,-1.775,-30.083,-18.912,-23.732,-20.851,-14.242,-13.309,-17.547,-16.236,-18.792,-28.096,-38.48,-23.144,-21.046,-20.594,-18.137,-8.516,-8.475,-4.749,-2.914,-5.167,-9.303
Cash Flow from Investing,-159.893,-105.912,-44.68,-41.837,-37.031,-34.267,-37.897,-43.304,-156.356,-81.247,-46.483,-24.689,-9.639,-24.372,-230.62,,-163.036,-67.586,-92.307,-66.783,-39.129,-13.529,-31.151,-8.783,-33.054,-13.078,-23.953,-18.798,-15.469,-14.316,-23.581,-19.005,-24.299,-72.902,-83.454,-53.494,-27.753,-24.175,-22.308,-10.164,-14.525,-6.511,-3.128,-11.61,-12.762
,,,,,,,,,,,,,,,,,,,,,,,,,,,,,,,,,,,,,,,,,,,,,
Issuance of Stock,0,0,0,0,0,0,0,85.902,1.034,76.238,0.038,19.018,0,30.11,0,,0,0,0,0,0,0,0,0,0,0,0,0,0,0,0,37.904,47.998,0,1.034,4.297,71.941,0,0.038,0.122,18.896,0,0,0,30.11
Repurchase of Stock,0,0,0,0,0,0,0,0,0,-4.386,0,-1.15,0,-1.943,0,,0,0,0,0,0,0,0,0,0,0,0,0,0,0,0,0,0,0,0,-4.386,0,0,0,0,-1.15,0,0,0,-1.943
Net Issuance of Preferred Stock,0,0,0,0,0,0,0,0,0,0,0,0,0,0,0,,0,0,0,0,0,0,0,0,0,0,0,0,0,0,0,0,0,0,0,0,0,0,0,0,0,0,0,0,0
  Issuance of Debt,0,0,0,0,0,0,0,0,55,0.023,0.082,0.815,0.22,0.795,0,,0,0,0,0,0,0,0,0,0,0,0,0,0,0,10,0,0,55,0,0.001,0.022,0.059,0.023,0,0.815,0.22,0,0,0
  Payments of Debt,0,0,0,0,0,0,-3.12,-53.726,-3.865,-1.292,-0.359,-0.84,-0.285,-0.022,0,,0,0,0,0,0,0,0,0,0,0,0,0,0,-10,-3.12,-9.153,-44.573,-3.473,-0.392,-1.086,-0.206,-0.181,-0.178,-0.172,-0.668,-0.152,-0.133,0,0
Net Issuance of Debt,0,0,0,0,0,0,-3.12,-53.726,51.135,-1.269,-0.277,-0.025,-0.065,0.773,0,,0,0,0,0,0,0,0,0,0,0,0,0,0,-10,6.88,-9.153,-44.573,51.527,-0.392,-1.085,-0.184,-0.122,-0.155,-0.172,0.147,0.068,-0.133,0,0
Cash Flow for Dividends,0,0,0,0,0,0,0,0,0,0,0,0,0,0,0,,0,0,0,0,0,0,0,0,0,0,0,0,0,0,0,0,0,0,0,0,0,0,0,0,0,0,0,0,0
Other Financing,0,0,0,0,0,0,10.129,-2.076,-5.288,-0.041,-0.042,-0.042,-0.047,0,0,,0,0,0,0,0,0,0,0,0,0,0,0,0,12.7,-2.571,-0.921,-1.155,-4.76,-0.528,0.043,-0.084,-0.022,-0.02,-0.02,-0.022,-0.047,0,0,0
Cash Flow from Financing,-37.051,-14.475,-0.036,-2.203,-4.411,-4.62,7.009,30.1,46.881,70.542,-0.281,17.801,-0.112,28.94,-41.1,,-18.782,-22.317,-14.734,-9.327,-5.148,-0.027,-0.009,-0.075,-2.128,-2.092,-2.319,-2.259,-2.361,2.7,4.309,27.83,2.27,46.767,0.114,-1.131,71.673,-0.144,-0.137,-0.07,17.871,0.021,-0.133,0.773,28.167
,,,,,,,,,,,,,,,,,,,,,,,,,,,,,,,,,,,,,,,,,,,,,
Beginning Cash Position,256.993,125.073,97.959,61.196,38.643,22.538,23.937,12.673,68.249,16.085,29.503,16.564,1.637,0.841,310.47,,328.89,310.478,256.993,179.44,125.073,96.471,97.959,56.161,61.196,35.845,38.643,26.869,22.538,14.766,23.937,8.089,12.673,20.692,68.249,93.358,16.085,21.478,29.503,23.628,16.564,3.93,1.637,15.985,0.84
  Effect of Exchange Rate Changes,0,0,0,0,0,0,0,0,0,0,0,0,0,0,0,,0,0,0,0,0,0,0,0,0,0,0,0,0,0,0,0,0,0,0,0,0,0,0,0,0,0,0,0,0
Net Change in Cash,71.897,131.92,27.114,36.763,22.553,16.105,-1.399,11.264,-55.576,52.164,-13.418,12.939,14.927,0.796,-43.3,,-61.716,18.412,53.485,77.553,54.367,28.602,-1.488,41.798,-5.035,25.351,-2.798,11.774,4.331,7.772,-9.171,15.848,-4.584,-8.019,-47.557,-25.109,77.273,-5.393,-8.025,5.875,7.064,12.634,2.293,-14.348,15.144
Ending Cash Position,328.89,256.993,125.073,97.959,61.196,38.643,22.538,23.937,12.673,68.249,16.085,29.503,16.564,1.637,267.174,,267.174,328.89,310.478,256.993,179.44,125.073,96.471,97.959,56.161,61.196,35.845,38.643,26.869,22.538,14.766,23.937,8.089,12.673,20.692,68.249,93.358,16.085,21.478,29.503,23.628,16.564,3.93,1.637,15.984
,,,,,,,,,,,,,,,,,,,,,,,,,,,,,,,,,,,,,,,,,,,,,
Capital Expenditure,-167.474,-107.625,-57.689,-43.449,-49.621,-38.137,-39.598,-43.803,-168.729,-85.289,-47.81,-25.896,-9.896,-25.27,-142.15,,-59.644,-82.508,-84.966,-67.583,-40.042,-26.148,-31.541,-8.505,-34.944,-19.324,-30.297,-22.515,-15.622,-15.925,-23.673,-19.373,-24.43,-71.486,-97.243,-54.971,-30.318,-25.022,-22.788,-10.626,-15.27,-6.684,-3.212,-12.318,-12.952
Free Cash Flow,101.367,144.682,14.141,37.354,14.374,16.855,-10.109,-19.335,-114.83,-22.42,-14.464,-6.069,14.782,-29.042,86.27,,60.458,25.807,75.56,86.08,58.602,16.01,-1.869,42.151,-4.797,21.197,-6.823,10.316,6.539,3.463,-13.572,-12.35,-6.985,-53.37,-61.46,-25.455,3.035,-6.096,-8.368,5.483,-11.552,12.44,2.342,-15.829,-13.213
,,,,,,,,,,,,,,,,,,,,,,,,,,,,,,,,,,,,,,,,,,,,,
Valuation Ratios,,,,,,,,,,,,,,,,,,,,,,,,,,,,,,,,,,,,,,,,,,,,,
PE Ratio,14.95,6.92,114.55,18.75,117.5,57.78,0,0,0,19.38,25.32,28.39,10,0,18.68,,0,14.95,9999,6.92,9999,114.55,9999,18.75,9999,117.5,9999,57.78,9999,0,9999,0,9999,0,9999,19.38,9999,25.32,9999,28.39,9999,10,9999,9999,9999
PE Ratio without NRI,14.95,6.92,114.55,18.75,117.5,57.78,0,0,0,19.38,25.32,28.39,10,0,18.68,,0,14.95,9999,6.92,9999,114.55,9999,18.75,9999,117.5,9999,57.78,9999,0,9999,0,9999,0,9999,19.38,9999,25.32,9999,28.39,9999,10,9999,9999,9999
Price-to-Owner-Earnings,18.86,7.17,0,0,0,0,0,0,0,24.43,0,0,0,0,18.47,,0,18.86,0,7.17,0,0,0,0,0,0,0,0,0,0,0,0,0,0,0,24.43,0,0,0,0,0,0,0,0,0
PB Ratio,1.63,2.36,2.17,1.47,1.25,1.4,0.39,0.93,0.63,3.19,3.92,4.16,2.32,1.4,1.53,,1.67,1.63,1.83,2.36,2.03,2.17,1.35,1.47,1,1.25,1.65,1.4,0.5,0.39,0.38,0.93,0.65,0.63,1.11,3.19,3.66,3.92,5.2,4.16,2.9,2.32,1.17,1.4,1.59
Price-to-Tangible-Book,1.82,2.66,2.69,1.47,1.25,1.4,0.39,0.93,0.63,3.19,3.92,4.16,2.32,1.4,1.53,,1.85,1.82,2.04,2.66,2.4,2.69,1.35,1.47,1,1.25,1.65,1.4,0.5,0.39,0.38,0.93,0.65,0.63,1.35,3.19,3.66,3.92,5.2,4.16,2.9,2.32,1.17,1.4,1.59
Price-to-Free-Cash-Flow,14.56,12.31,52.5,8.22,16.21,15.76,0,0,0,0,0,0,7.19,0,16.75,,0,14.56,0,12.31,0,52.5,0,8.22,0,16.21,0,15.76,0,0,0,0,0,0,0,0,0,0,0,0,0,7.19,0,0,0
Price-to-Operating-Cash-Flow,5.48,7.05,10.24,3.8,3.7,4.81,2.37,9.27,3.41,9.59,11.98,16.76,4.31,0,6.35,,0,5.48,0,7.05,0,10.24,0,3.8,0,3.7,0,4.81,0,2.37,0,9.27,0,3.41,0,9.59,0,11.98,0,16.76,0,4.31,0,0,0
PS Ratio,2.46,3.16,2.45,1.2,1.04,1.26,0.38,0.74,0.85,4.45,4.43,4.82,1.84,11.48,2.45,,0,2.46,0,3.16,0,2.45,0,1.2,0,1.04,0,1.26,0,0.38,0,0.74,0,0.85,0,4.45,0,4.43,0,4.82,0,1.84,0,11.48,0
PEG Ratio,0.29,0,0,0,0,0,0,0,0,0,0,0,0,0,0.36,,0,0.29,0,0,0,0,0,0,0,0,0,0,0,0,0,0,0,0,0,0,0,0,0,0,0,0,0,0,0
EV-to-Revenue,2.01,2.96,3.01,0.8,0.78,1.09,0.35,0.79,1.29,4.16,3.8,4.14,1.55,15.88,2.2,,0,2.01,0,2.96,0,3.01,0,0.8,0,0.78,0,1.09,0,0.35,0,0.79,0,1.29,0,4.16,0,3.8,0,4.14,0,1.55,0,15.88,0
EV-to-EBITDA,6.28,9.99,42.24,6.41,14.15,12.55,-1.28,-3.73,-0.87,9.5,10.04,11.69,6.52,-13.08,6.37,,0,6.28,0,9.99,0,42.24,0,6.41,0,14.15,0,12.55,0,-1.28,0,-3.73,0,-0.87,0,9.5,0,10.04,0,11.69,0,6.52,0,-13.08,0
EV-to-EBIT,8.3,12.4,92.46,9.73,70.9,25.62,-0.72,-2.16,-0.76,12.57,14.91,16.93,6.52,-13.08,11.19,,0,8.3,0,12.4,0,92.46,0,9.73,0,70.9,0,25.62,0,-0.72,0,-2.16,0,-0.76,0,12.57,0,14.91,0,16.93,0,6.52,0,-13.08,0
Earnings Yield (Joel Greenblatt) %,12.05,8.06,1.08,10.28,1.41,3.9,-138.89,-46.3,-131.58,7.96,6.71,5.91,15.34,-7.65,8.94,,0,12.05,0,8.06,0,1.08,0,10.28,0,1.41,0,3.9,0,-138.89,0,-46.3,0,-131.58,0,7.96,0,6.71,0,5.91,0,15.34,0,-7.65,0
Forward Rate of Return (Yacktman) %,24.48,0,0,0,0,0,0,-24.31,-16.13,-2.63,-2.7,0,0,0,24.57,,0,24.48,0,0,0,0,0,0,0,0,0,0,0,0,0,-24.31,0,-16.13,0,-2.63,0,-2.7,0,0,0,0,0,0,0
Shiller PE Ratio,0,0,0,0,0,0,0,0,0,0,0,0,0,0,0,,0,0,0,0,0,0,0,0,0,0,0,0,0,0,0,0,0,0,0,0,0,0,0,0,0,0,0,0,0
Dividend Yield %,0,0,0,0,0,0,0,0,0,0,0,0,0,0,0,,0,0,0,0,0,0,0,0,0,0,0,0,0,0,0,0,0,0,0,0,0,0,0,0,0,0,0,0,0
,,,,,,,,,,,,,,,,,,,,,,,,,,,,,,,,,,,,,,,,,,,,,
Valuation and Quality,,,,,,,,,,,,,,,,,,,,,,,,,,,,,,,,,,,,,,,,,,,,,
Market Cap,1463.415,1874.068,1030.897,302.369,236.743,261.928,70.453,256.649,227.429,618.942,357.766,314.614,105.852,47.557,1511.525,,1571.701,1463.415,1578.02,1874.068,1176.809,1030.897,284.459,302.369,191.48,236.743,322.373,261.928,90.582,70.453,100.647,256.649,236.301,227.429,760.082,618.942,662.995,357.766,423.952,314.614,189.116,105.852,39.886,47.557,58.296
Enterprise Value ($M),1204.55,1670.315,906.539,204.409,177.672,229.347,64.297,245.534,277.61,562.452,342.087,285.794,89.996,46.693,1298.178,,1358.354,1204.55,1327.549,1670.315,1024.904,906.539,187.988,204.409,135.387,177.672,290.838,229.347,75.031,64.297,107.141,245.534,260.784,277.61,750.757,562.452,569.859,342.087,403.004,285.794,166.344,89.996,36.596,46.693,42.312
Month End Stock Price,1.66,2.13,1.26,0.6,0.47,0.52,0.14,0.51,0.6,2.81,2,1.76,0.69,0.31,1.465,,1.775,1.66,1.79,2.13,1.34,1.26,0.56,0.6,0.38,0.47,0.64,0.52,0.18,0.14,0.2,0.51,0.54,0.6,3.32,2.81,3.01,2,2.37,1.76,1.06,0.69,0.26,0.31,0.38
Net Cash per Share,0.15,0.1,0.03,0.1,0.02,-0.05,-0.1,-0.15,-0.41,-0.08,-0.11,0.04,0.01,-0.04,0.11,,0.11,0.15,0.14,0.1,0.05,0.03,0.08,0.1,0.01,0.02,-0.04,-0.05,-0.09,-0.1,-0.16,-0.15,-0.25,-0.41,-0.51,-0.08,0.21,-0.11,-0.04,0.04,0.04,0.01,-0.03,-0.04,0.09
Net Current Asset Value,0.24,0.18,0.1,0.16,0.08,0.01,-0.05,-0.07,-0.25,0.05,-0.02,0.1,0.03,0,0.21,,0.21,0.24,0.25,0.18,0.14,0.1,0.14,0.16,0.09,0.08,0.02,0.01,-0.04,-0.05,-0.08,-0.07,-0.12,-0.25,-0.04,0.05,0.29,-0.02,0.02,0.1,0.07,0.03,0,0,0.09
Net-Net Working Capital,0.2,0.14,0.07,0.14,0.06,-0.02,-0.07,-0.11,-0.34,-0.02,-0.07,0.07,0.02,-0.02,0.16,,0.16,0.2,0.19,0.14,0.1,0.07,0.12,0.14,0.05,0.06,-0.01,-0.02,-0.06,-0.07,-0.13,-0.11,-0.18,-0.34,-0.27,-0.02,0.25,-0.07,-0.01,0.07,0.06,0.02,-0.01,-0.02,0.09
Intrinsic Value: Projected FCF,1.41,1.08,0.5,0.06,-0.1,-0.16,-0.2,-0.41,-0.45,0.3,0,0,0,0,0,,0,1.41,0,1.08,0,0.5,0,0.06,0,-0.1,0,-0.16,0,-0.2,0,-0.41,0,-0.45,0,0.3,0,0,0,0,0,0,0,0,0
Median PS Value,0.91,0.91,0.69,0.8,0,0,0,0,0,0,0,0,0,0,0.91,,0,0.91,0,0.91,0,0.69,0,0.8,0,0,0,0,0,0,0,0,0,0,0,0,0,0,0,0,0,0,0,0,0
Peter Lynch Fair Value,2.78,0,0,0,0,0,0,0,0,0,0,0,0,0,2.78,,0,2.78,0,0,0,0,0,0,0,0,0,0,0,0,0,0,0,0,0,0,0,0,0,0,0,0,0,0,0
Graham Number,1.51,2.36,0.34,0.54,0.18,0.27,0,0,0,1.7,0.95,0.77,0.68,0,1.37,,1.37,1.51,2.54,2.36,0.84,0.34,0.57,0.54,0,0.18,0.46,0.27,0,0,0,0,0,0,2.12,1.69,1.57,0.95,0.93,0.77,0.8,0.68,0,0,0
Earnings Power Value (EPV),0.16,0.09,-0.31,-0.77,-1.66,-1.18,-1.07,-0.68,-0.67,-1.1,-1.31,0,0,0,0,,0,0.16,0,0.09,0,-0.31,0,-0.77,0,-1.66,0,-1.18,0,-1.07,0,-0.68,0,-0.67,0,-1.1,0,-1.31,0,0,0,0,0,0,0
Altman Z-Score,5.64,7.51,5.93,2.75,0.97,0.63,-2.63,-0.17,-1.84,5.95,7.69,10.61,6.53,3.42,5.79,,0,5.64,0,7.51,0,5.93,0,2.75,0,0.97,0,0.63,0,-2.63,0,-0.17,0,-1.84,0,5.95,0,7.69,0,10.61,0,6.53,0,3.42,0
Piotroski F-Score,5,5,5,8,7,7,5,5,3,7,4,6,9999,9999,5,,0,5,0,5,0,5,0,8,0,7,0,7,0,5,0,5,0,3,0,7,0,4,0,6,0,9999,0,9999,0
Beneish M-Score,-3.26,-1.92,-1.28,-4.59,-0.28,-3.29,-4.9,-0.57,-2.81,-2.25,-3.19,-1.25,0,0,-3.26,,0,-3.26,0,-1.92,0,-1.28,0,-4.59,0,-0.28,0,-3.29,0,-4.9,0,-0.57,0,-2.81,0,-2.25,0,-3.19,0,-1.25,0,0,0,0,0
Scaled Net Operating Assets,0.658,1.034,1.373,0.446,0.516,0.605,0.468,0.502,1.473,1.074,0.779,0.78,0.713,0.795,0.668,,0.668,0.608,0.632,0.825,0.749,1.323,0.448,0.446,0.56,0.518,0.649,0.611,0.654,0.493,0.712,0.553,0.731,0.5,2.423,0.603,0.687,0.684,0.624,0.567,0.709,0.703,0.742,0.844,0.53
Sloan Ratio %,-0.98,11.41,-3.61,-8.94,-10.27,-6.44,-33.47,-40.24,-41.03,17.77,22.6,17.12,-7.33,58.77,7.13,,7.13,-0.98,11.75,11.41,-5.72,-3.61,-8.45,-8.94,-11.79,-10.27,-0.43,-6.44,-35.88,-33.47,-31.5,-40.24,-64.54,-41.03,11.05,17.77,11.66,22.6,16.42,17.12,12.76,-7.33,22.66,58.77,
Current Ratio,3.66,3.37,3.12,3.99,2.47,1.68,1.22,1.31,0.6,2.29,1.85,3.24,2.1,1.25,3.54,,3.54,3.66,3.59,3.37,3.2,3.12,3.39,3.99,2.61,2.47,1.82,1.68,1.37,1.22,1.18,1.31,1.1,0.6,1.48,2.29,4.55,1.85,1.97,3.24,2.6,2.1,1.12,1.25,11.82
Quick Ratio,3.03,2.66,2.26,3.13,1.96,1.2,0.73,0.74,0.14,1.71,1.04,2.59,1.83,0.55,2.78,,2.78,3.03,2.95,2.66,2.31,2.26,2.78,3.13,1.89,1.96,1.28,1.2,0.93,0.73,0.64,0.74,0.28,0.14,0.32,1.71,3.91,1.04,1.33,2.59,2.1,1.83,0.82,0.55,11.37
Cash Ratio,2.97,2.59,2.17,3.06,1.66,0.9,0.59,0.48,0.11,1.64,0.89,2.43,1.77,0.27,2.71,,2.71,2.97,2.74,2.59,2.23,2.17,2.61,3.06,1.55,1.66,1,0.9,0.71,0.59,0.3,0.48,0.14,0.11,0.24,1.64,3.86,0.89,1.26,2.43,2.03,1.77,0.61,0.27,11.16
Interest Coverage,36.34,89.68,5.18,4.19,0,0.49,0,0,0,256.38,65.34,80.34,61.25,0,31.52,,51.26,18.5,60.94,323.37,42.65,8.36,2.82,4.4,3.17,0,8.24,0,1.02,0,0,6.74,0,0,176.16,314.29,199.85,43.89,9999,172.08,0,127.63,0,0,10000
Highest Stock Price,2.66,2.3,1.26,0.64,0.79,0.55,0.6,1.03,3.96,3.87,2.58,1.99,0.79,0.44,2.245,,1.885,2.04,2.66,2.3,1.51,1.26,0.64,0.64,0.47,0.79,0.71,0.55,0.28,0.32,0.6,0.75,1.03,3.45,3.96,3.83,3.87,2.42,2.58,1.99,1.32,0.79,0.3,0.44,0.43
Lowest Stock Price,1.34,0.9,0.47,0.32,0.45,0.13,0.14,0.33,0.56,1.94,1.61,0.56,0.13,0,1.265,,1.27,1.34,1.685,1.045,0.9,0.52,0.47,0.35,0.32,0.45,0.45,0.18,0.13,0.14,0.16,0.33,0.37,0.56,2.54,2.18,1.94,1.61,1.72,0.85,0.56,0.2,0.13,0.28,0
Shares Buyback Ratio %,-0.2,-7.54,-62.35,-0.05,0,-0.09,0,-32.76,-72.09,-23.13,-0.07,-16.52,0,,-0.441244214,,-0.44,0,-0.2,-0.19,-7.34,-61.07,-0.8,-0.01,-0.04,0,0,-0.09,0,0,0,-15,-15.45,-65.57,-3.94,0,-23.13,0,-0.07,-0.19,-16.3,0,0,0,
Buyback Yield %,0,0,0,0,0,0,0,-33.47,-0.45,-11.61,-0.01,-5.68,0,-59.23,0,,0,0,0,0,0,0,0,0,0,0,0,0,0,0,0,-29.54,-40.62,0,-0.27,0.03,-21.7,0,-0.02,-0.08,-18.77,0,0,0,-96.64
YoY Rev. per Sh. Growth,-0.16,31.08,3.19,10.48,9.35,11.77,-46.48,-2.16,11.79,40.03,23.61,-3.07,1279.19,0,-8.33,,-3.32,-12.85,14.74,32.99,31.62,1.27,3.57,13.44,7.5,18.61,-0.17,-0.29,26.42,-28.53,-59.83,-16.31,14.24,12.36,9.88,21.43,63.4,11.31,46.8,-5.49,-1.4,0,0,0,0
YoY EPS Growth,-64.06,2672.07,-64.87,690,-54.02,104.66,50.86,63.6,-818.23,83.82,27.17,-9.86,302.94,0,-72.73,,-32.79,-85.64,38.5,7603.03,585.9,-87.96,85.71,320.97,-74.23,-249.4,0,105.27,101.37,41.02,74.14,74.96,-615.53,-1902.36,-74.11,20.82,181.06,-8.41,245.98,-23.13,1550,332,85,0,0
YoY EBITDA Growth (%),7.83,446.23,-41.15,149.84,-30.8,135.99,31.88,85.89,-477.17,61.72,32.31,44.24,370.13,0,-20.69,,-5.28,-46.44,40.83,1704.32,1008.52,-83.05,99.58,389.64,-65.49,-199.49,210.25,107.49,135.04,-13.89,85.92,83.93,-222.65,-824.65,-42.64,-6.91,286.52,35.19,37.4,8.47,93.08,592.74,397.71,0,0
5-Year EBITDA Growth Rate (Per Share),52.11,0,0,0,0,0,0,0,0,0,0,0,0,0,52.1,,0,52.11,0,0,0,0,0,0,0,0,0,0,0,0,0,0,0,0,0,0,0,0,0,0,0,0,0,0,0
Shares Outstanding (Basic Average),881.286,826.102,580.837,503.827,503.708,503.234,503.234,448.415,305.747,203.908,178.839,171.363,153.409,107.814,884.215,,884.215,881.809,880.763,826.371,825.833,653.711,507.962,503.76,503.894,503.818,503.598,511.468,495,503.234,503.234,480.223,416.608,386.02,225.474,224.497,183.319,178.882,178.795,178.543,164.183,153.409,153.409,153.409,153.409
Shares Outstanding (EOP),881.575,879.844,818.172,503.948,503.708,503.708,503.234,503.234,379.049,220.264,178.883,178.758,153.409,153.409,930.17,,885.465,881.575,881.575,879.844,878.216,818.172,507.962,503.948,503.894,503.708,503.708,503.708,503.234,503.234,503.234,503.234,437.595,379.049,228.94,220.264,220.264,178.883,178.883,178.758,178.411,153.409,153.409,153.409,153.409
Beta,0.89,1.35,1.77,0.2,0.22,0.04,0.35,0.62,0.61,1.03,0.48,0.78,0,0,1.11,,0.87,0.89,0.93,1.35,1.06,1.77,-0.22,0.2,0.38,0.22,-0.07,0.04,0.35,0.35,0.42,0.62,1.03,0.61,0.98,1.03,0.51,0.48,0.72,0.78,0.76,0,0,0,0
Restated Filing Date,08/18/21,10/19/20,10/21/19,10/22/18,10/16/17,10/14/16,10/19/15,10/17/14,10/14/13,10/23/12,10/13/11,08/27/10,10/12/09,10/15/08,02/21/22,,02/21/22,08/18/21,02/24/21,10/19/20,02/24/20,10/21/19,02/27/19,10/22/18,02/21/18,10/16/17,02/21/17,10/14/16,02/24/16,10/19/15,02/27/15,10/17/14,02/27/14,10/14/13,02/28/13,10/23/12,02/28/12,10/13/11,02/28/11,08/27/10,02/23/10,10/12/09,03/11/09,10/15/08,03/13/08
Filing Date,08/18/21,10/19/20,10/21/19,10/22/18,10/16/17,10/14/16,10/19/15,10/17/14,10/14/13,10/23/12,10/13/11,08/27/10,10/12/09,10/15/08,02/21/22,,02/21/22,08/18/21,02/24/21,10/19/20,02/24/20,10/21/19,02/27/19,10/22/18,02/21/18,10/16/17,02/21/17,10/14/16,02/24/16,10/19/15,02/27/15,10/17/14,02/27/14,10/14/13,02/28/13,10/23/12,02/28/12,10/13/11,02/28/11,08/27/10,02/23/10,10/12/09,03/11/09,10/15/08,03/13/08
Earnings Release Date,,,,,,,,,,,,,,,,,,,,,,,,,,,,,,,,,,,,,,,,,,,,,
Number of Shareholders,0,0,0,0,0,0,0,0,0,0,0,0,0,0,0,,0,0,0,0,0,0,0,0,0,0,0,0,0,0,0,0,0,0,0,0,0,0,0,0,0,0,0,0,0
Number of Employees,191,191,191,191,152,159,144,169,258,94,61,54,43,32,191,,191,191,191,191,191,191,191,191,152,152,159,159,144,144,169,169,258,258,94,94,61,61,54,54,43,43,32,32,0
,,,,,,,,,,,,,,,,,,,,,,,,,,,,,,,,,,,,,,,,,,,,,
Forex Rate,1,1,1,1,1,1,1,1,1,1,1,1,1,1,,,1,1,1,1,1,1,1,1,1,1,1,1,1,1,1,1,1,1,1,1,1,1,1,1,1,1,1,1,1
,,,,,,,,,,,,,,,,,,,,,,,,,,,,,,,,,,,,,,,,,,,,,
