0,1,2,3,4,5,6,7,8,9,10,11,12,13,14,15,16,17,18,19,20,21,22,23,24,25,26,27,28,29,30,31,32,33,34,35,36,37,38,39,40,41,42,43,44,45,46,47
Downloaded from http://www.GuruFocus.com on Mon Jun 20 2022 17:31:12 GMT+0700 (GMT+07:00),,,,,,,,,,,,,,,,,,,,,,,,,,,,,,,,,,,,,,,,,,,,,,,
GuruFocus_NYSE:OR_Financial_2022-6-20 at 17:31.csv,,,,,,,,,,,,,,,,,,,,,,,,,,,,,,,,,,,,,,,,,,,,,,,
,,,,,,,,,,,,,,,,,,,,,,,,,,,,,,,,,,,,,,,,,,,,,,,
NYSE:OR,"Osisko Gold Royalties Ltd, Canada, Basic Materials, Metals & Mining, Gold",,,,,,,,,,,,,,,,,,,,,,,,,,,,,,,,,,,,,,,,,,,,,,
Key Statistics: ,,,,,,,,,,,,,,,,,,,,,,,,,,,,,,,,,,,,,,,,,,,,,,,
Price,11.14,,,,,,,,,,,,,,,,,,,,,,,,,,,,,,,,,,,,,,,,,,,,,,
Market Cap (Million),2072.108,,,,,,,,,,,,,,,,,,,,,,,,,,,,,,,,,,,,,,,,,,,,,,
Shares Outstanding (Million),184.88,,,,,,,,,,,,,,,,,,,,,,,,,,,,,,,,,,,,,,,,,,,,,,
PE Ratio,0,,,,,,,,,,,,,,,,,,,,,,,,,,,,,,,,,,,,,,,,,,,,,,
PB Ratio,1.41,,,,,,,,,,,,,,,,,,,,,,,,,,,,,,,,,,,,,,,,,,,,,,
PS Ratio,11.2,,,,,,,,,,,,,,,,,,,,,,,,,,,,,,,,,,,,,,,,,,,,,,
,,,,,,,,,,,,,,,,,,,,,,,,,,,,,,,,,,,,,,,,,,,,,,,
Growth Rate: ,,,,,,,,,,,,,,,,,,,,,,,,,,,,,,,,,,,,,,,,,,,,,,,
Annual Rates (per share),10 Years,5 Years,12 Months,,,,,,,,,,,,,,,,,,,,,,,,,,,,,,,,,,,,,,,,,,,,
Revenue Growth (%),0,9.4,-6.2,,,,,,,,,,,,,,,,,,,,,,,,,,,,,,,,,,,,,,,,,,,,
EBITDA  Growth (%),0,0,-82.7,,,,,,,,,,,,,,,,,,,,,,,,,,,,,,,,,,,,,,,,,,,,
Free Cash Flow Growth (%),0,0,0,,,,,,,,,,,,,,,,,,,,,,,,,,,,,,,,,,,,,,,,,,,,
Book Value Growth (%),0,-3.9,1.8,,,,,,,,,,,,,,,,,,,,,,,,,,,,,,,,,,,,,,,,,,,,
,,,,,,,,,,,,,,,,,,,,,,,,,,,,,,,,,,,,,,,,,,,,,,,
30 Year Financials of NYSE:OR - Osisko Gold Royalties Ltd,,,,,,,,,,,,,,,,,,,,,,,,,,,,,,,,,,,,,,,,,,,,,,,
,,,,,,,,,,,,,,,,,,,,,,,,,,,,,,,,,,,,,,,,,,,,,,,
"All Numbers are in Millions except per share data, ratios, and percentage data; All shares outstanding data and per share data are split adjusted",,,,,,,,,,,,,,,,,,,,,,,,,,,,,,,,,,,,,,,,,,,,,,,
,,,,,,,,,,,,,,,,,,,,,,,,,,,,,,,,,,,,,,,,,,,,,,,
Annual Data:,,,,,,,,,,,,Quarterly Data:,,,,,,,,,,,,,,,,,,,,,,,,,,,,,,,,,,,
Fiscal Period:,2021-12,2020-12,2019-12,2018-12,2017-12,2016-12,2015-12,2014-12,2013-12,TTM/current,,2022-03,2021-12,2021-09,2021-06,2021-03,2020-12,2020-09,2020-06,2020-03,2019-12,2019-09,2019-06,2019-03,2018-12,2018-09,2018-06,2018-03,2017-12,2017-09,2017-06,2017-03,2016-12,2016-09,2016-06,2016-03,2015-12,2015-09,2015-06,2015-03,2014-12,2014-09,2014-06,2014-03,2013-12,2013-09,2013-06
Per Share Data,,,,,,,,,,,,,,,,,,,,,,,,,,,,,,,,,,,,,,,,,,,,,,,
Revenue per Share,1.048,1.027,1.971,2.331,1.305,0.448,0.372,0.324,0,1.03,,0.28,0.237,0.235,0.279,0.321,0.31,0.253,0.182,0.243,0.258,0.571,0.639,0.486,0.549,0.548,0.672,0.616,0.544,0.394,0.129,0.12,0.096,0.126,0.115,0.119,0.099,0.093,0.087,0.118,0.136,0.181,0,0,0,0,0
EBITDA per Share,0.153,0.481,-1.018,-0.294,-0.18,0.476,0.312,0.024,-0.56,0.11,,0.1,-0.06,0.081,-0.017,0.151,0.155,0.15,0.136,0.02,-0.791,-0.212,0.057,-0.084,-0.64,0.132,0.104,0.118,-0.369,0.099,0.124,0.07,0.098,0.187,0.171,0.021,0.056,0.107,0.046,0.131,-0.012,0.15,-0.051,-0.066,-0.433,-0.032,-0.046
EBIT per Share,-0.089,0.256,-1.26,-0.545,-0.352,0.393,0.306,0.023,-0.56,-0.15,,0.029,-0.129,0.021,-0.074,0.093,0.089,0.105,0.096,-0.045,-0.852,-0.271,-0.002,-0.145,-0.702,0.068,0.039,0.053,-0.432,0.051,0.098,0.047,0.078,0.168,0.15,-0.002,0.052,0.107,0.046,0.131,-0.012,0.15,-0.051,-0.066,-0.433,-0.032,-0.046
Earnings per Share (Diluted),-0.109,0.078,-1.177,-0.499,-0.258,0.3,0.233,31.564,-8.93,-0.17,,0.002,-0.102,0.008,-0.074,0.048,0.016,0.06,0.059,-0.064,-0.782,-0.242,-0.03,-0.127,-0.536,0.031,0.002,0.008,-0.407,0.041,0.075,0.03,0.06,0.13,0.116,0,0.029,0.075,0.032,0.111,-0.65,0.109,33.878,0.456,0.206,0.197,-9.974
EPS without NRI,-0.109,0.078,-1.177,-0.499,-0.258,0.3,0.233,-0.043,-8.93,-0.17,,0.002,-0.102,0.008,-0.074,0.048,0.016,0.06,0.059,-0.064,-0.782,-0.242,-0.03,-0.127,-0.536,0.031,0.002,0.008,-0.407,0.041,0.075,0.03,0.06,0.13,0.116,0,0.029,0.075,0.032,0.111,-0.045,0.109,-0.046,-0.072,0.206,0.197,-9.974
Owner Earnings per Share (TTM),-0.58,-0.11,-1.56,-0.74,0,0,0,0,0,-0.5,,-0.52,-0.58,-0.32,-0.22,-0.03,-0.11,-0.98,-1.27,-1.35,-1.56,-1.46,-1.03,-0.96,-0.74,-0.38,-0.4,-0.34,0,0,0,0,0,0,0,0,0,0,0,0,0,0,0,0,0,0,0
Free Cash Flow per Share,-0.793,-0.144,0.037,-0.281,-0.193,-0.014,-0.029,2.338,4.619,-0.72,,0.006,-0.235,-0.186,-0.302,-0.088,-0.124,0.034,-0.058,0.007,0.026,-0.08,0.104,-0.016,-0.141,-0.065,-0.144,0.065,-0.01,-0.001,0.011,-0.217,0.055,0.102,-0.03,-0.16,-0.139,0.06,0.046,0.016,0.073,0.115,0.442,1.737,1.011,1.41,1.132
Operating Cash Flow per Share,0.494,0.519,0.46,0.39,0.298,0.382,0.237,2.341,4.721,0.51,,0.111,0.06,0.193,0.151,0.102,0.157,0.164,0.069,0.11,0.087,0.148,0.104,0.119,0.088,0.101,0.096,0.114,0.107,0.006,0.099,0.084,0.09,0.107,0.115,0.066,0.065,0.1,0.055,0.017,0.073,0.115,0.442,1.737,1.011,1.426,1.132
Cash per Share,0.543,1.429,0.622,0.882,1.656,3.529,1.995,2.939,3.167,1.933,,1.933,0.543,0.721,1.263,1.54,1.429,0.826,0.994,0.821,0.622,0.784,0.525,0.586,0.882,0.673,0.925,1.649,1.656,0.572,2.468,0,3.529,2.811,3.093,3.124,1.995,2.445,2.8,3.048,2.939,2.972,3.021,0,3.167,0,0
Dividends per Share,0.164,0.156,0.152,0.149,0.141,0.12,0.095,0.026,0,0.17,,0.043,0.043,0.043,0.041,0.04,0.039,0.038,0.037,0.036,0.038,0.038,0.038,0.037,0.037,0.038,0.038,0.039,0.039,0.041,0.03,0.03,0.03,0.031,0.031,0.03,0.029,0.023,0.024,0.024,0.026,0,0,0,0,0,0
Book Value per Share,7.67,8.072,7.202,8.482,9.402,8.535,7.216,4.416,33.968,8.143,,8.143,7.67,7.839,8.173,8.054,8.072,7.42,7.148,6.824,7.202,7.9,8.082,8.327,8.482,9.164,9.187,9.297,9.402,10.011,8.573,0,8.535,8.58,8.452,8.007,7.216,7.644,8.122,8.033,4.416,3.625,3.619,0,33.968,0,0
Tangible Book per Share,7.148,7.553,6.666,7.95,8.85,4.269,2.893,4.389,33.968,7.668,,7.668,7.148,7.312,7.629,7.525,7.553,6.917,6.653,6.316,6.666,7.317,7.496,7.791,7.95,8.618,8.645,0.866,8.85,0.874,3.962,0,4.269,4.259,4.04,3.892,2.893,3.37,3.62,3.56,4.389,3.625,3.619,0,33.968,0,0
Total Debt per Share,2.012,1.923,1.683,1.689,2.304,0.322,0,0,6.219,1.82,,1.82,2.012,2.019,2.071,1.965,1.923,1.953,1.922,1.982,1.683,1.877,1.772,1.611,1.689,2.059,2.044,2.314,2.304,1.005,0.326,0,0.322,0.326,0.33,0.321,0,0,0,0,0,0,0,0,6.219,0,0
Month End Stock Price,12.25,12.68,9.71,8.78,11.56,9.72,9.84,14.09,0,11.14,,13.19,12.25,11.23,13.7,11.02,12.68,11.83,10,7.44,9.71,9.3,10.44,11.24,8.78,7.59,9.47,9.67,11.56,12.91,12.22,11.1,9.72,10.94,13.04,10.68,9.84,10.46,12.58,13.16,14.09,13.11,15.12,0,0,0,0
,,,,,,,,,,,,,,,,,,,,,,,,,,,,,,,,,,,,,,,,,,,,,,,
Ratios,,,,,,,,,,,,,,,,,,,,,,,,,,,,,,,,,,,,,,,,,,,,,,,
ROE %,-1.401,1.061,-14.502,-5.609,-2.782,3.968,4.604,156.401,-26.29,-1.8,,0.074,-5.129,0.424,-3.556,2.491,1.118,3.124,3.419,-3.464,-41.497,-12.103,-1.611,-6.085,-24.64,1.171,0.108,0.487,-13.194,1.763,3.631,1.34,2.855,5.973,5.577,-0.024,1.918,4.002,1.707,6.686,-3.766,12.213,3505.398,5.365,2.423,,
ROE % Adjusted to Book Value,-0.88,0.68,-10.76,-5.42,-2.26,3.48,3.38,49.02,,-1.4,,0.05,-3.21,0.3,-2.12,1.82,0.71,1.96,2.44,-3.18,-30.78,-10.28,-1.25,-4.51,-23.81,1.41,0.1,0.47,-10.73,1.37,2.55,,2.51,4.68,3.61,-0.02,1.41,2.92,1.1,4.08,-1.18,3.38,839.03,,,,
ROA %,-0.9884,0.7866,-11.3206,-4.3252,-2.1952,3.4124,4.0998,124.9345,-20.4817,-1.36,,0.0498,-3.5415,0.2937,-2.4707,1.7639,0.8185,2.3401,2.5548,-2.6111,-31.9536,-9.2218,-1.2499,-4.844,-19.1736,0.8968,0.0818,0.3659,-10.4421,1.4748,3.0707,1.147,2.4451,5.1167,4.7783,-0.0204,1.6654,3.4948,1.4905,5.9737,-3.6982,12.109,3476.786,4.1799,1.888,,
Return-on-Tangible-Equity,-1.5005,1.1396,-15.563,-5.9709,-3.5961,8.6703,8.3778,156.5169,-26.2903,-2.12,,0.079,-5.5012,0.4544,-3.8074,2.6636,1.1971,3.3539,3.683,-3.7431,-44.8201,-13.0577,-1.7286,-6.498,-26.2433,1.2449,0.2096,0.9328,-26.285,7.8257,7.8569,2.6787,5.7291,12.2573,11.5717,-0.0528,4.5498,9.0265,3.8411,11.6844,-3.7794,12.2133,3505.3978,5.3654,2.4235,,
Return-on-Tangible-Asset,-1.0368,0.8289,-11.957,-4.5373,-2.6723,6.3957,6.8456,125.0087,-20.4817,-1.42,,0.052,-3.7151,0.3079,-2.5895,1.849,0.8601,2.4668,2.6996,-2.7664,-33.8883,-9.7661,-1.3197,-5.1022,-20.1304,0.9394,0.1294,0.5713,-17.2355,4.1935,5.6334,2.0048,4.2876,9.1251,8.5929,-0.0388,3.3473,6.7995,2.8938,9.6688,-3.7107,12.109,3476.786,4.1799,1.888,,
ROC (Joel Greenblatt) %,-3.27,11.73,-104.62,-113.2,-58.15,56.58,76.04,0.12,-1.51,-5.22,,3.88,-17.28,2.82,-10.55,14.19,14.77,20.76,21.4,-9.65,-280.65,-221.1,-1.64,-128.3,-347.21,32.58,31.31,41.97,-328.06,35.26,54.65,26.57,43.95,93.05,84.41,-1.24,27.31,55.21,23.79,103.25,-155.09,1346.62,-462.58,-0.7,-4.66,,
ROCE %,-0.888,2.565,-12.285,-4.752,-3.007,4.516,5.41,0.099,-1.383,-1.42,,1.147,-5.076,0.748,-2.613,3.347,3.427,4.494,4.357,-1.969,-35.173,-10.704,-0.074,-5.544,-25.071,2.284,1.307,1.73,-14.264,1.958,3.954,1.898,3.172,6.831,6.327,-0.102,2.44,4.801,2.034,6.954,-1.191,16.542,-5.307,-0.647,-4.275,0,0
ROIC %,4.43,2.1,2.36,1.52,0.79,2.48,2.79,-0.39,-0.41,3.42,,34.56,1.78,12.86,5.63,3.33,1.22,3.49,2.18,2.39,2.78,2.56,2.85,1.54,1.34,1.44,0.48,1.34,0.7,0.21,1.8,1.91,1.98,3.12,1.59,0.44,1.31,2.29,1.71,2.17,18.97,50.99,-25.09,-0.42,-0.33,0,0
WACC %,5.93,4.22,1.3,1.38,5.09,7.78,7.46,0,0,5.82,,6.44,5.93,4.43,4.56,4.44,4.22,4.66,4.13,2.75,1.3,1.7,2.66,3.55,1.38,8.05,5.93,5.87,5.09,4.58,5.02,0,7.78,7.18,7.22,7.31,7.46,7.3,7.6,7.25,0,0,0,0,0,0,0
Effective Interest Rate on Debt %,5.85,6.96,6.78,6.18,3.3,7.5,,0.01,0,5.85,,6,5.86,5.8,5.7,6.01,5.97,6.05,6.23,6.83,7,6.74,6.93,6.71,6.83,6.12,5.6,5.66,5.8,5.5,8.51,8.26,7.98,8.41,8.6,5.26,,,,,,,,0,0,,
,,,,,,,,,,,,,,,,,,,,,,,,,,,,,,,,,,,,,,,,,,,,,,,
Gross Margin %,61.75,48.83,21.07,13.57,27.91,81.76,98.71,0,0,64.6,,60.96,68.6,67.54,62.39,51.7,50.77,55.3,46.91,41.1,46.88,19.09,14.96,18.11,13.67,14.16,11.8,14.9,14.37,22.94,78.51,80.02,79.21,85.29,81.32,80.64,95.41,0,0,0,0,0,0,0,0,0,0
Operating Margin %,35.2731,31.8321,13.4269,8.9079,8.7071,41.5623,36.7676,14.7855,0,29.02,,11.4128,20.137,42.3044,42.9392,34.9192,29.8993,41.1205,28.5465,26.9138,27.4357,13.6119,10.0831,10.4978,8.6616,9.8915,6.9316,10.428,5.0643,1.3582,31.9081,36.395,41.0825,54.9687,28.0268,40.5934,29.943,52.7124,40.4664,23.8431,13.8275,61.6028,0,0,0,0,0
Net Margin %,-10.4742,7.8996,-59.6525,-21.5276,-19.9333,67.1905,63.3029,9739.6123,0,-15.59,,0.5488,-41.8053,3.5875,-25.7817,15.7748,7.1747,22.464,32.0133,-25.317,-304.0739,-42.0415,-4.9747,-26.3576,-98.7385,4.9005,0.3708,1.839,-58.7374,9.8681,60.1503,23.8001,63.3161,101.0643,99.6517,-0.3845,36.0159,84.2033,38.9344,96.6234,-28.6803,60.9445,0,0,0,0,0
EBITDA Margin %,14.5858,46.8928,-51.6499,-12.6307,-13.7612,106.1346,83.8842,7.2938,0,10.26,,35.7302,-25.1455,34.6857,-5.9288,47.1901,50.1239,59.3031,74.6626,8.2692,-306.9172,-37.0998,8.9563,-17.2865,-116.5194,24.1544,15.5182,19.1635,-67.7222,25.191,96.1545,58.5192,102.1446,149.0609,149.1008,17.8393,57.0994,115.029,53.1518,111.4372,-9.1088,82.6246,0,0,0,0,0
FCF Margin %,-75.6582,-14.0018,1.9009,-12.039,-14.7925,-3.049,-7.9181,721.5088,,-69.57,,2.1651,-99.1317,-79.1806,-108.3167,-27.315,-40.1038,13.5333,-31.9103,2.7488,10.076,-13.9351,16.2227,-3.1958,-25.7307,-11.8377,-21.3911,10.6143,-1.8074,-0.2493,8.5462,-180.7719,56.6781,80.905,-26.3994,-134.0895,-140.4964,64.7561,52.8591,13.2054,54.0615,63.6088,,,,,
,,,,,,,,,,,,,,,,,,,,,,,,,,,,,,,,,,,,,,,,,,,,,,,
Debt-to-Equity,0.262,0.238,0.234,0.199,0.245,0.038,0,0,0.183,0.224,,0.224,0.262,0.258,0.253,0.244,0.238,0.263,0.269,0.29,0.234,0.238,0.219,0.193,0.199,0.225,0.223,0.249,0.245,0.1,0.038,9999,0.038,0.038,0.039,0.04,0,0,0,0,0,0,0,9999,0.183,9999,9999
Equity-to-Asset,0.69,0.721,0.767,0.793,0.753,0.856,0.865,0.975,0.779,0.659,,0.659,0.69,0.691,0.694,0.696,0.721,0.745,0.754,0.74,0.767,0.773,0.751,0.799,0.793,0.765,0.766,0.751,0.753,0.832,0.846,0,0.856,0.857,0.856,0.857,0.865,0.871,0.875,0.871,0.975,0.991,0.992,0,0.779,0,0
Debt-to-Asset,0.181,0.172,0.179,0.158,0.185,0.032,0,0,0,0.147,,0.147,0.181,0.178,0.176,0.17,0.172,0.196,0.203,0.215,0.179,0.184,0.165,0.155,0.158,0.172,0.171,0.187,0.185,0.083,0.032,0,0.032,0.033,0.033,0.034,0,0,0,0,0,0,0,0,0,0,0
Liabilities-to-Assets,0.25,0.23,0.23,0.21,0.25,0.14,0.13,0.02,0.22,0.28,,0.28,0.25,0.24,0.24,0.23,0.23,0.26,0.25,0.26,0.23,0.23,0.25,0.2,0.21,0.23,0.23,0.25,0.25,0.17,0.15,0,0.14,0.14,0.14,0.14,0.13,0.13,0.12,0.13,0.02,0.01,0.01,0,0.22,0,0
Gross-Profit-to-Asset %,5.827,4.862,3.998,2.726,3.074,4.152,6.393,1.283,0,5.62,,5.531,5.812,5.529,5.978,5.781,5.792,5.761,3.744,4.239,4.926,4.187,3.759,3.329,2.654,2.591,2.602,2.965,2.555,3.429,4.008,3.857,3.059,4.318,3.899,4.273,4.412,4.15,3.828,6.182,12.895,19.869,0,0,0,,
,,,,,,,,,,,,,,,,,,,,,,,,,,,,,,,,,,,,,,,,,,,,,,,
Asset Turnover,0.094,0.1,0.19,0.201,0.11,0.051,0.065,0.013,0,0.09,,0.023,0.021,0.02,0.024,0.028,0.029,0.026,0.02,0.026,0.026,0.055,0.063,0.046,0.049,0.046,0.055,0.05,0.044,0.037,0.013,0.012,0.01,0.013,0.012,0.013,0.012,0.01,0.01,0.015,0.032,0.05,0,0,0,0,0
Dividend Payout Ratio,,2,,,,0.4,0.406,0.001,,0,,28.22,,5.5,,0.833,2.5,0.625,0.625,,,,,,,1.25,15.291,5,,1,0.4,1,0.5,0.235,0.267,,1,0.3,0.75,0.214,,0,0,0,0,0,
,,,,,,,,,,,,,,,,,,,,,,,,,,,,,,,,,,,,,,,,,,,,,,,
Days Sales Outstanding,1.96,1.94,3.61,2.83,1.58,9.28,13.17,0,0,22.63,,13.57,15.83,31.04,26.26,11.63,8.64,16.14,18.91,8.79,17.34,12.95,6.81,6.11,5.81,6.85,5.92,3.51,7.18,14.91,35.48,0,60.98,42.51,42.41,26.9,11.67,0,62.52,61.49,5.07,2.79,0,0,0,0,0
Days Payable,47.62,32.42,4.15,0.28,2.07,36.64,553.82,,,172.02,,105.28,163.04,244.59,168.44,76.59,65.84,88.36,66.14,36.44,28.65,12.63,9.57,5.25,5.93,11.38,9.82,6.28,4.55,12.15,134.79,37.32,113.32,183.95,129.07,69.13,162.16,,,,,,,,,,
Days Inventory,60.72,19.43,1.95,8.93,23.41,0,0,,,101.68,,85.48,108.87,129.13,92.62,39.84,28.66,37.63,0,5.17,5.57,0,0,0,5.46,6.52,6.79,8.51,9.06,14.64,0,0,0,0,0,0,0,,,,,,,,,,
Cash Conversion Cycle,15.07,-11.06,1.41,11.49,22.92,-27.36,-540.65,0,0,-47.71,,-6.23,-38.34,-84.41,-49.55,-25.12,-28.54,-34.58,-47.23,-22.48,-5.74,0.32,-2.76,0.86,5.34,1.99,2.88,5.74,11.69,17.41,-99.31,-37.32,-52.34,-141.43,-86.66,-42.23,-150.49,0,62.52,61.49,5.07,2.79,0,0,0,0,0
,,,,,,,,,,,,,,,,,,,,,,,,,,,,,,,,,,,,,,,,,,,,,,,
Inventory Turnover,6.01,18.79,187.13,40.86,15.59,,,0,0,3.59,,1.07,0.84,0.71,0.99,2.29,3.18,2.42,,17.65,16.37,,,,16.71,14.01,13.45,10.72,10.07,6.23,,,,,,,,,,,0,0,0,0,0,,
COGS-to-Revenue,0.38,0.51,0.79,0.86,0.72,0.18,0.01,0,0,0.35,,0.39,0.31,0.32,0.38,0.48,0.49,0.45,0.53,0.59,0.53,0.81,0.85,0.82,0.86,0.86,0.88,0.85,0.86,0.77,0.21,0.2,0.21,0.15,0.19,0.19,0.05,0,0,0,0,0,0,0,0,0,0
Inventory-to-Revenue,0.064,0.027,0.004,0.021,0.046,0,0,5,,0.099,,0.366,0.375,0.459,0.382,0.211,0.155,0.184,0,0.033,0.032,0,0,0,0.052,0.061,0.066,0.079,0.085,0.124,0,0,0,0,0,0,0,0,0,0,0,0,,,,,
Capex-to-Revenue,1.23,0.65,0.21,0.29,0.38,0.88,0.72,0.01,0,1.195,,0.38,1.24,1.61,1.62,0.59,0.91,0.51,0.7,0.42,0.24,0.4,0,0.28,0.42,0.3,0.36,0.08,0.21,0.02,0.68,2.51,0.37,0.04,1.27,1.89,2.06,0.43,0.1,0.01,0,0,0,0,0,0,0
Capex-to-Operating-Income,3.48,2.03,1.6,3.23,4.32,2.12,1.95,0.05,0,4.119,,3.29,6.17,3.81,3.78,1.69,3.03,1.25,2.44,1.58,0.86,2.93,0,2.65,4.83,3.06,5.14,0.76,4.24,1.37,2.14,6.89,0.89,0.08,4.53,4.66,6.87,0.81,0.25,0.04,0,0,0,0,0,0,0
Capex-to-Operating-Cash-Flow,2.6,1.28,0.92,1.72,1.65,1.04,1.12,0,0.02,2.392,,0.95,4.93,1.96,3.01,1.86,1.79,0.79,1.84,0.94,0.7,1.54,0,1.13,2.6,1.64,2.5,0.43,1.09,1.16,0.89,3.58,0.39,0.05,1.26,3.43,3.15,0.4,0.16,0.06,0,0,0,0,0,0.01,0
,,,,,,,,,,,,,,,,,,,,,,,,,,,,,,,,,,,,,,,,,,,,,,,
Income Statement,,,,,,,,,,,,,,,,,,,,,,,,,,,,,,,,,,,,,,,,,,,,,,,
Revenue,175.685,166.781,298.124,365.043,166.979,46.988,33.118,14.897,0,172.84,,46.918,39.588,39.488,46.846,53.244,50.402,42.107,30.075,37.683,38.752,82.498,99.034,75.332,85.842,85.7,105.005,97.127,85.795,55.525,13.809,12.793,10.277,13.404,12.248,11.799,9.342,8.838,8.288,8.426,6.597,8.692,0,0,0,0,0
Cost of Goods Sold,67.193,85.335,235.318,315.508,120.377,8.572,0.429,0,0,61.18,,18.316,12.43,12.817,17.621,25.717,24.814,18.822,15.966,22.194,20.585,66.75,84.219,61.686,74.111,73.565,92.618,82.654,73.463,42.787,2.968,2.555,2.137,1.971,2.288,2.285,0.429,0,0,0,0,0,0,0,0,0,0
Gross Profit,108.492,81.447,62.806,49.535,46.602,38.416,32.689,14.897,0,111.66,,28.602,27.159,26.671,29.225,27.527,25.588,23.285,14.109,15.489,18.167,15.747,14.815,13.646,11.731,12.136,12.387,14.472,12.332,12.738,10.841,10.238,8.141,11.433,9.96,9.515,8.913,8.838,8.288,8.426,6.597,8.692,0,0,0,0,0
Gross Margin %,61.75,48.83,21.07,13.57,27.91,81.76,98.71,0,0,64.6,,60.96,68.6,67.54,62.39,51.7,50.77,55.3,46.91,41.1,46.88,19.09,14.96,18.11,13.67,14.16,11.8,14.9,14.37,22.94,78.51,80.02,79.21,85.29,81.32,80.64,95.41,0,0,0,0,0,0,0,0,0,0
,,,,,,,,,,,,,,,,,,,,,,,,,,,,,,,,,,,,,,,,,,,,,,,
"Selling, General, & Admin. Expense",35.495,28.254,22.632,16.881,31.919,18.74,18.981,7.483,0.849,38.57,,11.11,9.343,9.701,8.42,8.667,10.5,5.946,5.499,5.317,7.496,4.482,4.786,5.713,4.16,3.659,5.109,4.344,7.938,11.937,6.418,5.55,4.473,3.881,6.238,4.601,5.638,3.786,4.597,6.015,5.035,1.952,0.372,0.244,0.18,0.213,0.221
Research & Development,0,0,0,0,0,0,0,0,0,0,,0,0,0,0,0,0,0,0,0,0,0,0,0,0,0,0,0,0,0,0,0,0,0,0,0,0,0,0,0,0,0,0,0,0,0,0
Other Operating Expense,11.028,0.102,0.145,0.136,0.144,0.147,1.532,5.212,6.823,22.94,,12.137,9.844,0.265,0.69,0.268,0.018,0.024,0.025,0.03,0.039,0.036,0.044,0.025,0.136,0,0,0,0.049,0.046,0.017,0.031,-0.555,0.184,0.289,0.124,0.478,0.393,0.337,0.402,0.65,1.386,1.69,1.714,1.386,1.324,1.975
Total Operating Expense,46.523,28.357,22.777,17.017,32.063,18.887,20.513,12.694,7.672,61.51,,23.247,19.187,9.966,9.11,8.935,10.518,5.971,5.524,5.347,7.535,4.518,4.83,5.738,4.296,3.659,5.109,4.344,7.987,11.984,6.435,5.582,3.919,4.065,6.527,4.725,6.116,4.179,4.934,6.417,5.685,3.338,2.062,1.958,1.567,1.536,2.196
Operating Income,61.97,53.09,40.029,32.518,14.539,19.529,12.177,2.203,-7.672,50.15,,5.355,7.972,16.705,20.115,18.593,15.07,17.314,8.585,10.142,10.632,11.23,9.986,7.908,7.435,8.477,7.278,10.128,4.345,0.754,4.406,4.656,4.222,7.368,3.433,4.79,2.797,4.659,3.354,2.009,0.912,5.355,-2.062,-1.958,-1.567,-1.536,-2.196
Operating Margin %,35.2731,31.8321,13.4269,8.9079,8.7071,41.5623,36.7676,14.7855,0,29.02,,11.4128,20.137,42.3044,42.9392,34.9192,29.8993,41.1205,28.5465,26.9138,27.4357,13.6119,10.0831,10.4978,8.6616,9.8915,6.9316,10.428,5.0643,1.3582,31.9081,36.395,41.0825,54.9687,28.0268,40.5934,29.943,52.7124,40.4664,23.8431,13.8275,61.6028,0,0,0,0,0
,,,,,,,,,,,,,,,,,,,,,,,,,,,,,,,,,,,,,,,,,,,,,,,
  Interest Income,3.957,3.577,3.517,3.54,3.332,2.444,2.957,1.834,1.26,3.93,,0.941,0.89,1.001,1.103,1.042,0.827,1.003,0.793,0.803,1.1,0.824,0.692,0.877,0.875,0.799,0.798,1.154,0.86,0.612,0.848,0.955,0.758,0.711,0.594,0.417,0.545,0.744,1.021,0.838,0.486,0.435,0.467,0.513,0.383,0.266,0.303
  Interest Expense,-19.208,-20.4,-17.881,-19.35,-6.566,-2.575,-0.444,-0.037,0,-19.71,,-5.034,-4.914,-4.948,-4.815,-4.887,-4.835,-4.868,-4.897,-4.915,-4.682,-4.413,-4.358,-4.298,-4.993,-4.907,-4.77,-5.13,-3.779,-1.324,-0.74,-0.709,-0.689,-0.735,-0.745,-0.448,-0.12,-0.122,-0.129,-0.097,-0.037,0,0,0,0,0,0
Net Interest Income,-15.251,-16.823,-14.364,-15.811,-3.234,-0.131,2.513,1.797,1.26,-15.78,,-4.093,-4.024,-3.947,-3.712,-3.845,-4.008,-3.865,-4.103,-4.112,-3.582,-3.589,-3.666,-3.422,-4.118,-4.108,-3.972,-3.976,-2.919,-0.713,0.108,0.246,0.069,-0.024,-0.15,-0.032,0.424,0.622,0.893,0.741,0.448,0.435,0.467,0.513,0.383,0.266,0.303
Other Income (Expense),-80.875,-15.077,-234.181,-121.452,-62.942,19.269,12.089,-2.962,-20.43,-79.75,,-1.393,-30.505,-14.204,-33.647,-4.264,-1.436,-0.871,6.449,-17.952,-139.899,-51.184,-10.963,-31.275,-118.022,1.312,-1.925,-2.931,-73.321,5.812,5.233,-0.628,3.372,9.843,12.011,-5.432,1.522,4.73,-0.007,6.518,-1.999,1.392,-0.705,-1.693,-6.719,-2.459,-9.085
Pretax Income,-34.156,21.19,-208.516,-104.745,-51.637,38.667,26.779,1.037,-26.843,-45.38,,-0.132,-26.557,-1.446,-17.244,10.484,9.626,12.579,10.931,-11.923,-132.849,-43.544,-4.644,-26.789,-114.705,5.681,1.381,3.221,-71.895,5.854,9.747,4.274,7.663,17.187,15.293,-0.674,4.744,10.011,4.239,9.269,-0.638,7.182,-2.3,-3.138,-7.903,-3.729,-10.977
Tax Provision,-10.121,-8.52,30.678,26.16,18.127,-7.29,-5.975,-2.854,-0.118,-11.87,,-4.235,-0.961,-3.409,-3.266,-2.716,-6.515,-3.12,-1.303,2.383,15.016,8.86,-0.283,6.933,29.946,-1.481,-0.992,-1.435,21.497,-0.455,-1.522,-1.286,-1.176,-3.703,-3.153,0.578,-1.427,-2.616,-1.063,-1.151,-1.254,-1.884,0.223,-0.01,-0.056,-0.019,-0.022
Tax Rate %,-29.63,40.21,14.71,24.97,35.11,18.85,22.31,275.17,-0.44,-26.16,,-3210.78,-3.62,-235.81,-18.94,25.91,67.68,24.8,11.92,19.98,11.3,20.35,-6.09,25.88,26.11,26.07,71.81,44.55,29.9,7.78,15.61,30.08,15.34,21.55,20.62,85.75,30.08,26.14,25.07,12.42,-196.47,26.24,9.67,-0.32,-0.71,-0.52,-0.2
Net Income (Continuing Operations),-44.277,12.67,-177.838,-78.585,-33.509,31.377,20.804,-1.817,-26.961,-57.25,,-4.367,-27.518,-4.855,-20.51,7.768,3.111,9.459,9.628,-9.54,-117.834,-34.683,-4.927,-19.856,-84.759,4.2,0.389,1.786,-50.398,5.399,8.226,2.988,6.488,13.484,12.14,-0.096,3.317,7.394,3.177,8.118,-1.892,5.297,-2.078,-3.148,-7.959,-3.749,-11
Net Income (Discontinued Operations),0,0,0,0,0,0,0,1452.708,-400.807,0,,0,0,0,0,0,0,0,0,0,0,0,0,0,0,0,0,0,0,0,0,0,0,0,0,0,0,0,0,0,0,0,1521.261,24.973,17.817,13.181,-466.761
  Other Income (Minority Interest),25.876,0.505,0,0,0.225,0.194,0.161,0,0,30.3,,4.625,10.968,6.272,8.432,0.632,0.505,0,0,0,0,0,0,0,0,0,0,0,0.004,0.081,0.08,0.057,0.019,0.063,0.065,0.051,0.048,0.047,0.05,0.024,0,0,0,0,0,0,0
Net Income,-18.402,13.175,-177.838,-78.585,-33.285,31.571,20.965,1450.891,-427.769,-26.95,,0.258,-16.55,1.417,-12.078,8.399,3.616,9.459,9.628,-9.54,-117.834,-34.683,-4.927,-19.856,-84.759,4.2,0.389,1.786,-50.394,5.479,8.306,3.045,6.507,13.547,12.205,-0.045,3.365,7.442,3.227,8.142,-1.892,5.297,1519.184,21.825,9.858,9.432,-477.76
Net Margin %,-10.4742,7.8996,-59.6525,-21.5276,-19.9333,67.1905,63.3029,9739.6123,0,-15.59,,0.5488,-41.8053,3.5875,-25.7817,15.7748,7.1747,22.464,32.0133,-25.317,-304.0739,-42.0415,-4.9747,-26.3576,-98.7385,4.9005,0.3708,1.839,-58.7374,9.8681,60.1503,23.8001,63.3161,101.0643,99.6517,-0.3845,36.0159,84.2033,38.9344,96.6234,-28.6803,60.9445,0,0,0,0,0
,,,,,,,,,,,,,,,,,,,,,,,,,,,,,,,,,,,,,,,,,,,,,,,
Preferred Dividends,0,0,0,0,0,0,0,0,0,0,,0,0,0,0,0,0,0,0,0,0,0,0,0,0,0,0,0,0,0,0,0,0,0,0,0,0,0,0,0,0,0,0,0,0,0,0
EPS (Basic),-0.109,0.078,-1.177,-0.499,-0.258,0.3,0.241,31.564,-8.93,-0.17,,0.002,-0.102,0.008,-0.074,0.048,0.016,0.06,0.059,-0.064,-0.782,-0.242,-0.03,-0.127,-0.536,0.031,0.002,0.008,-0.407,0.041,0.075,0.03,0.06,0.13,0.116,0,0.036,0.075,0.032,0.119,-0.65,0.109,33.878,0.456,0.206,0.197,-9.974
EPS (Diluted),-0.109,0.078,-1.177,-0.499,-0.258,0.3,0.233,31.564,-8.93,-0.17,,0.002,-0.102,0.008,-0.074,0.048,0.016,0.06,0.059,-0.064,-0.782,-0.242,-0.03,-0.127,-0.536,0.031,0.002,0.008,-0.407,0.041,0.075,0.03,0.06,0.13,0.116,0,0.029,0.075,0.032,0.111,-0.65,0.109,33.878,0.456,0.206,0.197,-9.974
Shares Outstanding (Diluted Average),167.628,162.428,151.266,156.617,127.939,104.824,88.938,45.964,47.9,167.278,,167.278,167.154,168.22,167.895,165.965,162.476,166.397,164.815,155.374,150.354,144.446,154.988,155.059,156.335,156.263,156.257,157.695,157.579,140.837,106.771,106.628,106.678,106.757,106.57,99.093,94.444,94.759,95.709,71.692,48.562,47.9,44.845,47.9,47.9,47.9,47.9
,,,,,,,,,,,,,,,,,,,,,,,,,,,,,,,,,,,,,,,,,,,,,,,
EBIT,-14.948,41.59,-190.635,-85.394,-45.071,41.242,27.223,1.074,-26.843,-25.67,,4.902,-21.643,3.502,-12.429,15.371,14.461,17.447,15.828,-7.007,-128.167,-39.131,-0.285,-22.49,-109.713,10.588,6.152,8.351,-68.117,7.178,10.487,4.982,8.352,17.922,16.038,-0.225,4.864,10.133,4.368,9.366,-0.601,7.182,-2.3,-3.138,-20.738,-1.536,-2.196
"Depreciation, Depletion and Amortization",40.573,36.618,36.654,39.287,22.093,8.628,0.558,0.012,0,43.4,,11.862,11.688,10.195,9.651,9.755,10.803,7.524,6.627,10.123,9.232,8.524,9.155,9.468,9.69,10.113,10.143,10.262,10.014,6.809,2.791,2.504,2.146,2.058,2.224,2.33,0.47,0.033,0.037,0.024,0,0,0,0,0,0,0
EBITDA,25.625,78.208,-153.981,-46.107,-22.978,49.87,27.781,1.087,-26.843,17.73,,16.764,-9.955,13.697,-2.777,25.126,25.263,24.971,22.455,3.116,-118.935,-30.606,8.87,-13.022,-100.022,20.7,16.295,18.613,-58.102,13.987,13.278,7.486,10.498,19.98,18.261,2.105,5.334,10.166,4.405,9.39,-0.601,7.182,-2.3,-3.138,-20.738,-1.536,-2.196
EBITDA Margin %,14.5858,46.8928,-51.6499,-12.6307,-13.7612,106.1346,83.8842,7.2938,0,10.26,,35.7302,-25.1455,34.6857,-5.9288,47.1901,50.1239,59.3031,74.6626,8.2692,-306.9172,-37.0998,8.9563,-17.2865,-116.5194,24.1544,15.5182,19.1635,-67.7222,25.191,96.1545,58.5192,102.1446,149.0609,149.1008,17.8393,57.0994,115.029,53.1518,111.4372,-9.1088,82.6246,0,0,0,0,0
,,,,,,,,,,,,,,,,,,,,,,,,,,,,,,,,,,,,,,,,,,,,,,,
Balance Sheet,,,,,,,,,,,,,,,,,,,,,,,,,,,,,,,,,,,,,,,,,,,,,,,
  Cash and Cash Equivalents,90.389,236.181,82.18,129.7,261.34,374.278,188.514,151.9,151.711,355.016,,355.016,90.389,119.916,208.644,255.096,236.181,121.47,149.034,113.413,82.18,93.423,62.901,81.144,129.7,105.254,143.719,257.185,261.34,88.69,262.235,0,374.278,299.601,329.216,331.929,188.514,229.226,258.763,276.105,151.9,142.364,144.729,0,151.711,0,0
  Marketable Securities,0,2.733,15.722,7.443,0,1.574,0.146,0,0,2.338,,2.338,0,0,2.789,2.751,2.733,16.302,15.573,15.206,15.722,19.518,12.164,9.812,7.443,0,0.762,0.387,0,1.178,1.164,0,1.574,0.076,0.078,0.076,0.146,1.524,5.361,6.923,0,0,0,0,0,0,0
"Cash, Cash Equivalents, Marketable Securities",90.389,238.914,97.902,137.143,261.34,375.852,188.66,151.9,151.711,357.354,,357.354,90.389,119.916,211.433,257.847,238.914,137.772,164.607,128.62,97.902,112.942,75.065,90.955,137.143,105.254,144.481,257.571,261.34,89.868,263.399,0,375.852,299.677,329.293,332.004,188.66,230.75,264.124,283.028,151.9,142.364,144.729,0,151.711,0,0
  Accounts Receivable,1.077,0.815,0.955,4.944,0.724,0,1.195,0,0,12.882,,12.882,1.077,12.657,14.209,12.758,0.815,8.733,6.165,6.302,0.955,13.776,9.644,5.139,4.944,5.987,6.875,6.741,0.724,12.78,5.37,0,0,6.868,5.622,5.762,1.195,0,0,5.678,0,0.367,0.164,0,0,0,0
  Notes Receivable,0,0,0,0,0,0,0,0,0,0,,0,0,0,0,0,0,0,0,0,0,0,0,0,0,0,0,0,0,0,0,0,0,0,0,0,0,0,0,0,0,0,0,0,0,0,0
  Loans Receivable,0,0,0,0,0,0,0,0,0,,,0,0,0,0,0,0,0,0,0,0,0,0,0,0,7.672,0,0,0,0,0,0,0,0,0,0,0,0,0,0,0,0,0,0,0,0,0
  Other Current Receivables,11.477,10.066,4.807,9.17,6.567,6.309,4.553,0.487,18.09,12.882,,12.882,11.477,12.657,14.209,12.758,10.066,8.733,6.165,6.302,4.807,13.776,9.644,5.139,9.17,5.987,6.875,6.741,6.567,12.78,5.37,0,6.309,6.868,5.622,5.762,4.553,3.397,5.648,5.678,0.487,0.367,0.164,0,18.09,0,0
Total Receivables,11.477,10.066,4.807,9.17,6.567,6.309,4.553,0.487,18.09,12.882,,12.882,11.477,12.657,14.209,12.758,10.066,8.733,6.165,6.302,4.807,13.776,9.644,5.139,9.17,13.66,6.875,6.741,6.567,12.78,5.37,0,6.309,6.868,5.622,5.762,4.553,3.397,5.648,5.678,0.487,0.367,0.164,0,18.09,0,0
"  Inventories, Raw Materials & Components",6.91,7.827,1.257,0,0,0,0,0,48.475,7.524,,7.524,6.91,10.25,17.194,14.628,7.827,0,0,0,1.257,0,0,0,0,0,0,0,0,0,0,0,0,0,0,0,0,0,0,0,0,0,0,0,48.475,0,0
"  Inventories, Work In Process",0,0,0,0,0,0,0,0,10.914,0,,0,0,0,0,0,0,0,0,0,0,0,0,0,0,0,0,0,0,0,0,0,0,0,0,0,0,0,0,0,0,0,0,0,10.914,0,0
"  Inventories, Inventories Adjustments",0,0,0,0,0,0,0,0,0,,,0,0,0,0,0,0,0,0,0,0,0,0,0,0,0,0,0,0,0,0,0,0,0,0,0,0,0,0,0,0,0,0,0,0,0,0
"  Inventories, Finished Goods",0,0,0,0,0,0,0,0,15.098,0,,0,0,0,0,0,0,0,0,0,0,0,0,0,0,0,0,0,0,0,0,0,0,0,0,0,0,0,0,0,0,0,0,0,15.098,0,0
"  Inventories, Other",7.618,0,0,0,7.721,0,0,0,0,12.265,,12.265,7.618,4.88,3.951,0,0,7.762,0,0,0,0,0,0,0,4.434,6.072,7.703,7.721,6.865,0,0,0,0,0,0,0,0,0,0,0,0.002,0.005,0,0,0,0
Total Inventories,14.528,7.827,1.257,0,7.721,0,0,0,74.487,19.789,,19.789,14.528,15.131,21.145,14.628,7.827,7.762,0,0,1.257,0,0,0,0,4.434,6.072,7.703,7.721,6.865,0,0,0,0,0,0,0,0,0,0,0,0.002,0.005,0,74.487,0,0
Other Current Assets,3.08,4.87,2.67,0.76,0.77,0.73,0.37,0.27,28.32,168.77,,168.77,3.08,2.06,2.86,4,4.87,2.23,4.34,3.18,2.67,0.97,53.22,0.76,0.76,111.39,0.46,0.7,0.77,0.95,0.51,0,0.73,0.88,0.44,0.53,0.37,0.37,0.44,0.42,0.27,0.24,0.19,0,28.32,0,0
Total Current Assets,119.473,261.682,106.636,147.068,276.398,382.892,193.583,152.66,272.605,558.791,,558.791,119.473,149.762,249.643,289.233,261.682,156.493,175.11,138.105,106.636,127.691,137.929,96.851,147.068,234.734,157.886,272.719,276.398,110.46,269.276,0,382.892,307.428,335.352,338.299,193.583,234.519,270.209,289.128,152.66,142.975,145.09,0,272.605,0,0
Investments And Advances,229.972,216.046,130.25,308.51,291.774,143.422,109.018,69.15,11.801,205.677,,205.677,229.972,230.069,212.669,213.61,216.046,186.721,171.09,117.378,130.25,201.254,207.977,317.681,308.51,317.322,299.389,264.568,291.774,252.288,234.551,0,143.422,216.36,159.886,132.717,109.018,113.321,98.376,72.335,69.15,18.386,15.355,0,11.801,0,0
    Land And Improvements,0,0,0,0,0,0,0,0,0,0,,0,0,0,0,0,0,0,0,0,0,0,0,0,0,0,0,0,0,0,0,0,0,0,0,0,0,0,0,0,0,0,0,0,0,0,0
    Buildings And Improvements,0,0,0,0,0,0,0,0,0,0,,0,0,0,0,0,0,0,0,0,0,0,0,0,0,0,0,0,0,0,0,0,0,0,0,0,0,0,0,0,0,0,0,0,0,0,0
"    Machinery, Furniture, Equipment",82.119,29.311,19.501,0.509,0,0,0,0,0,83.482,,83.482,82.119,73.606,67.33,41.222,29.311,20.707,19.151,18.448,19.501,0,0,0,0.509,0,0,0,0,0,0,0,0,0,0,0,0,0,0,0,0,0,0,0,0,0,0
    Construction In Progress,0,0,0,0,0,0,0,0,0,0,,0,0,0,0,0,0,0,0,0,0,0,0,0,0,0,0,0,0,0,0,0,0,0,0,0,0,0,0,0,0,0,0,0,0,0,0
    Other Gross PPE,552.236,437.202,319.802,76.813,80.697,75.641,71.055,0.834,1758.56,488.292,,488.292,552.236,483.612,460.674,416.273,437.202,395.595,331.75,313.085,319.802,70.168,69.842,69.387,76.813,78.614,78.019,79.136,80.697,83.362,76.765,0,75.641,77.032,77.051,74.949,71.055,71.694,75.135,71.748,0.834,2.278,1.989,0,1758.56,0,0
"  Gross Property, Plant and Equipment",634.355,466.513,339.303,77.322,80.697,75.641,71.055,0.834,1758.56,571.774,,571.774,634.355,557.218,528.004,457.495,466.513,416.302,350.9,331.533,339.303,70.168,69.842,69.387,77.322,78.614,78.019,79.136,80.697,83.362,76.765,0,75.641,77.032,77.051,74.949,71.055,71.694,75.135,71.748,0.834,2.278,1.989,0,1758.56,0,0
  Accumulated Depreciation,-134.909,-51.156,-45.703,-6.474,-0.674,-0.645,-0.279,-0.012,0,-59.452,,-59.452,-134.909,-54.603,-37.137,-6.265,-51.156,-48.561,-46.443,-44.155,-45.703,0,0,0,-6.474,0,0,0,-0.674,0,0,0,-0.645,0,0,0,-0.279,0,0,0,-0.012,0,0,0,0,0,0
"Property, Plant and Equipment",499.445,415.357,293.6,70.848,80.023,74.997,70.776,0.822,1758.56,512.322,,512.322,499.445,502.615,490.867,451.23,415.357,367.741,304.458,287.378,293.6,70.168,69.842,69.387,70.848,78.614,78.019,79.136,80.023,83.362,76.765,0,74.997,77.032,77.051,74.949,70.776,71.694,75.135,71.748,0.822,2.278,1.989,0,1758.56,0,0
Intangible Assets,86.878,86.817,84.444,82.766,87.089,454.286,408.841,1.38,0,87.839,,87.839,86.878,87.763,91.002,88.475,86.817,84.054,82.057,79.659,84.444,83.985,83.681,83.168,82.766,85.318,84.727,1317.13,87.089,1434.659,492.22,0,454.286,460.635,469.737,437.389,408.841,403.31,424.611,415.304,1.38,0,0,0,0,0,0
  Goodwill,86.875,86.814,84.441,82.763,87.086,83.365,81.091,0,0,87.836,,87.836,86.875,87.759,90.998,88.472,86.814,84.051,82.054,79.656,84.441,83.982,83.678,83.165,82.763,85.315,84.724,85.982,87.086,90.561,83.64,0,83.365,84.834,86.242,84.077,81.091,83.823,89.931,88.128,0,0,0,0,0,0,0
Other Long Term Assets,916.28,891.52,863.735,1053.986,1235.381,6.18,6.401,10.088,45.578,920.295,,920.295,916.28,916.245,928.59,895.443,891.52,867.931,837.967,821.741,863.735,988.358,1037.903,1048.96,1053.986,1157.319,1253.23,1.214,1235.381,9.392,9.182,0,6.18,5.841,8.694,9.333,6.401,4.845,7.448,7.699,10.088,11.565,12.345,0,45.578,0,0
Total Long-Term Assets,1732.575,1609.74,1372.028,1516.11,1694.267,678.885,595.035,81.44,1815.939,1726.133,,1726.133,1732.575,1736.692,1723.128,1648.758,1609.74,1506.447,1395.572,1306.157,1372.028,1343.765,1399.403,1519.195,1516.11,1638.573,1715.365,1662.047,1694.267,1779.702,812.718,0,678.885,759.868,715.368,654.389,595.035,593.171,605.569,567.087,81.44,32.229,29.69,0,1815.939,0,0
Total Assets,1852.048,1871.422,1478.664,1663.178,1970.666,1061.777,788.619,234.101,2088.543,2284.925,,2284.925,1852.048,1886.453,1972.772,1937.991,1871.422,1662.94,1570.682,1444.261,1478.664,1471.456,1537.332,1616.047,1663.178,1873.307,1873.25,1934.766,1970.666,1890.162,1081.994,0,1061.777,1067.296,1050.72,992.688,788.619,827.69,875.778,856.215,234.101,175.204,174.78,0,2088.543,0,0
,,,,,,,,,,,,,,,,,,,,,,,,,,,,,,,,,,,,,,,,,,,,,,,
  Accounts Payable,7.5609375,9.970333359,5.190978814,0.161506401,0.321873287,1.045055851,0.676000875,0.625216788,31.61481342,34.70458136,,34.70458136,7.5609375,36.85581249,31.85270049,33.20073196,9.970333359,25.83975813,10.61024203,12.53438395,5.190978814,7.737331017,10.73745203,6.935158178,0.161506401,9.474451435,8.868571429,11.06317173,0.321873287,7.007899666,4.384355021,0,1.045055851,4.261519683,3.686210641,2.786178739,0.676000875,0.848032564,1.014961585,1.320336028,0.625216788,1.171555717,1.426592798,0,31.61481342,0,0
  Total Tax Payable,0,4.727,0,0,0,4.032,0,0,0,0,,0,0,0,0,0,4.727,0,0,0,0,0,0,0,0,0,0,0,0,0,0,0,4.032,0,0,0,0,0,0,0,0,0,0,0,0,0,0
  Other Current Payables,17.754,21.431,10.569,13.557,14.596,3.198,9.971,2.39,15.782,,,8.031,17.754,7.229,6.877,6.654,21.431,6.305,6.094,5.644,10.569,5.438,5.377,5.801,13.557,5.994,5.951,6.04,14.596,6.393,3.212,0,3.198,3.253,3.303,3.212,9.971,7.243,3.319,3.296,2.39,0,0,0,15.782,0,0
  Current Accrued Expense,5.315,7.003,4.474,0.803,3.251,0.499,0.475,0.92,26.828,,,0,5.315,0,0,0,7.003,0,0,0,4.474,0,0,0,0.803,0,0,0,3.251,0,0,0,0.499,0,0,0,0.475,0.274,0.517,3.398,0.92,0,0,0,26.828,0,0
Accounts Payable & Accrued Expense,30.6296875,43.13139199,20.2338826,14.52143495,18.16900305,8.774270935,11.12229271,3.93513701,74.22408121,42.73538705,,42.73538705,30.6296875,44.08491832,38.7299509,39.8551993,43.13139199,32.14436886,16.70454545,18.17836676,20.2338826,13.17498678,16.11483182,12.73651933,14.52143495,15.46877398,14.81980952,17.10276038,18.16900305,13.40092841,7.596088755,0,8.774270935,7.514494965,6.989297348,5.998034175,11.12229271,8.364993216,4.850788516,8.013948328,3.93513701,1.171555717,1.426592798,0,74.22408121,0,0
  Short-Term Debt,230.384,38.931,0,0,0,0,0,0,67.482,235.413,,235.413,230.384,0,0,0,38.931,37.475,36.377,35.117,0,0,0,0,0,0,0,0,0,0,0,0,0,0,0,0,0,0,0,0,0,0,0,0,67.482,0,0
  Short-Term Capital Lease Obligation,7.014,1.102,0,0,0,0,0,0,0,2.686,,2.686,7.014,7.819,8.447,1.828,1.102,0.623,0.601,0.577,0,0.594,0.585,0.526,0,0,0,0,0,0,0,0,0,0,0,0,0,0,0,0,0,0,0,0,0,0,0
Short-Term Debt & Capital Lease Obligation,237.398,40.034,0,0,0,0,0,0,67.482,238.099,,238.099,237.398,7.819,8.447,1.828,40.034,38.098,36.978,35.694,0,0.594,0.585,0.526,0,0,0,0,0,0,0,0,0,0,0,0,0,0,0,0,0,0,0,0,67.482,0,0
  Current Deferred Revenue,0,0,0,0,0,0,0,0,0,0,,0,0,0,0,0,0,0,0,0,0,0,0,0,0,0,0,0,0,0,0,0,0,0,0,0,0,0,0,0,0,0,0,0,0,0,0
  Current Deferred Taxes Liabilities,0,0,0,0,0,0,0,0,0,0,,0,0,0,0,0,0,0,0,0,0,0,0,0,0,0,0,0,0,0,0,0,0,0,0,0,0,0,0,0,0,0,0,0,0,0,0
Deferred Tax And Revenue,0.714,0,0,0,0,0,0,0,0,0.453,,0.453,0.714,1.591,3.778,5.9,0,0,0,0,0,0,0,0,0,0,0,0,0,0,0,0,0,0,0,0,0,0,0,0,0,0,0,0,0,0,0
Other Current Liabilities,1.787,2.357,0.979,2.6,4.411,3.113,0.922,0.325,6.498,166.549,,166.549,1.787,3.182,5.3,2.271,2.357,2.854,1.153,0.357,0.979,0,53.754,3.32,2.6,3.017,5.462,4.161,4.411,4.471,13.521,0,3.113,3.092,1.511,1.079,0.922,0.873,0.912,0.522,0.325,0.053,0,0,6.498,0,0
Total Current Liabilities,270.528,85.522,21.213,17.122,22.58,11.888,12.044,4.26,148.204,447.836,,447.836,270.528,56.677,56.255,49.854,85.522,73.097,54.835,54.229,21.213,13.769,70.454,16.582,17.122,18.485,20.282,21.264,22.58,17.872,21.117,0,11.888,10.606,8.5,7.077,12.044,9.238,5.763,8.536,4.26,1.224,1.427,0,148.204,0,0
  Long-Term Debt,90.269,273.684,265.048,262.555,363.621,34.32,0,0,230.432,91.886,,91.886,90.269,319.869,328.931,319.251,273.684,281.187,274.759,268.249,265.048,262.547,245.353,242.581,262.555,321.989,319.412,361.465,363.621,157.78,34.777,0,34.32,34.751,35.154,34.107,0,0,0,0,0,0,0,0,230.432,0,0
  Long-Term Capital Lease Obligation,7.331,7.771,0,0,0,0,0,0,0,6.435,,6.435,7.331,8.28,9.404,8.056,7.771,6.583,6.581,6.537,0,7.2,7.324,6.789,0,0,0,0,0,0,0,0,0,0,0,0,0,0,0,0,0,0,0,0,0,0,0
Long-Term Debt & Capital Lease Obligation,97.6,281.455,265.048,262.555,363.621,34.32,0,0,230.432,98.321,,98.321,97.6,328.149,338.336,327.306,281.455,287.769,281.341,274.786,265.048,269.746,252.677,249.37,262.555,321.989,319.412,361.465,363.621,157.78,34.777,0,34.32,34.751,35.154,34.107,0,0,0,0,0,0,0,0,230.432,0,0
Debt-to-Equity,0.262,0.238,0.234,0.199,0.245,0.038,0,0,0.183,0.224,,0.224,0.262,0.258,0.253,0.244,0.238,0.263,0.269,0.29,0.234,0.238,0.219,0.193,0.199,0.225,0.223,0.249,0.245,0.1,0.038,9999,0.038,0.038,0.039,0.04,0,0,0,0,0,0,0,9999,0.183,9999,9999
Pension And Retirement Benefit,0,0,0,0,0,0,0,0,0,0,,0,0,0,0,0,0,0,0,0,0,0,0,0,0,0,0,0,0,0,0,0,0,0,0,0,0,0,0,0,0,0,0,0,0,0,0
NonCurrent Deferred Liabilities,53.443,42.493,36.043,64.958,99.273,95.907,86.608,1.249,65.423,53.235,,53.235,53.443,48.669,47.135,43.647,42.493,40.238,35.66,31.312,36.043,50.348,59.206,58.198,64.958,98.619,96.981,97.938,99.273,130.147,98.424,0,95.907,97.15,95.149,89.776,86.608,89.696,96.252,94.537,1.249,0.282,0,0,65.423,0,0
Other Long-Term Liabilities,39.805,24.656,22.299,0,1.594,9.321,6.499,0.335,17.388,37.492,,37.492,39.805,23.236,23.493,24.839,24.656,23.606,14.757,14.919,22.299,0,0,0,0,0.888,1.07,1.686,1.594,11.142,11.315,0,9.321,8.757,10.548,9.208,6.499,6.324,6.4,6.025,0.335,0.056,0,0,17.388,0,0
Total Long-Term Liabilities,190.848,348.604,323.39,327.513,464.489,139.548,93.107,1.583,313.243,189.049,,189.049,190.848,400.054,408.963,395.792,348.604,351.614,331.758,321.016,323.39,320.094,311.884,307.567,327.513,421.496,417.463,461.089,464.489,299.068,144.516,0,139.548,140.658,140.852,133.092,93.107,96.021,102.653,100.562,1.583,0.339,0,0,313.243,0,0
Total Liabilities,461.376,434.126,344.602,344.635,487.069,151.436,105.151,5.844,461.447,636.885,,636.885,461.376,456.732,465.218,445.646,434.126,424.711,386.594,375.246,344.602,333.863,382.337,324.149,344.635,439.982,437.745,482.354,487.069,316.94,165.633,,151.436,151.265,149.352,140.169,105.151,105.259,108.416,109.098,5.844,1.563,1.427,,461.447,,
,,,,,,,,,,,,,,,,,,,,,,,,,,,,,,,,,,,,,,,,,,,,,,,
Common Stock,1393.507,1387.016,1257.764,1197.65,1278.889,681.378,543.285,60.454,1937.034,1645.309,,1645.309,1393.507,1404.439,1471.069,1419.132,1387.016,1335.949,1285.501,1184.918,1257.764,1135.094,1115.855,1203.676,1197.65,1245.135,1236.094,1254.053,1278.889,1319.958,686.762,0,681.378,693.29,703.032,683.025,543.285,557.098,597.163,581.453,60.454,0.001,0.001,0,1937.034,0,0
Preferred Stock,0,0,0,0,0,0,0,0,0,0,,0,0,0,0,0,0,0,0,0,0,0,0,0,0,0,0,0,0,0,0,0,0,0,0,0,0,0,0,0,0,0,0,0,0,0,0
Retained Earnings,-221.127,-136.2,-189.603,51.505,158.59,187.65,148.618,162.4,-407.899,-221.844,,-221.844,-221.127,-205.696,-202.357,-178.934,-136.2,-200.002,-200.738,-194.49,-189.603,-65.254,-25.043,20.351,51.505,143.113,143.902,156.222,158.59,222.71,194.467,0,187.65,180.667,173.471,158.159,148.618,152.999,158.454,154.36,162.4,173.475,170.988,0,-407.899,0,0
Accumulated other comprehensive income (loss),45.977,38.216,10.228,17.49,-2.254,5.876,-30.047,4.812,0.015,20.899,,20.899,45.977,47.495,40.661,46.432,38.216,45.239,44.799,25.928,10.228,15.103,10.111,15.773,17.49,-5.394,7.221,-6.213,-2.254,-8.567,-0.551,0,5.876,7.141,-10.377,-22.892,-30.047,-10.739,-12.453,-14.042,4.812,0.051,2.365,0,0.015,0,0
Additional Paid-In Capital,33.223,32.454,28.584,15.801,10.388,8.555,7.412,0.591,71.084,49.405,,49.405,33.223,32.39,32.536,36.11,32.454,30.08,28.202,27.106,28.584,25.709,27.227,25.418,15.801,13.259,11.334,10.847,10.388,10.141,8.842,0,8.555,7.608,7.398,7.019,7.412,8.544,8.56,9.972,0.591,0.114,0,0,71.084,0,0
Treasury Stock,0,0,0,0,0,0,0,0,0,0,,0,0,0,0,0,0,0,0,0,0,0,0,0,0,0,0,0,0,0,0,0,0,0,0,0,0,0,0,0,0,0,0,0,0,0,0
Other Stockholders Equity,25.455,27.85,27.089,36.099,37.984,25.483,13.179,0,26.863,11.461,,11.461,25.455,25.714,26.663,25.923,27.85,26.964,26.323,25.554,27.089,26.941,26.844,26.679,36.099,37.212,36.954,37.503,37.984,27.683,25.568,0,25.483,25.932,26.363,25.701,13.179,13.425,14.403,14.114,0,0,0,0,26.863,0,0
Total Stockholders Equity,1277.035,1349.336,1134.062,1318.543,1483.597,908.941,682.447,228.257,1627.097,1505.23,,1505.23,1277.035,1304.342,1368.572,1348.663,1349.336,1238.23,1184.088,1069.016,1134.062,1137.593,1154.994,1291.897,1318.543,1433.325,1435.506,1452.412,1483.597,1571.924,915.088,0,908.941,914.637,899.888,851.012,682.447,721.327,766.126,745.857,228.257,173.641,173.354,0,1627.097,0,0
Minority Interest,113.637,87.959,0,0,0,1.4,1.02,0,0,142.81,,142.81,113.637,125.379,138.981,143.682,87.959,0,0,0,0,0,0,0,0,0,0,0,0,1.298,1.273,0,1.4,1.395,1.481,1.508,1.02,1.104,1.236,1.26,0,0,0,0,0,0,0
Total Equity,1390.673,1437.296,1134.062,1318.543,1483.597,910.341,683.468,228.257,1627.097,1648.04,,1648.04,1390.673,1429.721,1507.553,1492.345,1437.296,1238.23,1184.088,1069.016,1134.062,1137.593,1154.994,1291.897,1318.543,1433.325,1435.506,1452.412,1483.597,1573.222,916.361,,910.341,916.031,901.369,852.519,683.468,722.431,767.362,747.117,228.257,173.641,173.354,,1627.097,,
Equity-to-Asset,0.69,0.721,0.767,0.793,0.753,0.856,0.865,0.975,0.779,0.659,,0.659,0.69,0.691,0.694,0.696,0.721,0.745,0.754,0.74,0.767,0.773,0.751,0.799,0.793,0.765,0.766,0.751,0.753,0.832,0.846,0,0.856,0.857,0.856,0.857,0.865,0.871,0.875,0.871,0.975,0.991,0.992,0,0.779,0,0
,,,,,,,,,,,,,,,,,,,,,,,,,,,,,,,,,,,,,,,,,,,,,,,
Cashflow Statement,,,,,,,,,,,,,,,,,,,,,,,,,,,,,,,,,,,,,,,,,,,,,,,
Net Income From Continuing Operations,-44.277,12.67,-177.838,-78.585,-33.509,31.377,20.804,-1.817,-26.961,-57.25,,-4.367,-27.518,-4.855,-20.51,7.768,3.111,9.459,9.628,-9.54,-117.834,-34.683,-4.927,-19.856,-84.759,4.2,0.389,1.786,-50.398,5.399,8.226,2.988,6.488,13.484,12.14,-0.096,3.317,7.394,3.177,8.118,-1.892,5.297,-2.078,-3.148,-7.959,-3.749,-11
"Cash Flow Depreciation, Depletion and Amortization",40.573,36.618,36.654,39.287,22.093,8.628,0.558,0.012,0,43.4,,11.862,11.688,10.195,9.651,9.755,10.803,7.524,6.627,10.123,9.232,8.524,9.155,9.468,9.69,10.113,10.143,10.262,10.014,6.809,2.791,2.504,2.146,2.058,2.224,2.33,0.47,0.033,0.037,0.024,0,0,0,0,0,0,0
  Change In Receivables,0.372,-3.652,3.743,-6.41,-0.977,0.777,-1.866,-0.487,0,0.74,,-1.423,3.299,-1.399,0.258,-1.821,-1.597,-0.351,0.326,-1.87,-0.327,5.984,-4.474,2.529,-4.248,-0.657,-0.349,-1.23,0.297,-1.183,-0.449,0.316,0.525,-0.367,0.669,-0.902,-2.427,1.867,0.15,-1.476,-0.137,-0.205,-0.164,0,0,0,0
  Change In Inventory,-10.215,0,0,7.338,-6.842,0,0,0,0,-8.46,,-5.069,-3.686,-0.601,0.897,-6.915,0,0,0,0,0,0,0,0,4.301,1.68,1.518,-0.08,0,-5.952,0,0,0,0,0,0,0,0,0,0,0.002,0.003,-0.005,0,0,0,0
  Change In Prepaid Assets,0,0,0,-0.023,-0.173,-0.424,0.044,-0.09,0.248,0,,0,0,0,0,0,0,0,0,0,0,0,0,0,0,0,0,-0.014,0,0,0,0.092,0.109,-0.487,0.084,-0.136,0.098,0.014,-0.028,-0.046,0.141,-0.053,0.105,-0.291,0.015,-0.158,0.075
  Change In Payables And Accrued Expense,-5.723,6.029,-6.272,-2.854,7.648,-0.935,-0.397,2.422,-0.089,5.81,,7.875,-6.974,8.029,-3.119,-3.787,6.616,2.752,-1.581,-1.612,-4.886,-3.291,2.777,-0.866,-1.727,0.543,-2.114,0.428,4.893,3.388,0.686,-1.161,0.132,0.072,1.505,-2.615,2.648,-0.08,-1.512,-1.736,1.307,-0.232,1.451,-0.027,0,0,0
  Change In Other Working Capital,-3.965,-1.023,-1.1,0,0,0,-0.171,0,0,-5.28,,-0.604,-2.691,-0.349,-1.637,0.646,-1.447,0.944,-1.058,0.521,-0.892,-0.243,0.107,-0.07,-0.153,-0.018,0.165,0,-1.041,-0.433,0.066,0,0,0,0,0,-0.171,0,0,0,0,0,0,0,-0.089,0,0
Change In Working Capital,-19.53,1.354,-3.63,-1.949,-0.345,-0.581,-2.39,1.844,0.159,-7.19,,0.78,-10.052,5.679,-3.601,-11.877,3.572,3.345,-2.313,-2.961,-6.104,2.449,-1.59,1.592,-1.827,1.548,-0.779,-0.896,4.149,-4.18,0.303,-0.753,0.766,-0.783,2.258,-3.653,0.149,1.802,-1.391,-3.258,1.313,-0.487,1.387,-0.318,-0.074,-0.158,0.075
Deferred Tax,9.159,2.935,-31.283,-26.771,-18.913,6.276,5.975,2.854,0.118,10.75,,4.051,0.705,3.147,2.85,2.665,1.694,2.732,1.099,-2.518,-15.134,-9.064,0.163,-7.091,-30.109,1.337,0.819,1.289,-22.283,0.455,1.522,1.286,0,0,0,-0.578,1.427,2.616,1.063,1.151,1.254,1.884,-0.223,0.01,0.056,0.019,0.022
Stock Based Compensation,10.375,7.307,6.318,4.309,8.239,5.533,3.843,0.59,0,10.78,,2.867,3.164,3.038,1.71,2.626,1.897,1.943,1.24,1.92,1.557,1.548,1.144,2.019,1.667,0.399,1.798,0.518,0.995,2.386,2.76,1.987,1.244,0.717,2.497,1.179,1.006,1.101,1.035,0.911,0,0.118,0,0,0,0,0
Asset Impairment Charge,98.945,26.776,198.041,123.784,69.7,0,0.895,5.105,17.64,97.68,,0.411,37.852,26.296,33.125,3.501,2.103,0.968,2.3,18.84,112.841,55.358,0,29.093,123.784,0,0,0,0,0,0,0,0,0,0,0,0,0,0,0,1.252,1.464,0.937,1.635,6.545,2.225,8.601
Cash from Discontinued Operating Activities,0,0,0,0,0,0,0,100.647,232.251,0,,0,0,0,0,0,0,0,0,0,0,0,0,0,0,0,0,0,0,0,0,0,0,0,0,0,0,0,0,0,0,0,20.015,84.982,48.79,70.027,56.35
Cash Flow from Others,-12.359,-3.362,41.294,1.073,-9.113,-11.167,-8.607,-1.633,2.934,-11.82,,3.047,-5.863,-11.078,2.074,2.528,2.296,1.333,-7.202,1.186,28.507,-2.765,12.121,3.285,-4.634,-1.764,2.609,5.059,74.379,-9.978,-5.006,0.962,-1.062,-4.05,-6.815,7.335,-0.274,-3.452,1.309,-5.761,1.64,-2.748,-0.234,0.062,1.051,-0.037,0.196
Cash Flow from Operations,82.887,84.299,69.556,61.148,38.152,40.066,21.078,107.602,226.142,86.35,,18.649,9.977,32.423,25.3,16.966,25.477,27.304,11.38,17.049,13.064,21.368,16.066,18.51,13.813,15.832,14.979,18.018,16.856,0.891,10.595,8.974,9.582,11.427,12.303,6.518,6.095,9.493,5.23,1.185,3.567,5.529,19.805,83.224,48.409,68.328,54.244
,,,,,,,,,,,,,,,,,,,,,,,,,,,,,,,,,,,,,,,,,,,,,,,
"Purchase Of Property, Plant, Equipment",-215.807,-107.651,-63.889,-105.095,-62.852,-41.499,-23.7,-0.121,-4.909,-206.59,,-17.633,-49.222,-63.69,-76.043,-31.509,-45.69,-21.605,-20.977,-16.013,-9.159,-32.865,0,-20.918,-35.901,-25.977,-37.441,-7.709,-18.406,-1.029,-9.415,-32.1,-3.757,-0.582,-15.537,-22.34,-19.22,-3.771,-0.849,-0.072,0,0,0,0,0,-0.786,0
"Sale Of Property, Plant, Equipment",0,0,43.296,118.624,0,2.721,0,0,0,0,,0,0,0,0,0,0,0,0,0,10.505,32.612,0.024,0,0,0,0,0,0,0,0,0,0,0,0,2.745,0,0,0,0,0,0,0,0,0,0,0
Purchase Of Business,0,-40.759,-1.149,0,-486.671,0,-23.481,-1.38,0,0,,0,0,0,0,0,0,-36.816,0,0,0,0,0,0,0,0,0,0,0,-506.898,0,0,0,0,0,0,0,0,0,0,0,-0.136,0,0,0,0,0
Sale Of Business,0,0,6.312,0,0,0,25.45,0,0,0,,0,0,0,0,0,0,0,0,0,0,0,0,0,0,0,0,0,0,0,0,0,0,0,0,0,0,0,0,27.659,0,0,0,0,0,0,0
Purchase Of Investment,-36.495,-38.406,-77.767,-85.402,-194.094,-63.111,-125.093,-26.605,-0.018,-37.68,,-8.479,-3.553,-22.357,-3.295,-7.806,-4.108,-6.742,-13.545,-11.931,-21.772,-12.819,-28.512,-14.119,-7.435,-24.027,-45.189,-10.925,-60.52,-32.523,-51.377,-47.299,-14.785,-34.76,-10.308,-4.165,-23.305,-21.52,-26.233,-41.757,-20.623,-5.357,-0.923,0,0,0,0
Sale Of Investment,42.529,8.803,98.814,20.127,57.277,96.846,25.157,0.057,0.982,44.05,,16.631,17.906,2.69,6.823,15.73,0.528,5.414,2.299,0.231,0.167,53.949,43.684,0.316,0,0,1.116,19.777,18.529,21.171,1.481,16.816,87.547,2.257,5.585,1.622,1.314,3.548,1.683,0,0,0,0,0.045,0,0,1.013
Net Intangibles Purchase And Sale,0,0,0,0,0,0,0,0,0,0,,0,0,0,0,0,0,0,0,0,0,0,0,0,0,0,0,0,0,0,0,0,0,0,0,0,0,0,0,0,0,0,0,0,0,0,0
Cash From Discontinued Investing Activities,0,0,0,0,0,0,0,-67.408,-130.195,0,,0,0,0,0,0,0,0,0,0,0,0,0,0,0,0,0,0,0,0,0,0,0,0,0,0,0,0,0,0,0,0,-42.199,-28.84,-21.379,-47.21,-25.815
Cash From Other Investing Activities,-2.757,3.839,0.126,2.896,-0.883,-6.243,19.063,-0.819,0,-2.94,,-0.212,1.723,-3.449,-1.006,-0.107,-2.733,3.691,-0.004,0.029,5.227,-0.137,-0.292,0.023,119.204,1.535,0.026,0.832,0.582,-0.415,-1.213,0.928,-0.532,-1.932,-1.754,-1.266,-0.109,-1.773,-1.667,-1.194,-1.277,-0.185,-0.156,-0.596,-1.953,0.266,-0.98
Cash Flow from Investing,-212.53,-174.174,5.742,-48.85,-687.223,-11.285,-102.604,-96.275,-134.139,-203.16,,-9.694,-33.146,-86.805,-73.52,-23.692,-52.003,-56.059,-32.227,-27.685,-15.032,40.741,14.905,-34.697,75.869,-48.469,-81.488,1.976,-59.815,-519.695,-60.524,-61.655,68.472,-35.018,-22.013,-23.404,-41.321,-23.515,-27.066,-15.364,-21.9,-5.679,-43.279,-29.391,-23.332,-47.731,-25.782
,,,,,,,,,,,,,,,,,,,,,,,,,,,,,,,,,,,,,,,,,,,,,,,
Issuance of Stock,0,66.36,0,0.266,206.968,133.394,3.564,171.376,12.053,0,,0,0,0,0,0,0,0,62.721,0,0,0,0,0,0,0,0,0.088,0.06,213.223,1.14,0.649,0.244,0.835,1.226,132.302,0.858,0.247,1.776,0.941,34.135,0,143.431,2.639,9.143,1.656,0.751
Repurchase of Stock,-24.055,-3.07,-108.603,-23.253,-1.427,0,0,0,0,-24.63,,-3.854,-0.227,-20.548,0,-3.552,0,0,-0.721,-2.117,-1.239,-53.949,-43.684,-8.901,-6.89,0,-1.259,-15.722,0,0,0,-1.361,0,0,0,0,0,0,0,0,0,0,0,0,0,0,0
Net Issuance of Preferred Stock,0,0,0,0,0,0,0,0,0,0,,0,0,0,0,0,0,0,0,0,0,0,0,0,0,0,0,0,0,0,0,0,0,0,0,0,0,0,0,0,0,0,0,0,0,0,0
  Issuance of Debt,42.199,55.945,15.014,0,350.32,37.484,0,0,0,6.19,,3.057,3.137,0,0,39.78,0,0,0,51.332,0,14.932,0,0,0,0,0,0,234.944,119.98,0,0,0,0,0,37.804,0,0,0,0,0,0,0,0,0,0,0
  Payments of Debt,-44.401,-15.895,-22.781,-91.899,0,0,0,0,0,-7.82,,-4.642,-1.762,-1.419,0,-40.458,-15.431,-0.152,0,0,0,0,0,-22.437,-53.331,0,-39.482,0,0,0,0,0,0,0,0,0,0,0,0,0,0,0,0,0,0,0,0
Net Issuance of Debt,-2.202,40.05,-7.767,-91.899,350.32,37.484,0,0,0,-1.63,,-1.585,1.375,-1.419,0,-0.678,-15.431,-0.152,0,51.332,0,14.932,0,-22.437,-53.331,0,-39.482,0,234.944,119.98,0,0,0,0,0,37.804,0,0,0,0,0,0,0,0,0,0,0
Cash Flow for Dividends,-25.362,-22.573,-20.848,-20.697,-15.134,-11.483,-7.171,0,0,-26.53,,-6.89,-6.812,-6.352,-6.476,-6.191,-6.129,-5.202,-4.899,-5.403,-5.252,-5.087,-5.647,-4.71,-4.771,-5.682,-4.911,-5.835,-5.925,-3.038,-2.969,-3.049,-3.063,-2.895,-3.073,-2.627,-1.946,-2.133,-2.252,-1.229,0,0,0,0,0,0,0
Other Financing,36.306,166.608,14.27,-0.727,-9.02,-3.311,137.812,-171.281,-39.974,269.9,,267.199,1.314,-0.783,2.172,32.779,162.598,4.819,-0.618,-0.569,-1.912,11.505,0.427,4.12,-0.243,0.063,0.058,-0.437,-9.883,-0.155,0,0.965,0.642,-0.043,-0.202,-3.746,-0.178,-0.005,-0.444,150.405,-0.191,0,-168.237,-13.595,3.035,-16.178,-14.545
Cash Flow from Financing,-15.313,247.374,-122.948,-136.31,531.707,156.084,134.205,0.095,-27.921,217.11,,254.87,-4.349,-29.103,-4.304,22.358,141.038,-0.534,56.483,43.243,-8.404,-32.599,-48.904,-31.927,-65.234,-5.619,-45.595,-21.906,219.196,330.01,-1.829,-2.796,-2.177,-2.103,-2.049,163.733,-1.266,-1.891,-0.92,150.117,33.944,0,-24.806,-10.956,12.178,-14.521,-13.794
,,,,,,,,,,,,,,,,,,,,,,,,,,,,,,,,,,,,,,,,,,,,,,,
Beginning Cash Position,236.347,84.49,132.33,248.366,390.985,193.799,127.741,139.963,87.629,254.75,,91.389,118.707,201.218,262.381,240.691,125.463,152.661,116.828,77.524,93.934,63.129,81.644,130.331,102.105,144.722,253.422,258.026,85.286,283.934,318.591,372.936,294.413,323.841,340.475,195.455,221.754,241.188,281.754,138.826,136.289,142.349,193.008,145.318,114.456,111.667,97.303
  Effect of Exchange Rate Changes,-1.0015625,-5.807635256,-2.49981016,5.346085144,-12.28130629,-4.386385786,8.09450886,0.514221297,0,-0.03,,-0.198262243,-0.8,2.182937416,-1.213584288,-1.226032302,-3.792645796,-1.901738473,-3.429752066,3.282951289,-1.382033564,0.783928706,-0.809692227,-1.072470271,3.146769872,-1.212214209,2.4,1.070903889,-0.183256324,-6.450036648,-4.597969161,-1.056995593,3.987555289,1.454073848,0.499457112,-10.37350673,3.25165901,3.949947234,-0.23534169,1.340941512,0,0.164381073,0,0,0,0,0
Net Change in Cash,-145.958,151.691,-50.15,-118.666,-129.645,180.478,60.773,11.937,64.081,100.27,,263.627,-28.318,-81.302,-53.737,14.405,110.718,-31.191,32.206,35.89,-11.754,30.295,-18.743,-49.187,27.595,-39.468,-109.704,-0.841,176.054,-195.244,-56.356,-56.534,79.865,-24.24,-11.26,136.474,-33.24,-11.962,-22.992,137.278,15.61,0.015,-48.28,42.877,37.254,6.076,14.667
Ending Cash Position,90.389,236.181,82.18,129.7,261.34,374.278,188.514,151.9,151.711,355.016,,355.016,90.389,119.916,208.644,255.096,236.181,121.47,149.034,113.413,82.18,93.423,62.901,81.144,129.7,105.254,143.719,257.185,261.34,88.69,262.235,316.402,374.278,299.601,329.216,331.929,188.514,229.226,258.763,276.105,151.9,142.364,144.729,188.195,151.711,117.743,111.97
,,,,,,,,,,,,,,,,,,,,,,,,,,,,,,,,,,,,,,,,,,,,,,,
Capital Expenditure,-215.807,-107.651,-63.889,-105.095,-62.852,-41.499,-23.7,-0.121,-4.909,-206.59,,-17.633,-49.222,-63.69,-76.043,-31.509,-45.69,-21.605,-20.977,-16.013,-9.159,-32.865,0,-20.918,-35.901,-25.977,-37.441,-7.709,-18.406,-1.029,-9.415,-32.1,-3.757,-0.582,-15.537,-22.34,-19.22,-3.771,-0.849,-0.072,0,0,0,0,0,-0.786,0
Free Cash Flow,-132.92,-23.352,5.667,-43.948,-24.7,-1.433,-2.622,107.482,221.232,-120.24,,1.016,-39.245,-31.267,-50.742,-14.544,-20.213,5.698,-9.597,1.036,3.905,-11.496,16.066,-2.407,-22.088,-10.145,-22.462,10.309,-1.551,-0.138,1.18,-23.126,5.825,10.845,-3.233,-15.822,-13.126,5.723,4.381,1.113,3.567,5.529,19.805,83.224,48.409,67.542,54.244
,,,,,,,,,,,,,,,,,,,,,,,,,,,,,,,,,,,,,,,,,,,,,,,
Valuation Ratios,,,,,,,,,,,,,,,,,,,,,,,,,,,,,,,,,,,,,,,,,,,,,,,
PE Ratio,0,161.3,0,0,0,32.73,42.72,0.45,9999,0,,0,0,0,242.71,57.67,161.3,0,0,0,0,0,0,0,0,0,0,0,0,59.63,40.64,33.59,32.73,40,58.44,77.49,42.72,0,0,0.46,0.45,0.38,0.43,9999,9999,9999,9999
PE Ratio without NRI,0,161.3,0,0,0,32.73,42.72,0,9999,0,,0,0,0,242.71,57.67,161.3,0,0,0,0,0,0,0,0,0,0,0,0,59.63,40.64,33.59,32.73,40,58.44,77.49,42.72,61.84,63.39,105.95,0,67.85,54.78,9999,9999,9999,9999
Price-to-Owner-Earnings,0,0,0,0,0,0,0,0,0,0,,0,0,0,0,0,0,0,0,0,0,0,0,0,0,0,0,0,0,0,0,0,0,0,0,0,0,0,0,0,0,0,0,0,0,0,0
PB Ratio,1.6,1.57,1.35,1.04,1.23,1.14,1.36,3.19,0,1.41,,1.62,1.6,1.43,1.68,1.37,1.57,1.59,1.4,1.09,1.35,1.18,1.29,1.35,1.04,0.83,1.03,1.04,1.23,1.29,1.43,0,1.14,1.28,1.54,1.33,1.36,1.37,1.55,1.64,3.19,3.62,4.18,0,0,0,0
Price-to-Tangible-Book,1.71,1.68,1.46,1.1,1.31,2.28,3.4,3.21,0,1.5,,1.72,1.71,1.54,1.8,1.46,1.68,1.71,1.5,1.18,1.46,1.27,1.39,1.44,1.1,0.88,1.1,11.17,1.31,14.77,3.08,0,2.28,2.57,3.23,2.74,3.4,3.1,3.47,3.7,3.21,3.62,4.18,0,0,0,0
Price-to-Free-Cash-Flow,0,0,257.55,0,0,0,0,6.07,0,0,,0,0,0,0,0,0,1750,0,138.16,257.55,0,0,0,0,0,0,144.65,0,0,0,0,0,0,0,0,0,58.26,54.39,23.58,6.07,3.95,3.26,0,0,0,0
Price-to-Operating-Cash-Flow,24.45,24.26,20.83,22.8,38.11,25.67,42.06,6.07,0,22.51,,25.57,24.45,18.8,23.27,21.63,24.26,27.25,24.34,17.47,20.83,20.08,24.86,27.95,22.8,18.05,29.71,29.27,38.11,43.16,31.39,28.31,25.67,30.95,36.96,36.89,42.06,45.93,52.23,23.54,6.07,3.93,3.24,0,0,0,0
PS Ratio,11.54,12.27,4.86,3.82,8.71,21.89,26.75,43.8,0,11.2,,12.72,11.54,9.9,11.51,10.01,12.27,12.5,8.07,4.6,4.86,4.11,4.62,5.03,3.82,3.17,4.36,5.79,8.71,17.02,25.28,24.51,21.89,23.7,29.89,26.47,26.75,26.31,25.69,33.15,43.8,70.9,0,0,0,0,0
PEG Ratio,0,0,0,0,0,0,0,0,0,0,,0,0,0,0,0,0,0,0,0,0,0,0,0,0,0,0,0,0,0,0,0,0,0,0,0,0,0,0,0,0,0,0,0,0,0,0
EV-to-Revenue,13.5,13.64,5.62,4.14,11.36,15,22.8,39.09,0,12.23,,14.73,13.5,11.73,13.01,11.35,13.64,14.38,9.68,5.51,5.62,4.34,4.76,5.46,4.14,3.75,4.93,6.46,11.36,22.26,20.81,24.54,15,19.19,25.4,21.47,22.8,25.51,30.42,43.1,39.09,54.59,0,0,0,0,0
EV-to-EBITDA,92.56,29.1,-10.89,-32.75,-82.54,14.14,27.18,535.94,0,118.43,,142.7,92.56,35.95,33.98,20.31,29.1,-32.4,-15.12,-10.49,-10.89,-10.97,-19.35,-24.57,-32.75,-1036.73,-188.2,-135.88,-82.54,44.4,20.48,21.36,14.14,19.81,30.15,37.27,27.18,34.1,47.24,72.33,535.94,-25.95,-20.66,0,0,0,0
EV-to-EBIT,-158.66,54.71,-8.79,-17.69,-42.08,17.09,27.74,542,0,-82.42,,-99.31,-158.66,103.36,69.54,31.42,54.71,-21.46,-11.75,-8.23,-8.79,-8.63,-13.33,-16.33,-17.69,-33.43,-36.68,-38.9,-42.08,64.41,25.15,25.42,17.09,23.45,35.09,42.91,27.74,34.24,47.39,72.46,542,-25.95,-20.66,0,0,0,0
Earnings Yield (Joel Greenblatt) %,-0.63,1.83,-11.38,-5.65,-2.38,5.85,3.6,0.18,0,-1.21,,-1.01,-0.63,0.97,1.44,3.18,1.83,-4.66,-8.51,-12.15,-11.38,-11.59,-7.5,-6.12,-5.65,-2.99,-2.73,-2.57,-2.38,1.55,3.98,3.93,5.85,4.26,2.85,2.33,3.6,2.92,2.11,1.38,0.18,-3.85,-4.84,0,0,0,0
Forward Rate of Return (Yacktman) %,0,0,0,0,0,0,0,0,0,0,,0,0,0,0,0,0,0,0,0,0,0,0,0,0,0,0,0,0,0,0,0,0,0,0,0,0,0,0,0,0,0,0,0,0,0,0
Shiller PE Ratio,0,0,0,0,0,0,0,0,0,0,,0,0,0,0,0,0,0,0,0,0,0,0,0,0,0,0,0,0,0,0,0,0,0,0,0,0,0,0,0,0,0,0,0,0,0,0
Dividend Yield %,1.37,1.18,1.56,1.74,0.95,1.25,1.01,0.18,0,1.54,,1.31,1.37,1.45,1.15,1.4,1.18,1.26,1.49,2.02,1.56,1.63,1.45,1.35,1.74,2.06,1.66,1.56,0.95,0.78,0.74,0,1.25,1.11,0.87,1,1.01,0.92,0.59,0.38,0.18,0,0,0,0,0,0
,,,,,,,,,,,,,,,,,,,,,,,,,,,,,,,,,,,,,,,,,,,,,,,
Valuation and Quality,,,,,,,,,,,,,,,,,,,,,,,,,,,,,,,,,,,,,,,,,,,,,,,
Market Cap,2039.547,2119.657,1529.027,1364.793,1824.136,1035.154,930.65,728.332,0,2072.108,,2438.122,2039.547,1868.513,2294.191,1845.4,2119.657,1974.042,1656.514,1165.49,1529.027,1339.21,1491.983,1743.793,1364.793,1187.158,1479.763,1510.703,1824.136,2027.185,1304.411,1183.186,1035.154,1166.212,1388.339,1135.048,930.65,987.115,1186.686,1221.821,728.332,627.975,724.255,0,0,0,0
Enterprise Value ($M),2397.793,2290.191,1696.174,1490.205,1926.417,695.022,743.011,576.432,0,2051.651,,2559.999,2397.793,2209.945,2568.522,2060.369,2290.191,2162.137,1810.226,1347.35,1696.174,1496.608,1670.18,1902.733,1490.205,1403.893,1654.694,1614.597,1926.417,2096.395,1077.062,1183.186,695.022,902.68,1095.681,838.659,743.011,757.47,923.798,940.053,576.432,485.611,579.526,0,0,0,0
Month End Stock Price,12.25,12.68,9.71,8.78,11.56,9.72,9.84,14.09,0,11.14,,13.19,12.25,11.23,13.7,11.02,12.68,11.83,10,7.44,9.71,9.3,10.44,11.24,8.78,7.59,9.47,9.67,11.56,12.91,12.22,11.1,9.72,10.94,13.04,10.68,9.84,10.46,12.58,13.16,14.09,13.11,15.12,0,0,0,0
Net Cash per Share,-2.91,-1.69,-1.57,-1.33,-1.43,2.09,0.87,2.83,-6.47,-2.28,,-2.28,-2.91,-2.78,-2.35,-1.98,-1.69,-1.72,-1.34,-1.57,-1.57,-1.53,-2.15,-1.5,-1.33,-2.14,-1.88,-1.44,-1.43,-1.45,0.9,,2.09,1.38,1.68,1.79,0.87,1.32,1.64,1.86,2.83,2.94,2.99,,-6.47,,
Net Current Asset Value,-2.74,-1.56,-1.51,-1.27,-1.34,2.16,0.92,2.84,-3.94,-1.2,,-1.2,-2.74,-2.6,-2.12,-1.79,-1.56,-1.61,-1.28,-1.51,-1.51,-1.43,-1.71,-1.47,-1.27,-1.31,-1.79,-1.34,-1.34,-1.32,0.96,,2.16,1.45,1.73,1.85,0.92,1.36,1.7,1.93,2.84,2.95,3,,-3.94,,
Net-Net Working Capital,-2.86,-1.67,-1.56,-1.31,-1.4,2.09,0.88,2.83,-5.69,-2.18,,-2.18,-2.86,-2.68,-2.22,-1.88,-1.67,-1.66,-1.31,-1.54,-1.56,-1.46,-2.1,-1.48,-1.31,-2.1,-1.82,-1.38,-1.4,-1.37,0.94,0,2.09,1.43,1.72,1.83,0.88,1.32,1.64,1.91,2.83,2.95,2.99,0,-5.69,0,0
Intrinsic Value: Projected FCF,3.15,5.37,6.78,0,0,0,0,0,0,4.8,,4.8,3.15,3.46,4.13,4.94,5.37,5.02,5.27,5.7,6.78,7.49,7.72,6.82,0,0,0,0,0,0,0,0,0,0,0,0,0,0,0,0,0,0,0,0,0,0,0
Median PS Value,0,0,0,0,0,0,0,0,0,0,,0,0,0,0,0,0,0,0,0,0,0,0,0,0,0,0,0,0,0,0,0,0,0,0,0,0,0,0,0,0,0,0,0,0,0,0
Peter Lynch Fair Value,0,0,0,0,0,0,0,0,0,0,,0,0,0,0,0,0,0,0,0,0,0,0,0,0,0,0,0,0,0,0,0,0,0,0,0,0,0,0,0,0,0,0,0,0,0,0
Graham Number,0,3.64,0,0,0,5.37,3.9,0,0,0,,0,0,0,2.93,5.56,3.46,0,0,0,0,0,0,0,0,0,0,0,0,2.01,5.13,0,5.42,5.13,4.48,3.46,4.02,3.63,4.11,3.21,0,4,4.81,0,0,0,0
Earnings Power Value (EPV),-5.03,-2.44,-2.39,-2.13,0,0,0,0,0,1.03,,1.03,-5.03,-4.16,-3.23,-2.29,-2.44,-2.86,-2.41,-2.4,-2.39,-2.36,-2.05,-2.28,-2.13,-2.47,-2,-1.36,0,0,0,0,0,0,0,0,0,0,0,0,0,0,0,0,0,0,0
Altman Z-Score,2.42,3.08,2.29,2.6,2.49,4.98,6.08,77.2,0,1.96,,2.23,2.42,2.5,3.14,2.71,3.08,2.59,2.28,1.56,2.29,2.28,2.29,3.28,2.6,1.97,2.33,2.2,2.49,4.23,5.31,5.54,4.98,5.37,6.35,5.5,6.08,6.43,7.36,7.5,77.2,239.1,300.6,0,0,0,0
Piotroski F-Score,4,6,4,5,3,4,5,9999,9999,4,,4,4,8,7,7,6,4,4,3,4,5,5,9999,5,4,3,9999,3,4,5,4,4,4,3,9999,5,9999,9999,9999,9999,9999,9999,9999,9999,9999,9999
Beneish M-Score,-2.53,-1.03,-3.19,-0.99,-0.93,-2.89,2.27,0,0,-2.82,,-2.82,-2.53,-2.37,-1.82,-1.69,-1.03,-3.09,-3.06,-2.37,-3.19,-2.55,-2.15,-2.16,-0.99,0.56,3.39,0,-0.93,-1.6,-2.59,-2.96,-2.89,-2.72,-4.2,-3.28,2.27,2.57,0,0,0,0,0,0,0,0,0
Scaled Net Operating Assets,0.874,1.028,0.782,0.733,1.494,0.721,2.114,0.037,0.849,0.879,,0.879,0.867,0.834,0.848,0.836,0.914,0.908,0.926,0.846,0.884,0.842,0.825,0.872,0.771,0.881,0.832,0.79,0.839,1.517,0,0,0.533,0.62,0.612,0.703,0.598,0.561,0.588,1.982,0.436,0.179,0,0,0,0,0
Sloan Ratio %,6.01,5.51,-17.12,-5.46,31.25,0.26,13,614.93,-24.89,3.93,,3.93,6.14,7.27,6.06,5.88,5.34,-2.77,-11.53,-17.13,-17.06,-21.12,-11.52,-4.6,-5.35,4.17,30.19,28.78,32.01,29.98,7.35,,0.41,10.73,9.4,10.27,13.62,10.3,7.91,185.34,654.65,856.65,849.22,,,,
Current Ratio,0.44,3.06,5.03,8.59,12.24,32.21,16.07,35.83,1.84,1.25,,1.25,0.44,2.64,4.44,5.8,3.06,2.14,3.19,2.55,5.03,9.27,1.96,5.84,8.59,12.7,7.78,12.83,12.24,6.18,12.75,0,32.21,28.98,39.45,47.8,16.07,25.39,46.89,33.87,35.83,116.79,101.7,0,1.84,0,0
Quick Ratio,0.39,2.97,4.97,8.59,11.9,32.21,16.07,35.83,1.34,1.2,,1.2,0.39,2.38,4.06,5.51,2.97,2.03,3.19,2.55,4.97,9.27,1.96,5.84,8.59,12.46,7.49,12.46,11.9,5.8,12.75,0,32.21,28.98,39.45,47.8,16.07,25.39,46.89,33.87,35.83,116.79,101.7,0,1.34,0,0
Cash Ratio,0.33,2.79,4.62,8.01,11.57,31.62,15.66,35.65,1.02,0.8,,0.8,0.33,2.12,3.76,5.17,2.79,1.88,3,2.37,4.62,8.2,1.07,5.49,8.01,5.69,7.12,12.11,11.57,5.03,12.47,0,31.62,28.25,38.74,46.91,15.66,24.98,45.83,33.16,35.65,116.29,101.45,0,1.02,0,0
Interest Coverage,3.23,2.6,2.24,1.68,2.21,7.58,27.42,59.07,9999,2.54,,1.06,1.62,3.38,4.18,3.8,3.12,3.56,1.75,2.06,2.27,2.54,2.29,1.84,1.49,1.73,1.53,1.97,1.15,0.57,5.95,6.57,6.13,10.03,4.61,10.68,23.25,38.15,26.08,20.61,24.47,10000,10000,10000,9999,10000,10000
Highest Stock Price,14.49,13.6,13.38,11.03,13.9,13.54,13.5,14.09,0,14.565,,14.76,13.49,13.64,14.76,13.48,12.93,12.99,10.88,9.96,9.97,13.14,11.82,11.93,8.78,9.85,10.4,11.69,13.18,14,13.35,11.75,10.71,13.9,13.16,12.15,10.65,12.38,14.78,14.75,14.09,15.08,15.21,0,0,0,0
Lowest Stock Price,9.89,5.78,8.56,6.83,10.42,8.96,9.18,0,0,10.175,,11.03,11.17,11.17,11.55,9.95,10.71,10.15,7.82,5.21,8.56,9.3,10.04,8.6,6.83,7.47,9.16,9.55,11.07,12.35,10.71,9.83,8.96,10.94,10.54,9.93,9.66,9.46,12.58,12.19,11.73,12.95,0,0,0,0,0
Shares Buyback Ratio %,0.4,-6.16,-1.3,1.49,-48.17,-12.6,-82.97,-7.91,,-10.38285744,,-11.02,-0.06,0.64,0,-0.18,-0.18,-0.73,-5.74,0.52,-9.35,-0.76,7.88,0.19,0.62,-0.1,-0.02,1,-0.49,-47.1,-0.14,-0.09,0.1,-0.12,-0.18,-12.37,-0.22,-0.04,-1.6,-79.61,-7.91,0,0,0,0,0,
Buyback Yield %,1.18,-2.99,7.1,1.68,-11.27,-12.89,-0.38,-23.53,0,1.19,,0.63,0.04,4.4,0,0.77,0,0,-14.97,0.73,0.32,16.11,11.71,2.04,2.02,0,0.34,4.14,-0.01,-42.07,-0.35,0.24,-0.09,-0.29,-0.35,-46.62,-0.37,-0.1,-0.6,-0.31,-18.75,0,-79.22,0,0,0,0
YoY Rev. per Sh. Growth,2.07,-47.9,-15.44,78.59,191.16,20.38,14.9,0,0,-3.74,,-12.57,-23.65,-7.24,52.91,32.28,20.36,-55.69,-71.44,-50.08,-53.06,4.14,-4.91,-21.12,0.85,39.11,419.59,413.36,465.14,214,12.54,0.76,-2.61,34.62,32.72,1.31,-27.19,-48.61,0,0,0,0,0,0,0,0,0
YoY EPS Growth,-240.1,106.63,-136.03,-92.95,-186.18,28.5,-99.26,453.45,0,-194.44,,-96.78,-750.46,-86.95,-224.76,174.04,102,125.02,296.12,49.29,-45.96,-887.49,-1308.15,-1744.31,-31.59,-24.63,-96.69,-74.12,-779.02,-68.6,-35.34,0,105.61,72.05,259.61,-100.41,104.49,-30.83,-99.9,-75.65,-416.01,-44.66,439.66,0,0,0,0
YoY EBITDA Growth (%),-68.25,147.3,-245.77,-63.91,-137.75,52.31,1221.39,104.22,0,-81.36,,-33.8,-138.3,-45.74,-112.14,654.89,119.66,170.82,138.07,123.88,-23.64,-259.95,-45.12,-171.15,-73.52,33.39,-16.14,68.11,-474.69,-46.93,-27.43,230.52,74.23,74.45,272.29,-83.78,556.43,-28.45,189.74,299.95,97.14,567.43,-11.87,0,0,0,0
5-Year EBITDA Growth Rate (Per Share),0,0,0,0,0,0,0,0,0,0,,0,0,0,0,0,0,0,0,0,0,0,0,0,0,0,0,0,0,0,0,0,0,0,0,0,0,0,0,0,0,0,0,0,0,0,0
Shares Outstanding (Basic Average),167.628,162.303,151.266,156.617,127.939,104.671,87.856,45.964,47.9,166.926,,166.926,167.154,167.924,167.895,165.842,162.249,166.11,164.733,155.374,150.354,144.446,154.988,155.059,156.335,156.252,156.232,157.665,157.579,140.605,106.656,106.543,106.627,106.564,106.374,99.093,94.444,94.356,93.018,69.33,48.562,46.7,44.845,47.9,47.9,47.9,47.9
Shares Outstanding (EOP),166.494,167.165,157.469,155.443,157.797,106.497,94.578,51.691,47.9,184.88,,184.846,166.494,166.386,167.459,167.459,167.165,166.867,165.651,156.652,157.469,144.001,142.91,155.142,155.443,156.411,156.258,156.226,157.797,157.024,106.744,106.593,106.497,106.601,106.468,106.278,94.578,94.37,94.331,92.844,51.691,47.9,47.9,47.9,47.9,47.9,47.9
Beta,1.13,0.7,-0.11,-0.53,0.25,0,0,0,0,1.03,,1.04,1.13,0.75,0.71,0.71,0.7,0.73,0.64,0.33,-0.11,-0.08,0.03,-0.25,-0.53,0.06,0.08,0.18,0.25,0.21,0.27,0,0,0,0,0,0,0,0,0,0,0,0,0,0,0,0
Restated Filing Date,03/18/22,03/18/22,03/31/21,03/27/20,03/29/19,03/29/18,03/27/17,03/14/16,02/18/15,05/12/22,,05/12/22,03/18/22,11/10/21,08/10/21,05/12/22,03/18/22,11/10/21,08/10/21,05/12/21,03/31/21,11/10/20,08/05/20,05/12/20,03/27/20,11/07/19,07/31/19,05/01/19,03/29/19,11/09/18,08/03/18,05/03/18,03/29/18,11/08/17,08/04/17,05/04/16,03/27/17,11/09/16,08/04/16,05/04/16,03/14/16,11/05/15,08/06/15,05/15/15,02/18/15,11/05/14,08/01/14
Filing Date,03/18/22,02/25/21,03/27/20,03/29/19,03/29/18,03/27/17,03/14/16,02/18/15,02/18/15,05/12/22,,05/12/22,03/18/22,11/10/21,08/10/21,05/12/22,02/25/21,11/10/20,08/05/20,05/12/20,03/27/20,11/07/19,07/31/19,05/01/19,03/29/19,11/09/18,08/03/18,05/03/18,03/29/18,11/08/17,08/04/17,05/03/18,03/27/17,11/09/16,08/04/16,05/04/16,03/14/16,11/05/15,08/06/15,05/15/15,02/18/15,11/05/14,08/01/14,05/15/15,02/18/15,11/05/14,08/01/14
Earnings Release Date,02/25/22,02/25/21,02/20/20,02/21/19,02/20/18,,,,,05/12/22,,05/12/22,02/25/22,11/10/21,08/10/21,05/12/21,02/25/21,11/10/20,08/06/20,05/13/20,02/20/20,11/07/19,08/01/19,05/02/19,02/21/19,11/07/18,08/03/18,05/04/18,02/20/18,11/08/17,08/04/17,,,11/10/16,08/04/16,,,,,,,,,,,,
Number of Shareholders,0,0,0,0,0,0,0,0,0,0,,0,0,0,0,0,0,0,0,0,0,0,0,0,0,0,0,0,0,0,0,0,0,0,0,0,0,0,0,0,0,0,0,0,0,0,0
Number of Employees,28,31,124,40,42,28,48,39,0,28,,28,28,31,31,31,31,124,124,124,124,40,40,40,40,42,42,42,42,28,28,28,28,48,48,48,48,39,39,39,39,0,0,0,0,0,0
,,,,,,,,,,,,,,,,,,,,,,,,,,,,,,,,,,,,,,,,,,,,,,,
Forex Rate,1.28,1.2809,1.3169,1.3436,1.2769,1.3339,1.3713,1.1532,1.0639,,,1.266,1.28,1.2671,1.222,1.2569,1.2809,1.323,1.3552,1.396,1.3169,1.3241,1.3289,1.3371,1.3436,1.3034,1.3125,1.2933,1.2769,1.2279,1.3295,1.3387,1.3339,1.3108,1.2894,1.3226,1.3713,1.3266,1.2365,1.2618,1.1532,1.1011,1.083,1.1107,1.0639,1.0342,1.0314
,,,,,,,,,,,,,,,,,,,,,,,,,,,,,,,,,,,,,,,,,,,,,,,
