0,1,2,3,4,5,6,7,8,9,10,11,12,13,14,15,16,17,18,19,20,21,22,23,24,25,26,27,28,29,30,31,32,33,34,35,36,37,38,39,40,41,42,43,44,45,46,47,48,49,50,51,52,53,54,55,56,57,58,59,60,61,62,63,64,65,66,67,68,69,70,71,72,73,74,75,76
Downloaded from http://www.GuruFocus.com on Mon Jun 20 2022 17:51:32 GMT+0700 (GMT+07:00),,,,,,,,,,,,,,,,,,,,,,,,,,,,,,,,,,,,,,,,,,,,,,,,,,,,,,,,,,,,,,,,,,,,,,,,,,,,
GuruFocus_NYSE:DRD_Financial_2022-6-20 at 17:51.csv,,,,,,,,,,,,,,,,,,,,,,,,,,,,,,,,,,,,,,,,,,,,,,,,,,,,,,,,,,,,,,,,,,,,,,,,,,,,
,,,,,,,,,,,,,,,,,,,,,,,,,,,,,,,,,,,,,,,,,,,,,,,,,,,,,,,,,,,,,,,,,,,,,,,,,,,,
NYSE:DRD,"DRDGold Ltd, South africa, Basic Materials, Metals & Mining, Gold",,,,,,,,,,,,,,,,,,,,,,,,,,,,,,,,,,,,,,,,,,,,,,,,,,,,,,,,,,,,,,,,,,,,,,,,,,,
Key Statistics: ,,,,,,,,,,,,,,,,,,,,,,,,,,,,,,,,,,,,,,,,,,,,,,,,,,,,,,,,,,,,,,,,,,,,,,,,,,,,
Price,6.38,,,,,,,,,,,,,,,,,,,,,,,,,,,,,,,,,,,,,,,,,,,,,,,,,,,,,,,,,,,,,,,,,,,,,,,,,,,
Market Cap (Million),547.404,,,,,,,,,,,,,,,,,,,,,,,,,,,,,,,,,,,,,,,,,,,,,,,,,,,,,,,,,,,,,,,,,,,,,,,,,,,
Shares Outstanding (Million),85.8,,,,,,,,,,,,,,,,,,,,,,,,,,,,,,,,,,,,,,,,,,,,,,,,,,,,,,,,,,,,,,,,,,,,,,,,,,,
PE Ratio,12.96,,,,,,,,,,,,,,,,,,,,,,,,,,,,,,,,,,,,,,,,,,,,,,,,,,,,,,,,,,,,,,,,,,,,,,,,,,,
PB Ratio,1.87,,,,,,,,,,,,,,,,,,,,,,,,,,,,,,,,,,,,,,,,,,,,,,,,,,,,,,,,,,,,,,,,,,,,,,,,,,,
PS Ratio,3.26,,,,,,,,,,,,,,,,,,,,,,,,,,,,,,,,,,,,,,,,,,,,,,,,,,,,,,,,,,,,,,,,,,,,,,,,,,,
,,,,,,,,,,,,,,,,,,,,,,,,,,,,,,,,,,,,,,,,,,,,,,,,,,,,,,,,,,,,,,,,,,,,,,,,,,,,
Growth Rate: ,,,,,,,,,,,,,,,,,,,,,,,,,,,,,,,,,,,,,,,,,,,,,,,,,,,,,,,,,,,,,,,,,,,,,,,,,,,,
Annual Rates (per share),10 Years,5 Years,12 Months,,,,,,,,,,,,,,,,,,,,,,,,,,,,,,,,,,,,,,,,,,,,,,,,,,,,,,,,,,,,,,,,,,,,,,,,,
Revenue Growth (%),-2.6,-1.5,25.9,,,,,,,,,,,,,,,,,,,,,,,,,,,,,,,,,,,,,,,,,,,,,,,,,,,,,,,,,,,,,,,,,,,,,,,,,
EBITDA  Growth (%),0,31.4,72.9,,,,,,,,,,,,,,,,,,,,,,,,,,,,,,,,,,,,,,,,,,,,,,,,,,,,,,,,,,,,,,,,,,,,,,,,,
Free Cash Flow Growth (%),0,24.3,0,,,,,,,,,,,,,,,,,,,,,,,,,,,,,,,,,,,,,,,,,,,,,,,,,,,,,,,,,,,,,,,,,,,,,,,,,
Book Value Growth (%),3.1,13.7,20.6,,,,,,,,,,,,,,,,,,,,,,,,,,,,,,,,,,,,,,,,,,,,,,,,,,,,,,,,,,,,,,,,,,,,,,,,,
,,,,,,,,,,,,,,,,,,,,,,,,,,,,,,,,,,,,,,,,,,,,,,,,,,,,,,,,,,,,,,,,,,,,,,,,,,,,
30 Year Financials of NYSE:DRD - DRDGold Ltd,,,,,,,,,,,,,,,,,,,,,,,,,,,,,,,,,,,,,,,,,,,,,,,,,,,,,,,,,,,,,,,,,,,,,,,,,,,,
,,,,,,,,,,,,,,,,,,,,,,,,,,,,,,,,,,,,,,,,,,,,,,,,,,,,,,,,,,,,,,,,,,,,,,,,,,,,
"All Numbers are in Millions except per share data, ratios, and percentage data; All shares outstanding data and per share data are split adjusted",,,,,,,,,,,,,,,,,,,,,,,,,,,,,,,,,,,,,,,,,,,,,,,,,,,,,,,,,,,,,,,,,,,,,,,,,,,,
,,,,,,,,,,,,,,,,,,,,,,,,,,,,,,,,,,,,,,,,,,,,,,,,,,,,,,,,,,,,,,,,,,,,,,,,,,,,
Annual Data:,,,,,,,,,,,,,,,,,,,,,,,,,,,,Quarterly Data:,,,,,,,,,,,,,,,,,,,,,,,,,,,,,,,,,,,,,,,,,,,,,,,,
Fiscal Period:,2021-06,2020-06,2019-06,2018-06,2017-06,2016-06,2015-06,2014-06,2013-06,2012-06,2011-06,2010-06,2009-06,2008-06,2007-06,2006-06,2005-06,2004-06,2003-06,2002-06,2001-06,2000-06,1999-06,1998-06,1997-06,TTM/current,,2021-06,2020-06,2019-12,2019-06,2018-12,2018-06,2017-12,2017-06,2016-12,2016-06,2015-12,2015-06,2014-12,2014-06,2013-12,2013-06,2012-12,2012-06,2011-12,2011-06,2010-12,2010-06,2009-12,2009-06,2008-12,2008-06,2007-12,2007-06,2006-12,2006-06,2005-12,2005-06,2004-12,2004-06,2003-12,2003-06,2002-12,2002-06,2001-12,2001-06,2000-12,2000-06,1999-12,1999-06,1998-12,1998-06,1997-12,1997-06,1996-12
Per Share Data,,,,,,,,,,,,,,,,,,,,,,,,,,,,,,,,,,,,,,,,,,,,,,,,,,,,,,,,,,,,,,,,,,,,,,,,,,,,
Revenue per Share,4.38,2.825,2.719,4.432,4.3,3.829,4.395,4.469,5.465,9.316,9.822,6.853,6.311,6.177,7.04,6.119,3.891,8.028,13.362,18.894,16.947,24.202,30.085,37.561,52.697,2.02,,0,1.161,0.86,1.379,1.367,2.199,2.271,2.115,2.035,2.056,1.78,2.275,2.329,2.161,2.377,2.55,3.391,6.486,2.892,7.238,2.569,3.6,3.329,3.162,2.552,3.329,3.309,3.692,3.477,3.083,3.277,-1.814,6.954,0.983,6.977,5.703,6.979,9.159,8.824,8.503,11.26,12.038,24.893,15.047,16.275,18.426,21.089,25.479,24.586
EBITDA per Share,1.891,0.888,0.354,0.444,0.348,0.523,0.709,0.433,0.906,1.599,-0.882,1.401,0.737,1.052,0.03,0.824,-0.076,0.63,2.777,-4.891,0.826,-1.541,1.013,-0.029,-3.856,0.64,,0,0.376,0.263,0.276,0.062,0.115,0.334,-0.023,0.038,0.312,0.212,0.44,0.296,0.25,0.188,0.157,0.872,0.795,0.822,-1.388,0.504,1.404,-0.004,0.206,0.43,0.808,0.284,-0.281,0.323,0.497,0.353,-1.611,1.87,1.151,-0.516,-0.02,2.548,-6.949,1.865,0.462,0.486,-13.705,24.893,-14.026,16.275,-19.164,21.089,-31.073,24.586
EBIT per Share,1.681,0.705,0.187,0.145,0.018,0.239,0.306,0.037,0.528,1.224,-1.383,0.744,0.409,0.818,-0.719,-0.081,-0.708,-0.575,2.233,-5.833,-0.063,-3.107,-1.462,-2.804,-5.655,0.51,,0,0.296,0.21,0.185,-0.013,-0.037,0.185,-0.023,0.038,0.159,0.08,0.242,0.07,0.049,-0.012,-0.042,0.663,0.605,0.634,-1.647,0.263,1.05,-0.313,0.164,0.199,0.706,0.13,-0.884,0.172,-0.064,-0.019,-1.82,1.356,0.681,-1.244,-0.305,2.312,-7.445,1.461,0.003,-0.088,-15.271,24.893,-16.5,16.275,-21.939,21.089,-32.873,24.586
Earnings per Share (Diluted),1.202,0.473,0.079,0.011,0.025,0.098,0.142,-0.112,0.13,0.919,-1.105,0.72,0.423,3.326,-3.941,-0.82,-3.157,-2.58,0.381,-3.354,-2.169,-12.056,-1.288,-6.665,-1.713,0.53,,0,0.198,0.328,0.128,-0.051,-0.097,0.11,0.02,0.004,0.069,0.029,0.146,-0.005,-0.066,-0.048,-0.32,0.523,0.298,0.635,-1.223,0.117,0.868,-0.151,0.233,0.154,0.475,3.31,-0.536,-3.462,-0.488,-0.364,-0.919,-2.635,-1.403,-1.157,-1.713,1.839,-3.965,0.533,-1.606,-0.594,-10.188,-2.1,-0.612,-0.697,-3.325,-3.697,-0.882,-0.798
EPS without NRI,1.202,0.473,0.079,0.011,0.025,0.098,0.142,-0.112,0.13,0.945,-1.105,0.72,0.423,3.326,-0.788,-0.205,-1.578,-2.58,0.381,-3.354,-2.169,-12.056,-1.288,-6.665,-1.713,0.53,,0,0.198,0.328,0.128,-0.051,-0.097,0.11,0.02,0.004,0.069,0.029,0.146,-0.005,-0.066,-0.048,-0.32,0.523,0.723,0.227,-1.223,0.117,0.868,-0.151,0.233,0.154,0.475,3.31,-1.755,0.983,0.097,-0.331,0.659,-2.635,-1.403,-1.157,-1.713,1.839,-3.965,0.533,-1.606,-0.594,-10.188,-2.1,-0.612,-0.697,-3.325,-3.697,-0.882,-0.798
Owner Earnings per Share (TTM),1.57,0.72,0.27,0.19,-0.16,0.27,0.2,-0.34,-0.26,0.88,-1.42,0.55,0.2,2.93,-3.34,-0.82,-3.47,-1.48,1.47,-5.64,-1.33,0,0,0,0,1.31,,1.57,0.72,0,0.27,0,0.19,0,-0.16,0,0.27,0,0.2,0,-0.34,0,-0.26,0,0.88,0,-1.42,0,0.55,0,0.2,0,2.93,0,-3.34,0,-0.82,0,-3.47,0,-1.48,0,1.47,0,-5.64,0,-1.33,0,0,0,0,0,0,0,0,0
Free Cash Flow per Share,0.979,0.64,-0.058,0.192,-0.108,0.497,0.402,-0.192,0.352,0.937,0.026,-0.483,-0.452,-0.349,-1.24,-1.492,-1.878,-2.278,-1.874,-4.499,-0.898,-1.57,-3.407,-5.491,-30.59,0.47,,0,0.298,0.169,0.177,-0.275,0.069,0.125,-0.067,-0.038,0.486,0.013,0.176,0.248,0.145,0.056,0.677,0.751,0.804,1.147,0.856,0.383,0.559,-0.383,0.507,0.147,2.856,-2.608,-0.225,0.143,0.686,-0.83,-0.544,-0.456,-0.865,-0.232,-1.792,0.54,-4.694,0.176,-0.892,-0.008,0,0,0,0,0,0,0,0
Operating Cash Flow per Share,1.308,0.762,0.284,0.416,0.095,0.655,0.592,0.199,1.322,1.926,1.241,0.185,0.688,0.612,-0.088,-0.083,-0.918,-1.099,-1.2,-3.99,-0.517,0.011,-0.22,-4.147,2.056,0.56,,0,0.379,0.184,0.268,-0.006,0.139,0.282,0.023,0.067,0.548,0.108,0.305,0.315,0.145,0.056,0.677,0.751,0.804,1.147,0.856,0.383,0.559,-0.383,0.507,0.147,2.856,-2.608,-0.225,0.143,0.686,-0.83,-0.544,-0.456,-0.865,-0.232,-1.792,0.54,-4.443,0.411,-0.774,0.343,0,0,0,0,0,0,0,0
Cash per Share,1.832,1.158,0.275,0.526,0.466,0.542,0.621,0.508,0.977,0.924,0.992,0.64,1.214,2.83,0.515,1.758,1.202,0.92,2.297,1.368,0.915,1.213,2.037,2.5,1.323,1.832,,1.832,1.158,0.549,0.275,0.214,0.526,0.533,0.466,0,0.542,0.33,0.621,0.556,0.508,0.505,0.977,1.2,0.924,1.016,0.992,0.89,0.64,0.624,1.214,1.67,2.83,2.784,0.515,0.543,1.758,0.68,1.202,0.849,0.92,0.961,2.297,4.525,1.368,0.66,0.915,1.205,1.213,0,2.037,0,2.5,0,1.323,0
Dividends per Share,0.529,0.403,0,0.077,0.092,0.4,0.016,0.131,0.244,0.086,0.065,0.059,0.119,0,0,0.02,0,0,0,0,0,0,0,0,0,0.43,,0,0.287,0.138,0,0,0.038,0.04,0,0.085,0.331,0.07,0,0.018,0,0.135,0.146,0.114,0,0.088,0,0.064,0,0.06,0,0.096,0,0,0,0,0,0.022,0,0,0,0,0,0,0,0,0,0,0,0,0,0,0,0,0,0
Book Value per Share,4.052,2.727,2.647,2.206,2.393,2.063,2.93,3.034,3.635,4.635,4.774,5.275,4.877,4.16,-0.248,3.299,2.629,3.43,0.271,-0.65,3.527,5.244,17.26,19.231,76.104,4.052,,4.052,2.727,2.916,2.647,2.62,2.206,2.433,2.393,0,2.063,2.366,2.93,2.843,3.034,3.431,3.635,4.468,4.635,4.496,4.774,5.958,5.275,5.04,4.877,3.364,4.16,4.027,-0.248,0.311,3.299,3.054,2.629,2.537,3.43,3.751,0.271,2.226,-0.65,2.87,3.527,4.414,5.244,0,17.26,0,19.231,0,76.104,0
Tangible Book per Share,4.052,2.727,2.647,2.206,2.393,2.063,2.93,3.034,3.635,4.635,4.774,5.275,4.877,4.16,-0.248,3.299,2.629,3.43,0.271,-0.65,3.527,5.244,17.26,19.231,76.104,4.052,,4.052,2.727,2.916,2.647,2.62,2.206,2.433,2.393,0,2.063,2.366,2.93,2.843,3.034,3.431,3.635,4.468,4.635,4.496,4.774,5.958,5.275,5.04,4.877,3.364,4.16,4.027,-0.248,0.311,3.299,3.054,2.629,2.537,3.43,3.751,0.271,2.226,-0.65,2.87,3.527,4.414,5.244,0,17.26,0,19.231,0,76.104,0
Total Debt per Share,0.046,0.032,0.011,0.026,0.031,0.03,0.085,0.361,0.435,0.095,0.459,0.201,0.224,0.002,3.415,4.057,2.677,2.909,4.452,2.401,0.696,0.166,1.145,0.244,0,0.046,,0.046,0.032,0.053,0.011,0.19,0.026,0.028,0.031,0,0.03,0.032,0.085,0.229,0.361,0.375,0.435,0.507,0.095,0.097,0.459,0.573,0.201,0.228,0.224,0.284,0.002,0,3.415,2.767,4.057,1.865,2.677,2.094,2.909,3.229,4.452,4.608,2.401,0.423,0.696,2.867,0.166,0,1.145,0,0.244,0,0,0
Month End Stock Price,10.87,15.79,3.05,2.54,3.15,5.9,1.85,2.97,5.43,6.55,4.84,4.35,7.59,7.72,7.3,13.7,8.8,25.2,25.2,42.5,11.5,10.63,17.5,22.19,40.47,6.38,,10.87,15.79,5.13,3.05,2.08,2.54,3.26,3.15,5.29,5.9,1.6,1.85,1.54,2.97,3.69,5.43,8.06,6.55,5.43,4.84,4.87,4.35,6.84,7.59,5.57,7.72,7.1,7.3,9,13.7,14.4,8.8,15.4,25.2,31.7,25.2,40.5,42.5,13.8,11.5,6.56,10.63,0,17.5,0,22.19,0,40.47,0
,,,,,,,,,,,,,,,,,,,,,,,,,,,,,,,,,,,,,,,,,,,,,,,,,,,,,,,,,,,,,,,,,,,,,,,,,,,,
Ratios,,,,,,,,,,,,,,,,,,,,,,,,,,,,,,,,,,,,,,,,,,,,,,,,,,,,,,,,,,,,,,,,,,,,,,,,,,,,
ROE %,35.548,17.642,3.851,0.498,1.118,3.853,4.569,-3.338,3.101,19.377,-21.934,14.047,9.424,170.065,-271.607,-26.609,-102.058,-132.25,,-248.661,-49.422,-140.322,-6.89,-27.492,-2.674,15.62,,0,16.172,24.037,9.387,-4.71,-8.214,9.089,1.689,0.438,6.143,2.145,9.822,-0.356,-4.238,-2.537,-15.65,22.721,12.696,27.441,-45.635,4.325,33.255,-6.104,11.414,8.22,23.256,333.298,-4590.521,-386.514,-28.288,-25.117,-66.379,-167.484,-76.573,-102.573,-257.221,478.87,-730.292,32.654,-78.825,-24.902,-196.327,-123.032,-6.537,-7.511,-23.266,-36.852,-2.59,
ROE % Adjusted to Book Value,13.25,3.05,3.34,0.43,0.85,1.35,7.24,-3.41,2.08,13.71,-21.63,17.03,6.06,91.64,,-6.41,-30.49,-18,,,-15.16,-69.22,-6.8,-23.83,-5.03,7.66,,0,2.79,13.66,8.15,-5.93,-7.13,6.78,1.28,,2.15,3.17,15.55,-0.66,-4.33,-2.36,-10.48,12.59,8.98,22.72,-45.01,5.29,40.32,-4.5,7.33,4.96,12.53,189.02,,-13.38,-6.81,-5.33,-19.83,-27.6,-10.42,-12.14,-2.76,26.32,,6.79,-24.18,-16.76,-96.85,,-6.45,,-20.16,,-4.87,
ROA %,26.2844,12.1591,2.3624,0.2753,0.6285,2.2575,2.5523,-1.7318,1.7517,11.0661,-12.5677,8.188,5.2542,48.9246,-40.6397,-7.4989,-29.508,-21.2643,5.1295,-28.2939,-15.417,-65.9654,-4.5371,-19.2757,-2.0346,11.21,,0,11.118,15.9001,5.9848,-2.7557,-4.5269,5.1548,0.9618,0.2428,3.5848,1.3127,5.5253,-0.1828,-2.2073,-1.3368,-8.303,12.8756,7.4938,15.4043,-25.9315,2.5699,19.4448,-3.4574,6.6156,4.7077,13.553,102.8426,-15.8165,-64.4911,-8.2185,-8.5119,-19.815,-44.0995,-21.1675,-18.5321,-24.009,29.5559,-80.1837,11.55,-24.7882,-7.8063,-61.0967,-80.5129,-4.2778,-4.9808,-15.4291,-28.0418,-1.9709,
Return-on-Tangible-Equity,35.5484,17.642,3.851,0.4977,1.1184,3.8532,4.5689,-3.3379,3.1012,19.377,-21.9338,14.0473,9.4235,170.0647,-271.6074,-26.6094,-102.058,-132.2504,10000,-248.6607,-49.4216,-140.3224,-6.8898,-27.4923,-2.6738,15.62,,0,16.1717,24.0368,9.3869,-4.7103,-8.2141,9.0891,1.6892,0.4384,6.1429,2.1451,9.8217,-0.356,-4.2376,-2.5367,-15.6503,22.7207,12.6956,27.4413,-45.6346,4.3248,33.2548,-6.1044,11.4144,8.2204,23.2557,333.2977,-4590.5211,-386.5137,-28.2876,-25.1166,-66.3793,-167.4844,-76.5727,-102.5728,-257.221,478.8695,-730.2924,32.6536,-78.8255,-24.902,-196.3274,-123.0323,-6.537,-7.5107,-23.2659,-36.8518,-2.5901,
Return-on-Tangible-Asset,26.2844,12.1591,2.3624,0.2753,0.6285,2.2575,2.5523,-1.7318,1.7517,11.0661,-12.5677,8.188,5.2542,48.9246,-40.6397,-7.4989,-29.508,-21.2643,5.1295,-28.2939,-15.417,-65.9654,-4.5371,-19.2757,-2.0346,11.21,,0,11.118,15.9001,5.9848,-2.7557,-4.5269,5.1548,0.9618,0.2428,3.5848,1.3127,5.5253,-0.1828,-2.2073,-1.3368,-8.303,12.8756,7.4938,15.4043,-25.9315,2.5699,19.4448,-3.4574,6.6156,4.7077,13.553,102.8426,-15.8165,-64.4911,-8.2185,-8.5119,-19.815,-44.0995,-21.1675,-18.5321,-24.009,29.5559,-80.1837,11.55,-24.7882,-7.8063,-61.0967,-80.5129,-4.2778,-4.9808,-15.4291,-28.0418,-1.9709,
ROC (Joel Greenblatt) %,81.91,35.54,8.71,5.43,0.68,8.25,7.87,0.83,10.8,22.21,-22.57,12.33,9.69,26,-12.13,-1.27,-13.38,-10.94,53.93,-104.56,-0.81,-27.59,-6.51,-10.04,-8.28,36.72,,0,35.96,37.73,14.02,-1.09,-2.76,13.35,-1.66,3.02,12,5.3,13.09,3.4,2.16,-0.51,-1.65,24.7,24.01,23.23,-49.47,7.67,33.55,-10.58,7.94,15.09,53.62,8.52,-44.12,5.7,-1.82,-0.81,-75.99,48.8,19.1,-44.75,-14.95,110.41,-333.16,53.09,0.09,-1.67,-266.17,247.7,-143.99,140.88,-127.53,197.32,-96.27,
ROCE %,41.195,22.817,6.514,3.936,0.51,6.315,6.29,0.64,7.883,17.351,-18.369,9.614,5.966,22.83,-16.354,-1.098,-8.71,-6.922,30.931,-82.952,-1.018,-30.596,-6.308,-10.016,-8.281,20.49,,0,22.08,27.706,10.894,-0.824,-1.999,9.853,-1.221,2.284,9.369,4.168,10.429,2.797,1.762,-0.391,-1.188,17.945,17.97,18.468,-40.617,6.221,26.553,-8.115,5.279,7.244,23.662,7.63,-78.144,6.116,-1.769,-0.628,-47.157,30.546,12.931,-29.679,-6.547,46.736,-216.738,53.345,0.097,-2.023,-354.524,233.916,-135.979,140.406,-127.097,197.316,-96.272,0
ROIC %,40.64,15.56,3.24,0.66,0.66,3.11,3.1,3.33,10.26,17.43,8.12,1.93,-0.58,28.14,-7.15,-0.51,-7.83,-12.46,8.2,-30.7,-0.46,-22.96,-6.29,-13.18,-4.37,16.13,,0,14.24,19.25,7.11,-2.75,-3.19,7.25,0.66,11.15,4.48,2.12,5.03,-1.48,5.69,0.45,17.82,17.43,25.31,11.58,7.13,2.36,11.39,-6.08,-79,4.94,91.94,2.67,-24.57,3.44,-1.31,-0.49,-31.35,37.42,-0.52,-22.13,16.66,36.45,-107.12,27.21,0.05,-1.21,-209.8,221.39,-128.7,136.26,-123.34,166.77,-81.37,0
WACC %,18.73,19.79,12.91,4,4.4,2.83,16.54,17.12,15.95,10.73,10.46,9.3,11.52,12.73,12.78,14.28,12.28,16.11,15.83,17.81,16.71,19.63,0,0,0,19.56,,18.73,19.79,0,12.91,0,4,0,4.4,0,2.83,0,16.54,11.37,17.12,15.62,15.95,11.43,10.73,8.73,10.46,11.44,9.3,27.01,11.52,11.13,12.73,18.97,12.78,17.16,14.28,16.08,12.28,14.78,16.11,17.97,15.83,17.68,17.81,11.91,16.71,22.14,19.63,0,0,0,0,0,0,0
Effective Interest Rate on Debt %,126.6,220.58,627.22,305.78,279.72,117.18,46.05,31.92,41.1,12.69,25.61,7.33,121.7,0,0,0,0,0,0,0,0,0,0,0,,122.91,,0,124.81,204.89,95.1,73.49,315.14,307.13,285.71,254.91,195.62,127.73,63.33,39.55,54.35,14.17,5.36,0,34.47,13.71,18.49,18.91,-11.05,24.9,93.43,21.75,0,3.05,0,0,0,0,0,0,0,0,0,0,0,0,0,0,0,0,0,0,0,,,
,,,,,,,,,,,,,,,,,,,,,,,,,,,,,,,,,,,,,,,,,,,,,,,,,,,,,,,,,,,,,,,,,,,,,,,,,,,,
Gross Margin %,35.7,29.8,7.54,5.73,1.37,8.07,7.55,6.75,21.05,16.72,8.64,4.96,4.01,13.32,6.74,7.66,0.72,21.77,8.77,28.4,10.61,4.88,10.41,4.51,8.13,29.54,,0,32.79,26.86,13.54,0.3,2.23,9.18,-0.25,2.94,10.16,5.66,10.13,4.79,4.49,8.87,9.58,31.09,10.28,31.5,2.46,25.98,1.49,8.81,-7.81,15.89,13.58,13.01,-3.47,18,-3.61,19.11,32.97,10.98,155.52,3.12,-0.04,15.33,38.31,19.07,14.82,6.37,0,0,0,0,0,0,0,0
Operating Margin %,35.9252,22.497,4.2468,2.3892,-1.2778,4.7511,4.5172,2.6893,18.2114,12.5531,5.5383,2.0954,-0.3595,13.2454,-10.2118,-1.3245,-18.1974,-7.1594,16.7099,-30.8713,-0.37,-12.8369,-4.8604,-7.465,-10.7317,22.53,,0,22.1547,22.8332,10.4531,-3.2335,-1.9262,6.6385,-1.6767,-0.8917,6.2111,3.0692,6.1387,2.777,5.2195,0.321,16.6815,19.5503,8.6492,21.5037,3.9447,10.003,14.039,-11.124,-10.0362,9.355,22.5338,2.3885,-23.959,4.9453,-2.0665,-0.5714,100.352,19.4942,69.352,-17.8306,-5.347,33.133,-81.2783,16.5558,0.0363,-0.7791,-126.8629,100,-109.6623,100,-119.0678,100,-129.0187,100
Net Margin %,27.3278,15.1732,2.842,0.261,0.5855,2.5441,3.2204,-2.5316,2.38,9.7965,-11.2234,10.4402,6.7578,54.0176,-55.9868,-13.398,-81.1269,-32.1401,4.2769,-17.3742,-10.9699,-42.6897,-4.2823,-17.4961,-3.252,15.23,,0,14.5689,15.7668,8.2605,-3.6886,-4.3784,4.8295,0.9556,0.2271,3.3628,1.6009,6.4324,-0.2265,-3.2015,-1.9046,-12.6076,15.4958,4.4751,21.9969,-16.9168,4.7273,23.9849,-4.5512,7.451,6.0619,14.6383,100.0471,-16.4436,-99.5855,-15.6566,-11.1048,54.8543,-37.8931,-149.8089,-15.7288,-27.4149,27.8737,-42.1244,5.9128,-16.5191,-5.3824,-42.6894,-42.6899,-4.2789,-4.2857,-17.4626,-17.5283,-3.2577,-3.2467
EBITDA Margin %,43.1771,31.4432,13.0046,10.0145,8.1029,13.6451,16.1355,9.6781,16.5821,17.1668,-8.9759,20.4434,11.6814,17.0379,0.4303,13.4739,-1.965,7.8514,20.7818,-25.8884,4.8765,-6.3659,3.3661,-0.0778,-7.3172,31.37,,0,32.3736,30.5295,20.0119,4.5589,5.2525,14.7035,-1.0772,1.8674,15.1555,11.9052,19.3338,12.7031,11.5815,7.8964,6.1632,25.6998,12.254,28.4305,-19.1778,19.6058,39.0094,-0.1058,6.5188,16.8642,24.266,8.5892,-7.6032,9.2876,16.1366,10.7704,88.811,26.8964,117.1311,-7.3898,-0.347,36.5139,-75.8697,21.1382,5.4289,4.3202,-113.8526,100,-93.2136,100,-104.0091,100,-121.9561,100
FCF Margin %,22.3515,22.6476,-2.1397,4.3326,-2.5215,12.9917,9.1531,-4.3053,6.4406,10.0548,0.2636,-7.0537,-7.1648,-5.6427,-17.6155,-24.388,-48.2573,-28.3809,-14.0225,-23.8131,-5.2968,-6.486,-11.3256,-14.6189,-58.0489,22.39,,,25.6655,19.6836,12.7981,-20.1437,3.1321,5.5148,-3.1796,-1.8843,23.6238,0.743,7.7537,10.6548,6.6974,2.3646,26.5315,22.1329,12.399,39.6537,11.8228,14.8933,15.5311,-11.5157,16.0286,5.7472,85.8102,-78.821,-6.1035,4.1039,22.2533,-25.3377,30.0088,-6.5525,-88.0487,-3.322,-31.4304,7.7385,-51.2433,1.9955,-10.4869,-0.0708,,,,,,,,
,,,,,,,,,,,,,,,,,,,,,,,,,,,,,,,,,,,,,,,,,,,,,,,,,,,,,,,,,,,,,,,,,,,,,,,,,,,,
Debt-to-Equity,0.011,0.012,0.004,0.012,0.013,0.014,0.029,0.119,0.12,0.02,0.096,0.038,0.046,0,-13.774,1.23,1.017,0.847,16.446,-3.729,0.197,0.032,0.066,0.013,0,0.011,,0.011,0.012,0.018,0.004,0.073,0.012,0.012,0.013,9999,0.014,0.013,0.029,0.081,0.119,0.109,0.12,0.114,0.02,0.021,0.096,0.096,0.038,0.045,0.046,0.084,0,0,-13.774,8.882,1.23,0.611,1.017,0.824,0.847,0.86,16.446,2.065,-3.729,0.147,0.197,0.649,0.032,9999,0.066,9999,0.013,9999,0,9999
Equity-to-Asset,0.759,0.712,0.662,0.537,0.569,0.554,0.611,0.512,0.525,0.601,0.545,0.601,0.564,0.55,-0.04,0.254,0.332,0.257,0.023,-0.056,0.313,0.311,0.654,0.663,0.761,0.759,,0.759,0.712,0.661,0.662,0.614,0.537,0.565,0.569,0,0.554,0.613,0.611,0.515,0.512,0.529,0.525,0.535,0.601,0.58,0.545,0.588,0.601,0.568,0.564,0.604,0.55,0.619,-0.04,0.039,0.254,0.345,0.332,0.27,0.257,0.297,0.023,0.149,-0.056,0.419,0.313,0.316,0.311,0,0.654,0,0.663,0,0.761,0
Debt-to-Asset,0.009,0.008,0.003,0.006,0.007,0.008,0.018,0.061,0.063,0.012,0.052,0.023,0.026,0,0.555,0.312,0.337,0.218,0.377,0.208,0.062,0.01,0.043,0.008,0,0,,0,0.008,0.012,0.003,0.045,0.006,0.007,0.007,0,0.008,0.008,0.018,0.041,0.061,0.058,0.063,0.061,0.012,0.012,0.052,0.057,0.023,0.026,0.026,0.051,0,0,0.555,0.345,0.312,0.211,0.337,0.223,0.218,0.255,0.377,0.307,0.208,0.062,0.062,0.205,0.01,0,0.043,0,0.008,0,0,0
Liabilities-to-Assets,0.24,0.29,0.34,0.46,0.43,0.45,0.39,0.39,0.38,0.34,0.47,0.36,0.4,0.42,1.04,0.67,0.66,0.74,0.98,1.06,0.69,0.69,0.35,0.34,0.24,0.24,,0.24,0.29,0.34,0.34,0.39,0.46,0.44,0.43,0,0.45,0.39,0.39,0.39,0.39,0.39,0.38,0.37,0.34,0.41,0.47,0.37,0.36,0.4,0.4,0.38,0.42,0.35,1.04,0.94,0.67,0.64,0.66,0.73,0.74,0.7,0.98,0.85,1.06,0.58,0.69,0.68,0.69,0,0.35,0,0.34,0,0.24,0
Gross-Profit-to-Asset %,34.333,23.88,6.266,6.043,1.468,7.159,5.985,4.618,15.494,18.89,9.68,3.89,3.122,12.061,4.892,4.289,0.263,14.405,10.516,46.245,14.916,7.535,11.029,4.969,5.086,21.75,,0,25.022,27.091,9.81,0.227,2.301,9.799,-0.254,3.138,10.828,4.641,8.702,3.862,3.094,6.226,6.308,25.834,17.211,22.059,3.768,14.122,1.204,6.69,-6.937,12.339,12.57,13.377,-3.339,11.655,-1.897,14.649,-11.911,12.774,21.975,3.675,-0.036,16.252,72.926,37.249,22.244,9.244,143.119,188.599,99.976,116.219,88.355,159.98,60.5,
,,,,,,,,,,,,,,,,,,,,,,,,,,,,,,,,,,,,,,,,,,,,,,,,,,,,,,,,,,,,,,,,,,,,,,,,,,,,
Asset Turnover,0.962,0.801,0.831,1.055,1.073,0.887,0.793,0.684,0.736,1.13,1.12,0.784,0.778,0.906,0.726,0.56,0.364,0.662,1.199,1.628,1.405,1.545,1.059,1.102,0.626,0.74,,0,0.382,0.504,0.362,0.374,0.517,0.534,0.503,0.534,0.533,0.41,0.429,0.403,0.345,0.351,0.329,0.415,0.837,0.35,0.766,0.272,0.405,0.38,0.444,0.388,0.463,0.514,0.481,0.324,0.262,0.383,-0.181,0.582,0.071,0.589,0.438,0.53,0.952,0.977,0.75,0.725,0.716,0.943,0.5,0.581,0.442,0.8,0.302,0
Dividend Payout Ratio,0.44,0.854,0,6.878,3.695,4.099,0.116,,1.874,0.091,,0.081,0.28,0,,,,,0,,,,,,,0.44,,,1.447,0.422,0,,,0.366,0,19.707,4.791,2.427,0,,,,,0.218,0,0.388,,0.548,0,,0,0.623,0,0,,0,0,,0,,,,,0,,0,,,,,,,,,,
,,,,,,,,,,,,,,,,,,,,,,,,,,,,,,,,,,,,,,,,,,,,,,,,,,,,,,,,,,,,,,,,,,,,,,,,,,,,
Days Sales Outstanding,2.61,2.01,0.09,2.65,5.38,7.9,6.29,5.86,2.89,0.25,0,15.33,14.07,10.31,13.16,15.31,41.3,40.79,23.93,16.51,21.3,0,0,0,0,6.33,,0,7.44,10.61,12.6,7.47,6.68,8.98,5.47,0,19.09,15.2,11.04,9.95,16.56,15.7,20.61,13.55,0.18,0,0,0,22.38,20.06,25.63,28.4,18.52,17.43,11.49,16.81,22.49,14.39,0,18.59,161.74,24.45,34.62,23.35,14.82,18.03,31.32,39.55,0,0,0,0,0,0,0,0
Days Payable,34.23,45.29,40.95,33.77,27.26,39.51,47.09,48,54.41,46.37,44.34,55.47,70.83,76.51,66.17,70.47,148.37,141.24,66.68,66.47,84.34,62.35,62.84,55.55,101.43,46.52,,,52.43,41.42,51.6,47.32,38.33,38.42,31.77,24.42,32.48,48.18,44.86,41.22,44.36,44.36,48.63,53.66,22.12,116.51,32.71,87.78,49.93,62.4,47.25,84.6,73.46,61.96,71.79,105.4,89.47,81.7,,69.38,,63.79,74.67,65.71,59.1,54.16,69.16,75.77,,,,,,,,
Days Inventory,32.46,42.32,40.01,32.59,25.14,29.97,31.71,31.95,29.51,18.8,14.61,15.64,15.68,20.9,37.3,48.44,57.31,31.04,12.66,14.77,16.33,12.42,16.24,11.14,8.4,41.66,,,45.02,35.87,41.29,38.67,36.24,34.09,28.51,23.37,26.1,32.46,29.37,27.89,29.83,28.53,27.05,25.45,9.61,34.76,11.06,30.37,15.34,19.69,15.28,20.02,15.31,21.17,22.07,44.26,49.1,42.02,,19.23,,15.43,13.07,13.9,15.59,13.55,16.6,16.15,,,,,,,,
Cash Conversion Cycle,0.84,-0.96,-0.86,1.47,3.26,-1.64,-9.09,-10.19,-22,-27.32,-29.73,-24.51,-41.08,-45.3,-15.71,-6.72,-49.75,-69.41,-30.09,-35.19,-46.72,-49.92,-46.6,-44.41,-93.03,1.47,,0,0.03,5.05,2.29,-1.18,4.59,4.65,2.21,-1.05,12.71,-0.52,-4.45,-3.38,2.03,-0.13,-0.97,-14.66,-12.33,-81.75,-21.64,-57.41,-12.21,-22.65,-6.34,-36.17,-39.64,-23.36,-38.24,-44.33,-17.88,-25.28,0,-31.56,161.74,-23.91,-26.98,-28.46,-28.7,-22.58,-21.24,-20.07,0,0,0,0,0,0,0,0
,,,,,,,,,,,,,,,,,,,,,,,,,,,,,,,,,,,,,,,,,,,,,,,,,,,,,,,,,,,,,,,,,,,,,,,,,,,,
Inventory Turnover,11.25,8.63,9.12,11.2,14.52,12.18,11.51,11.42,12.37,19.42,24.98,23.34,23.28,17.46,9.78,7.54,6.37,11.76,28.83,24.72,22.35,29.38,22.48,32.75,43.46,8.76,,0,4.05,5.09,4.42,4.72,5.04,5.35,6.4,7.81,6.99,5.62,6.21,6.54,6.12,6.4,6.75,7.17,19,5.25,16.5,6.01,11.9,9.27,11.95,9.12,11.92,8.62,8.27,4.12,3.72,4.34,-1.96,9.49,-0.72,11.83,13.97,13.13,11.71,13.47,10.99,11.3,0,0,0,0,0,0,0,
COGS-to-Revenue,0.64,0.7,0.92,0.94,0.99,0.92,0.92,0.93,0.79,0.83,0.91,0.95,0.96,0.87,0.93,0.92,0.99,0.78,0.91,0.72,0.89,0.95,0.9,0.95,0.92,0.7,,0,0.67,0.73,0.86,1,0.98,0.91,1,0.97,0.9,0.94,0.9,0.95,0.96,0.91,0.9,0.69,0.9,0.69,0.98,0.74,0.99,0.91,1.08,0.84,0.86,0.88,1.03,0.82,1.04,0.81,0.67,0.89,-0.56,0.97,1,0.85,0.62,0.81,0.85,0.94,0,0,0,0,0,0,0,0
Inventory-to-Revenue,0.057,0.081,0.101,0.084,0.068,0.075,0.08,0.082,0.064,0.043,0.037,0.041,0.041,0.05,0.095,0.123,0.156,0.067,0.032,0.029,0.04,0.032,0.04,0.029,0.021,0.08,,,0.166,0.144,0.196,0.211,0.194,0.17,0.157,0.124,0.129,0.168,0.145,0.145,0.156,0.142,0.134,0.096,0.047,0.13,0.059,0.123,0.083,0.098,0.09,0.092,0.072,0.102,0.125,0.199,0.279,0.186,,0.094,0.769,0.082,0.072,0.064,0.053,0.06,0.077,0.083,0.081,0.043,0.081,0.076,0.1,0.017,0.044,0
Capex-to-Revenue,0.08,0.04,0.13,0.05,0.05,0.04,0.04,0.09,0.18,0.11,0.12,0.1,0.18,0.16,0.16,0.23,0.25,0.15,0.05,0.03,0.02,0.07,0.11,0.04,0.62,0.041,,0,0.07,0.02,0.07,0.2,0.03,0.07,0.04,0.05,0.03,0.05,0.06,0.03,0,0,0,0,0,0,0,0,0,0,0,0,0,0,0,0,0,0,0,0,0,0,0,0,0.03,0.03,0.01,0.03,0,0,0,0,0,0,0,0
Capex-to-Operating-Income,0.21,0.19,2.96,2.12,0,0.86,0.96,3.26,0.97,0.85,2.23,4.65,0,1.17,0,0,0,0,0.3,0,0,0,0,0,0,0.182,,0,0.31,0.08,0.64,0,0,1.04,0,0,0.49,1.74,0.92,1.04,0,0,0,0,0,0,0,0,0,0,0,0,0,0,0,0,0,0,0,0,0,0,0,0,0,0.16,38.02,0,0,0,0,0,0,0,0,0
Capex-to-Operating-Cash-Flow,0.25,0.16,1.2,0.54,2.14,0.24,0.32,1.97,0.73,0.51,0.98,3.62,1.66,1.57,0,0,0,0,0,0,0,148.15,0,0,15.88,0.155,,0,0.21,0.08,0.34,0,0.5,0.56,3.95,1.57,0.11,0.88,0.42,0.21,0,0,0,0,0,0,0,0,0,0,0,0,0,0,0,0,0,0,0,0,0,0,0,0,0,0.57,0,1.02,0,0,0,0,0,0,0,0
,,,,,,,,,,,,,,,,,,,,,,,,,,,,,,,,,,,,,,,,,,,,,,,,,,,,,,,,,,,,,,,,,,,,,,,,,,,,
Income Statement,,,,,,,,,,,,,,,,,,,,,,,,,,,,,,,,,,,,,,,,,,,,,,,,,,,,,,,,,,,,,,,,,,,,,,,,,,,,
Revenue,378.708,244.248,189.379,187.054,181.495,161.668,171.284,169.477,207.648,358.427,378.037,260.69,237.855,232.253,233.797,182.278,99.46,175.128,253.296,308.808,265.988,293.646,175.876,140.515,61.972,267.62,,0,121.021,146.601,103.504,87.849,92.806,95.846,89.285,85.91,86.545,75.361,88.664,88.324,81.939,90.14,96.909,128.594,249.572,111.359,278.595,98.891,136.953,126.229,119.16,96.093,125.168,124.298,122.601,113.046,91.831,99.364,-46.363,171.711,21.435,150.97,108.105,127.518,149.701,138.776,133.451,139.743,146.054,165.936,87.963,90.669,68.931,79.233,29.964,30.732
Cost of Goods Sold,243.526,171.464,175.105,176.336,179.012,148.625,158.348,158.034,163.936,298.487,345.356,247.759,228.306,201.325,218.04,168.312,98.742,136.998,231.087,221.115,237.757,279.327,157.568,134.178,56.933,188.56,,0,81.34,107.218,89.489,87.583,90.74,87.047,89.51,83.388,77.754,71.095,79.682,84.097,78.262,82.145,87.627,88.613,223.921,76.282,271.747,73.201,134.919,115.113,128.47,80.825,107.508,108.898,126.856,92.701,95.149,80.375,-31.076,152.864,-11.901,146.262,108.149,107.974,92.348,112.313,113.669,130.835,0,0,0,0,0,0,0,0
Gross Profit,135.182,72.784,14.275,10.718,2.482,13.043,12.936,11.442,43.711,59.94,32.681,12.931,9.549,30.928,15.757,13.967,0.718,38.13,22.209,87.693,28.23,14.32,18.308,6.337,5.038,79.06,,0,39.681,39.382,14.014,0.267,2.066,8.799,-0.225,2.522,8.791,4.266,8.982,4.227,3.678,7.996,9.282,39.981,25.651,35.077,6.848,25.69,2.035,11.116,-9.31,15.268,16.993,16.175,-4.255,20.345,-3.319,18.989,-15.287,18.847,33.337,4.708,-0.044,19.544,57.353,26.463,19.783,8.907,146.054,165.936,87.963,90.669,68.931,79.233,29.964,30.732
Gross Margin %,35.7,29.8,7.54,5.73,1.37,8.07,7.55,6.75,21.05,16.72,8.64,4.96,4.01,13.32,6.74,7.66,0.72,21.77,8.77,28.4,10.61,4.88,10.41,4.51,8.13,29.54,,0,32.79,26.86,13.54,0.3,2.23,9.18,-0.25,2.94,10.16,5.66,10.13,4.79,4.49,8.87,9.58,31.09,10.28,31.5,2.46,25.98,1.49,8.81,-7.81,15.89,13.58,13.01,-3.47,18,-3.61,19.11,32.97,10.98,155.52,3.12,-0.04,15.33,38.31,19.07,14.82,6.37,0,0,0,0,0,0,0,0
,,,,,,,,,,,,,,,,,,,,,,,,,,,,,,,,,,,,,,,,,,,,,,,,,,,,,,,,,,,,,,,,,,,,,,,,,,,,
"Selling, General, & Admin. Expense",4.6,18.087,6.232,6.812,5.383,5.794,5.646,7.317,6.455,15.938,12.981,7.468,10.405,10.006,23.997,11.97,20.232,24.796,13.314,17.598,29.215,33.013,12.387,6.447,9.573,19.03,,0,13.12,5.909,3.195,3.107,4.416,2.437,1.854,3.288,3.847,1.953,3.987,1.774,3.243,4.195,1.705,5.516,9.46,6.627,5.274,7.664,-5.68,13.414,-0.039,8.455,4.071,6.888,13.782,10.385,-0.962,14.206,6.422,16.262,11.667,12.896,8.187,4.503,13.835,3.282,26.493,2.87,0,0,0,0,0,0,0,0
Research & Development,0,0,0,0,0,0,0,0,0,0,0,0,0,0,0,0,0,0,0,0,0,0,0,0,0,0,,0,0,0,0,0,0,0,0,0,0,0,0,0,0,0,0,0,0,0,0,0,0,0,0,0,0,0,0,0,0,0,0,1.67,0,0,0,0,0,0,0,0,0,0,0,0,0,0,0,0
Other Operating Expense,-5.47,-0.251,0,-0.563,-0.582,-0.432,-0.447,-0.433,-0.559,-0.992,-1.237,0,0,-9.84,15.635,4.412,-1.415,25.871,-33.431,165.428,0,19.002,14.468,10.38,2.116,-0.25,,0,-0.251,0,0,0,-0.563,0,-0.582,0,-0.432,0,-0.447,0,-3.842,3.511,-8.589,9.325,-5.395,4.504,-9.415,8.133,-11.512,11.744,2.689,-2.177,-15.283,6.318,11.336,4.37,-0.459,5.351,24.817,-32.559,6.803,18.731,-2.451,-27.209,165.192,0.205,-6.758,7.126,331.341,0,184.424,0,151.005,0,68.622,0
Total Operating Expense,-0.87,17.836,6.232,6.249,4.801,5.362,5.199,6.884,5.896,14.946,11.744,7.468,10.405,0.165,39.632,16.381,18.817,50.668,-20.116,183.026,29.215,52.015,26.856,16.827,11.689,18.78,,0,12.869,5.909,3.195,3.107,3.853,2.437,1.272,3.288,3.415,1.953,3.539,1.774,-0.599,7.706,-6.884,14.84,4.065,11.131,-4.142,15.798,-17.192,25.158,2.649,6.279,-11.212,13.206,25.118,14.754,-1.421,19.557,31.239,-14.627,18.471,31.627,5.736,-22.706,179.027,3.487,19.734,9.996,331.341,0,184.424,0,151.005,0,68.622,0
Operating Income,136.052,54.949,8.043,4.469,-2.319,7.681,7.737,4.558,37.816,44.994,20.937,5.462,-0.855,30.763,-23.875,-2.414,-18.099,-12.538,42.325,-95.333,-0.984,-37.695,-8.548,-10.49,-6.651,60.29,,0,26.812,33.474,10.819,-2.841,-1.788,6.363,-1.497,-0.766,5.375,2.313,5.443,2.453,4.277,0.289,16.166,25.141,21.586,23.946,10.99,9.892,19.227,-14.042,-11.959,8.989,28.205,2.969,-29.374,5.59,-1.898,-0.568,-46.526,33.474,14.866,-26.919,-5.78,42.251,-121.674,22.975,0.048,-1.089,-185.288,165.936,-96.462,90.669,-82.074,79.233,-38.659,30.732
Operating Margin %,35.9252,22.497,4.2468,2.3892,-1.2778,4.7511,4.5172,2.6893,18.2114,12.5531,5.5383,2.0954,-0.3595,13.2454,-10.2118,-1.3245,-18.1974,-7.1594,16.7099,-30.8713,-0.37,-12.8369,-4.8604,-7.465,-10.7317,22.53,,0,22.1547,22.8332,10.4531,-3.2335,-1.9262,6.6385,-1.6767,-0.8917,6.2111,3.0692,6.1387,2.777,5.2195,0.321,16.6815,19.5503,8.6492,21.5037,3.9447,10.003,14.039,-11.124,-10.0362,9.355,22.5338,2.3885,-23.959,4.9453,-2.0665,-0.5714,100.352,19.4942,69.352,-17.8306,-5.347,33.133,-81.2783,16.5558,0.0363,-0.7791,-126.8629,100,-109.6623,100,-119.0678,100,-129.0187,100
,,,,,,,,,,,,,,,,,,,,,,,,,,,,,,,,,,,,,,,,,,,,,,,,,,,,,,,,,,,,,,,,,,,,,,,,,,,,
  Interest Income,8.158,3.91,2.009,1.69,1.831,1.482,1.172,1.474,2.403,1.922,2.001,26.229,25.642,0,0,0,0,0,0,0,0,0,0,0,0,4.29,,0,1.903,2.388,0.075,1.978,0.285,1.428,0.287,1.438,0.412,1.073,0.203,1.035,0,0,0,0,0.633,1.318,0.159,1.832,24.33,1.937,18.348,5.906,0,1.916,0,0,0,0,0,0,0,0,0,0,0,0,0,0,0,0,0,0,0,0,0,0
  Interest Expense,-4.233,-3.864,-5.828,-3.68,-3.607,-2.857,-4.035,-4.898,-4.197,-1.352,-3.249,-0.594,-5.196,0,0,0,0,0,0,0,0,0,0,0,0,-4.22,,0,-1.984,-2.236,-3.284,-2.602,-1.803,-1.91,-1.862,-1.626,-1.282,-1.58,-1.944,-2.235,-3.83,-1.1,-0.486,0,-0.636,-0.732,-1.834,-1.407,0.454,-1.069,-4.474,-0.585,0,-1.931,0,0,0,0,0,0,0,0,0,0,0,0,0,0,0,0,0,0,0,0,0,0
Net Interest Income,4.061,0.198,-3.469,-2.103,-1.528,-1.15,-0.773,-2.949,-1.404,0.099,2.408,25.635,20.446,0,0,0,0,0,0,0,0,0,0,0,0,0.22,,0,0.07,0.153,-2.859,-0.624,-1.63,-0.481,-1.326,-0.188,-0.645,-0.507,0.35,-1.2,-1.881,-1.1,-4.864,4.018,-0.474,0.586,1.981,0.425,24.784,0.868,13.873,5.321,0,-0.015,0,0,0,0,0,0,0,0,0,0,0,0,0,0,0,0,0,0,0,0,0,0
Other Income (Expense),1.021,1.984,2.633,0.068,1.001,0.698,0.911,-5.091,-20.553,0.667,-79.819,-3.382,-9.353,-19.919,-11.776,0.931,-22.051,1.183,17.453,-1.882,-35.315,-88.361,1.314,-6.665,3.426,1.99,,0,1.973,0.014,2.626,0.007,0.053,0.015,0,0.932,0.698,0,1.676,-0.818,-4.37,-0.743,-20.753,0.232,1.514,-0.867,-78.198,-1.612,-3.604,0.227,-0.204,-7.407,-19.906,0,-7.588,-4.257,5.142,-4.626,23.157,-53.234,2.225,-1.023,13.745,3.257,10.701,-10.975,-28.557,-7.126,185.288,-165.936,96.462,-90.669,82.074,-79.233,38.659,-30.732
Pretax Income,141.133,57.131,7.206,2.434,-2.847,7.229,7.875,-3.482,15.858,45.76,-56.474,27.716,10.238,10.844,-35.651,-1.483,-40.151,-11.355,59.779,-97.215,-36.299,-126.057,-7.234,-17.155,-3.225,62.49,,0,28.855,33.64,10.586,-3.458,-3.365,5.897,-2.823,-0.022,5.429,1.806,7.469,0.435,-1.974,-1.553,-9.451,29.391,22.627,23.666,-65.227,8.705,40.406,-12.946,1.71,6.903,8.299,2.954,-36.962,1.333,3.244,-5.193,-23.369,-19.76,17.091,-27.942,7.964,45.508,-110.974,12.001,-28.509,-8.214,0,0,0,0,0,0,0,0
Tax Provision,-37.641,-20.071,-1.824,-1.945,3.909,-3.116,-2.327,-1.644,-6.093,0.213,-4.738,-1.082,3.541,8.603,0.404,0.539,-0.244,-13.599,-39.779,43.562,7.121,0.7,-0.297,-7.43,1.209,-21.75,,0,-11.223,-10.526,-2.036,0.217,-0.699,-1.268,3.677,0.217,-2.518,-0.6,-1.692,-0.678,-0.679,-0.993,-2.513,-4.157,9.137,-9.129,0.773,-5.481,-6.321,5.344,9.006,-4.424,9.044,-0.512,0.446,-0.043,0.654,-0.127,6.729,-8.21,-17.871,4.196,-27.888,-10.443,47.208,-3.18,6.464,0.693,0,0,0,0,0,0,0,0
Tax Rate %,26.67,35.13,25.31,79.94,137.33,43.11,29.55,-47.2,38.42,-0.46,-8.39,3.9,-34.59,-79.34,1.13,36.35,-0.61,-119.76,66.54,44.81,19.62,0.56,-4.11,-43.31,37.5,34.81,,,38.9,31.29,19.24,6.29,-20.76,21.5,130.22,1000,46.39,33.21,22.66,156,-34.39,-63.98,-26.59,14.14,-40.38,38.58,1.19,62.96,15.64,41.28,-526.52,64.09,-108.98,17.33,1.21,3.21,-20.17,-2.44,28.79,-41.55,104.56,15.02,350.17,22.95,42.54,26.5,22.67,8.43,,,,,,,,
Net Income (Continuing Operations),103.492,37.06,5.382,0.488,1.063,4.113,5.549,-5.126,9.766,45.973,-61.212,26.634,13.778,16.192,-27.705,-6.511,-40.396,-36.405,10.998,-53.653,-29.179,-125.357,-7.532,-24.585,-2.015,40.75,,0,17.631,23.114,8.55,-3.24,-4.063,4.629,0.853,0.195,2.91,1.206,5.776,-0.244,-2.653,-2.546,-11.964,25.233,31.763,14.536,-64.454,3.224,34.085,-7.602,10.716,2.479,14.088,2.442,-59.146,31.964,2.628,-10.04,14.861,-65.066,-12.231,-23.746,-29.472,35.544,-63.061,8.205,-22.045,-7.522,-62.349,-70.838,-3.764,-3.886,-12.037,-13.888,-0.976,-0.998
Net Income (Discontinued Operations),0,0,0,0,0,0,0,0,0,-1.257,0,0,0,109.265,-103.19,-17.911,-40.293,-19.881,0,0,0,0,0,0,0,0,,0,0,0,0,0,0,0,0,0,0,0,0,0,0,0,0,0,-16.659,15.757,0,1.671,0,0,0,0,-20.751,150.916,38.987,-144.542,-17.006,-0.995,0,0,0,0,0,0,0,0,0,0,0,0,0,0,0,0,0,0
  Other Income (Minority Interest),0,0,0,0,0,0,-0.033,0.835,-4.824,-9.603,18.784,0.583,2.295,-3.255,7.542,-0.954,-0.002,-0.007,0,0,0.244,-0.07,0,0,0,0,,0,0,0,0,0,0,0,0,0,0,0,0.008,-0.043,0.03,0.829,-0.254,-5.307,-3.936,-5.797,19.005,-0.22,-1.237,1.857,-1.837,3.346,21.73,-29.001,-21.541,29.567,-1.127,0.19,0,0,0,0,0,0,0,0,0,0,0,0,0,0,0,0,0,0
Net Income,103.492,37.06,5.382,0.488,1.063,4.113,5.516,-4.291,4.942,35.113,-42.428,27.217,16.074,125.458,-130.895,-24.422,-80.689,-56.286,10.833,-53.653,-29.179,-125.357,-7.532,-24.585,-2.015,40.75,,0,17.631,23.114,8.55,-3.24,-4.063,4.629,0.853,0.195,2.91,1.206,5.703,-0.2,-2.623,-1.717,-12.218,19.927,11.169,24.496,-47.129,4.675,32.848,-5.745,8.879,5.825,18.322,124.356,-20.16,-112.577,-14.378,-11.034,-25.432,-65.066,-32.112,-23.746,-29.637,35.544,-63.061,8.205,-22.045,-7.522,-62.349,-70.838,-3.764,-3.886,-12.037,-13.888,-0.976,-0.998
Net Margin %,27.3278,15.1732,2.842,0.261,0.5855,2.5441,3.2204,-2.5316,2.38,9.7965,-11.2234,10.4402,6.7578,54.0176,-55.9868,-13.398,-81.1269,-32.1401,4.2769,-17.3742,-10.9699,-42.6897,-4.2823,-17.4961,-3.252,15.23,,0,14.5689,15.7668,8.2605,-3.6886,-4.3784,4.8295,0.9556,0.2271,3.3628,1.6009,6.4324,-0.2265,-3.2015,-1.9046,-12.6076,15.4958,4.4751,21.9969,-16.9168,4.7273,23.9849,-4.5512,7.451,6.0619,14.6383,100.0471,-16.4436,-99.5855,-15.6566,-11.1048,54.8543,-37.8931,-149.8089,-15.7288,-27.4149,27.8737,-42.1244,5.9128,-16.5191,-5.3824,-42.6894,-42.6899,-4.2789,-4.2857,-17.4626,-17.5283,-3.2577,-3.2467
,,,,,,,,,,,,,,,,,,,,,,,,,,,,,,,,,,,,,,,,,,,,,,,,,,,,,,,,,,,,,,,,,,,,,,,,,,,,
Preferred Dividends,0,0,0,0,0,0,0,0,0,0,0,0,0,0,0,0,0,0,0,0,0,0,0,0,0,0,,0,0,0,0,0,0,0,0,0,0,0,0,0,0,0,0,0,0,0,0,0,0,0,0,0,0,0,0,0,0,0,0,0,0,0,0,0,0,0,0,0,0,0,0,0,0,0,0,0
EPS (Basic),1.21,0.481,0.081,0.011,0.025,0.098,0.142,-0.112,0.13,0.919,-1.105,0.72,0.423,3.326,-3.941,-0.82,-3.157,-2.58,0.571,-3.354,-2.169,-12.056,-1.288,-6.665,-1.713,0.54,,0,0.198,0.337,0.13,-0.051,-0.097,0.11,0.02,0.004,0.069,0.029,0.146,-0.005,-0.066,-0.048,-0.32,0.523,0.298,0.635,-1.223,0.117,0.868,-0.151,0.233,0.154,0.475,3.31,-0.536,-3.462,-0.488,-0.364,-0.919,-2.635,-1.403,-1.157,-1.643,1.945,-3.965,0.533,-1.606,-0.594,-10.188,-2.1,-0.612,-0.697,-3.325,-3.697,-0.882,-0.798
EPS (Diluted),1.202,0.473,0.079,0.011,0.025,0.098,0.142,-0.112,0.13,0.919,-1.105,0.72,0.423,3.326,-3.941,-0.82,-3.157,-2.58,0.381,-3.354,-2.169,-12.056,-1.288,-6.665,-1.713,0.53,,0,0.198,0.328,0.128,-0.051,-0.097,0.11,0.02,0.004,0.069,0.029,0.146,-0.005,-0.066,-0.048,-0.32,0.523,0.298,0.635,-1.223,0.117,0.868,-0.151,0.233,0.154,0.475,3.31,-0.536,-3.462,-0.488,-0.364,-0.919,-2.635,-1.403,-1.157,-1.713,1.839,-3.965,0.533,-1.606,-0.594,-10.188,-2.1,-0.612,-0.697,-3.325,-3.697,-0.882,-0.798
Shares Outstanding (Diluted Average),86.459,86.459,69.643,42.207,42.207,42.219,38.97,37.921,37.998,38.476,38.488,38.041,37.69,37.602,33.211,29.789,25.559,21.814,18.957,16.344,15.695,12.133,5.846,3.741,1.176,86.459,,86.459,104.222,170.469,75.044,64.242,42.207,42.207,42.207,42.207,42.093,42.346,38.97,37.923,37.921,37.919,37.998,37.918,38.476,38.503,38.488,38.488,38.041,37.923,37.69,37.659,37.602,37.567,33.211,32.517,29.789,30.322,25.559,24.692,21.814,21.639,18.957,18.271,16.344,15.727,15.695,12.41,12.133,6.666,5.846,5.571,3.741,3.757,1.176,1.25
,,,,,,,,,,,,,,,,,,,,,,,,,,,,,,,,,,,,,,,,,,,,,,,,,,,,,,,,,,,,,,,,,,,,,,,,,,,,
EBIT,145.367,60.995,13.034,6.114,0.76,10.086,11.911,1.416,20.056,47.112,-53.225,28.31,15.434,30.763,-23.875,-2.414,-18.099,-12.538,42.325,-95.333,-0.984,-37.695,-8.548,-10.49,-6.651,66.71,,0,30.839,35.876,13.87,-0.856,-1.562,7.806,-0.962,1.604,6.711,3.386,9.413,2.67,1.856,-0.453,-1.594,25.141,23.263,24.398,-63.393,10.112,39.952,-11.877,6.185,7.488,26.555,4.885,-29.374,5.59,-1.898,-0.568,-46.526,33.474,14.866,-26.919,-5.78,42.251,-121.674,22.975,0.048,-1.089,-185.288,165.936,-96.462,90.669,-82.074,79.233,-38.659,30.732
"Depreciation, Depletion and Amortization",18.148,15.805,11.594,12.618,13.946,11.973,15.727,14.986,14.376,14.418,19.293,24.984,12.351,8.808,24.881,26.974,16.145,26.288,10.314,15.388,13.955,19.002,14.468,10.38,2.116,17.22,,0,8.34,8.88,6.843,4.861,6.437,6.286,0,0,6.405,5.586,7.729,8.55,7.633,7.571,7.567,7.908,7.319,7.262,9.965,9.276,13.472,11.744,1.583,8.717,3.819,5.792,11.031,4.909,1.931,11.27,15.577,0.668,8.777,15.762,5.189,4.311,7.971,6.359,6.981,7.126,0,0,0,0,0,0,0,0
EBITDA,163.515,76.8,24.628,18.732,14.706,22.06,27.637,16.402,34.432,61.53,-33.932,53.294,27.785,39.571,1.006,24.56,-1.954,13.75,52.639,-79.945,12.971,-18.693,5.92,-0.109,-4.535,83.94,,0,39.179,44.756,20.713,4.005,4.875,14.093,-0.962,1.604,13.116,8.972,17.142,11.22,9.49,7.118,5.973,33.048,30.582,31.66,-53.428,19.388,53.425,-0.134,7.768,16.205,30.373,10.676,-9.322,10.499,14.818,10.702,-41.175,46.184,25.108,-11.156,-0.375,46.562,-113.578,29.335,7.245,6.037,-166.286,165.936,-81.993,90.669,-71.694,79.233,-36.542,30.732
EBITDA Margin %,43.1771,31.4432,13.0046,10.0145,8.1029,13.6451,16.1355,9.6781,16.5821,17.1668,-8.9759,20.4434,11.6814,17.0379,0.4303,13.4739,-1.965,7.8514,20.7818,-25.8884,4.8765,-6.3659,3.3661,-0.0778,-7.3172,31.37,,0,32.3736,30.5295,20.0119,4.5589,5.2525,14.7035,-1.0772,1.8674,15.1555,11.9052,19.3338,12.7031,11.5815,7.8964,6.1632,25.6998,12.254,28.4305,-19.1778,19.6058,39.0094,-0.1058,6.5188,16.8642,24.266,8.5892,-7.6032,9.2876,16.1366,10.7704,88.811,26.8964,117.1311,-7.3898,-0.347,36.5139,-75.8697,21.1382,5.4289,4.3202,-113.8526,100,-93.2136,100,-104.0091,100,-121.9561,100
,,,,,,,,,,,,,,,,,,,,,,,,,,,,,,,,,,,,,,,,,,,,,,,,,,,,,,,,,,,,,,,,,,,,,,,,,,,,
Balance Sheet,,,,,,,,,,,,,,,,,,,,,,,,,,,,,,,,,,,,,,,,,,,,,,,,,,,,,,,,,,,,,,,,,,,,,,,,,,,,
  Cash and Cash Equivalents,156.687,100.098,19.164,22.691,19.678,23.375,26.391,19.569,37.665,35.614,38.184,24.641,44.012,106.574,19.07,56.273,35.6,21.457,42.31,24.241,14.135,14.672,13.577,13.44,1.31,156.687,,156.687,100.098,37.73,19.164,14.687,22.691,22.503,19.678,0,23.375,14.011,26.391,21.074,19.569,19.232,37.665,46.263,35.614,39.166,38.184,34.248,24.641,21.751,44.012,61.374,106.574,109.545,19.07,19.054,56.273,21.751,35.6,25.158,21.457,22.415,42.31,83.352,24.241,10.565,14.135,15.637,14.672,0,13.577,0,13.44,0,1.31,0
  Marketable Securities,0,0,0,0,0,0,0,0,0,0,0,0,1.867,0,0,0,0,0,0,0,0,0,0,0,0,0,,0,0,0,0,0,0,0,0,0,0,0,0,0,0,0,0,0,0,0,0,0,0,2.004,1.867,1.512,0,0,0,0,0,0,0,0,0,0,0,0,0,0,0,0,0,0,0,0,0,0,0,0
"Cash, Cash Equivalents, Marketable Securities",156.687,100.098,19.164,22.691,19.678,23.375,26.391,19.569,37.665,35.614,38.184,24.641,45.879,106.574,19.07,56.273,35.6,21.457,42.31,24.241,14.135,14.672,13.577,13.44,1.31,156.687,,156.687,100.098,37.73,19.164,14.687,22.691,22.503,19.678,0,23.375,14.011,26.391,21.074,19.569,19.232,37.665,46.263,35.614,39.166,38.184,34.248,24.641,23.755,45.879,62.886,106.574,109.545,19.07,19.054,56.273,21.751,35.6,25.158,21.457,22.415,42.31,83.352,24.241,10.565,14.135,15.637,14.672,0,13.577,0,13.44,0,1.31,0
  Accounts Receivable,4.061,1.348,0,0.045,2.676,0,3.499,2.401,3.041,0.248,0,0,10.95,7.387,5.73,11.126,4.167,18.342,20.805,12.412,15.518,0,0,0,0,4.061,,4.061,1.348,8.519,0,7.147,0.045,6.752,2.676,0,0,9.052,3.499,7.228,2.401,12.471,3.041,18.847,0.248,0,0,0,0,16.794,10.95,22.524,7.387,18.014,5.73,9.704,11.126,11.507,4.167,16.649,18.342,19.652,20.805,20.215,12.412,11.898,15.518,30.284,0,0,0,0,0,0,0,0
  Notes Receivable,0,0,0,0,0,0,0,0,0,0,0,0,0,0,0,0,0,0,0,0,0,0,0,0,0,0,,0,0,0,0,0,0,0,0,0,0,0,0,0,0,0,0,0,0,0,0,0,0,0,0,0,0,0,0,0,0,0,0,0,0,0,0,0,0,0,0,0,0,0,0,0,0,0,0,0
  Loans Receivable,0,0,0,0,0,0,0,0,0,0,0,0,0,0,0,0,0,0,0,0,0,0,0,0,0,,,0,0,0,0,0,0,0,0,0,0,0,0,0,0,0,0,0,0,0,0,0,0,0,0,0,0,0,0,0,0,0,0,0,0,0,0,0,0,0,0,0,0,0,0,0,0,0,0,0
  Other Current Receivables,9.725,7.365,4.559,5.934,8.633,4.864,8.374,4.894,4.948,3.754,18.628,8.45,10.95,30.255,5.969,11.127,5.978,18.649,22,12.412,15.518,20.03,10.108,4.48,4.132,9.725,,9.725,7.365,8.519,4.559,7.147,5.934,6.752,8.633,0,4.864,9.832,8.374,7.349,4.894,12.471,4.948,18.847,3.754,11.229,18.628,14.142,8.45,16.794,10.95,22.524,30.255,18.014,5.969,9.704,11.127,11.507,5.978,16.649,18.649,19.652,22,20.215,12.412,11.898,15.518,30.284,20.03,0,10.108,0,4.48,0,4.132,0
Total Receivables,9.725,7.365,4.559,5.934,8.633,4.864,8.374,4.894,4.948,3.754,18.628,8.45,10.95,30.255,5.969,11.127,5.978,18.649,22,12.412,15.518,20.03,10.108,4.48,4.132,9.725,,9.725,7.365,8.519,4.559,7.147,5.934,6.752,8.633,0,4.864,9.832,8.374,7.349,4.894,12.471,4.948,18.847,3.754,11.229,18.628,14.142,8.45,16.794,10.95,22.524,30.255,18.014,5.969,9.704,11.127,11.507,5.978,16.649,18.649,19.652,22,20.215,12.412,11.898,15.518,30.284,20.03,0,10.108,0,4.48,0,4.132,0
"  Inventories, Raw Materials & Components",12.765,9.665,9.955,9.689,7.904,5.787,7.378,4.031,3.504,6.938,9.672,0,0,4.089,10.704,11.858,11.129,0,0,0,0,0,0,0,0,12.765,,12.765,9.665,0,9.955,0,9.689,0,7.904,0,5.787,0,7.378,0,4.031,0,3.504,0,6.938,0,9.672,0,0,0,0,0,4.089,0,10.704,0,11.858,0,11.129,0,0,0,0,0,0,0,0,0,0,0,0,0,0,0,0,0
"  Inventories, Work In Process",8.086,5.579,6.829,4.972,4.274,3.243,4.927,8.293,7.343,3.916,6.374,4.767,5.335,3.829,4.439,17.569,4.118,0,0,0,0,0,0,0,0,8.086,,8.086,5.579,0,6.829,0,4.972,0,4.274,0,3.243,0,4.927,0,8.293,0,7.343,0,3.916,0,6.374,0,4.767,0,5.335,0,3.829,0,4.439,0,17.569,0,4.118,0,0,0,0,0,0,0,0,0,0,0,0,0,0,0,0,0
"  Inventories, Inventories Adjustments",0,0,0,0,0,0,0,0,0,0,0,0,0,0,0,-30.907,-31.671,0,0,0,0,0,0,0,0,,,0,0,0,0,0,0,0,0,0,0,0,0,0,0,0,0,0,0,0,0,0,0,0,0,0,0,0,0,0,-30.907,0,-31.671,0,0,0,0,0,0,0,0,0,0,0,0,0,0,0,0,0
"  Inventories, Finished Goods",3.587,3.63,4.1,2.839,1.807,1.648,1.423,1.463,3.038,1.774,2.068,4.767,0,0,0,0,0,0,0,0,0,0,0,0,0,3.587,,3.587,3.63,0,4.1,0,2.839,0,1.807,0,1.648,0,1.423,0,1.463,0,3.038,0,1.774,0,2.068,0,4.767,0,0,0,0,0,0,0,0,0,0,0,0,0,0,0,0,0,0,0,0,0,0,0,0,0,0,0
"  Inventories, Other",0,0,0,0,0,0,0,0,0,0,0,0,6.358,0,0,30.907,31.671,15.762,7.536,8.493,9.399,11.878,7.135,6.884,1.31,0,,0,0,21.26,0,19.611,0,18.538,0,0,0,11.565,0,11.916,0,11.796,0,12.088,0,10.948,0,14.831,0,13.147,6.358,9.816,0,10.118,0,15.536,30.907,21.767,31.671,16.455,15.762,17.195,7.536,7.952,8.493,7.282,9.399,11.282,11.878,0,7.135,0,6.884,0,1.31,0
Total Inventories,24.437,18.875,20.884,17.501,13.985,10.678,13.728,13.786,13.885,12.627,18.114,9.535,11.693,7.918,15.143,29.427,15.247,15.762,7.536,8.493,9.399,11.878,7.135,6.884,1.31,24.437,,24.437,18.875,21.26,20.884,19.611,17.501,18.538,13.985,0,10.678,11.565,13.728,11.916,13.786,11.796,13.885,12.088,12.627,10.948,18.114,14.831,9.535,13.147,11.693,9.816,7.918,10.118,15.143,15.536,29.427,21.767,15.247,16.455,15.762,17.195,7.536,7.952,8.493,7.282,9.399,11.282,11.878,0,7.135,0,6.884,0,1.31,0
Other Current Assets,1.25,1.46,0.38,0.92,0.23,1,1.05,5.81,3.93,4.16,0.23,10.04,0.01,5.04,83.36,19.24,3.71,5.17,15.4,8.82,12.38,14.27,0.1,0,0.2,1.25,,1.25,1.46,0,0.38,0,0.92,0,0.23,0,1,3.55,1.05,0.79,5.81,0,3.93,0,4.16,26.14,0.23,2.2,10.04,0,0.01,0,5.04,2.19,83.36,122.88,19.24,0,3.71,0,5.17,0,15.4,0,8.82,0,12.38,0,14.27,0,0.1,0,0,0,0.2,0
Total Current Assets,192.1,127.803,44.985,47.041,42.529,39.914,49.546,44.059,60.432,56.157,75.158,52.661,68.531,149.788,123.54,116.071,60.53,61.039,87.247,53.968,51.435,60.849,30.919,24.803,6.953,192.1,,192.1,127.803,67.51,44.985,41.445,47.041,47.793,42.529,0,39.914,38.954,49.546,41.131,44.059,43.498,60.432,77.198,56.157,87.486,75.158,65.419,52.661,53.695,68.531,95.226,149.788,139.871,123.54,167.171,116.071,55.026,60.53,58.263,61.039,59.262,87.247,111.518,53.968,29.745,51.435,57.203,60.849,0,30.919,0,24.803,0,6.953,0
Investments And Advances,58.887,47.933,40.521,20.483,18.344,14.027,7.428,19.989,21.422,33.174,23.477,22.817,21.496,0,0,0,0,0,0,0,0,0,0,0,0,58.887,,58.887,47.933,44.854,40.521,45.815,20.483,18.859,18.344,0,14.027,14.004,7.428,18.447,19.989,29.899,21.422,37.589,33.174,13.938,23.477,22.847,22.817,5.745,21.496,6.53,0,0,0,0,0,0,0,0,0,0,0,0,0,0,0,0,0,0,0,0,0,0,0,0
    Land And Improvements,0,0,0,0,0,0,0,0,0,0,0,0,0,225.627,117.746,144.717,284.126,312.61,209.507,185.676,224.638,0,0,0,0,0,,0,0,0,0,0,0,0,0,0,0,0,0,0,0,0,0,0,0,0,0,0,0,0,0,0,225.627,0,117.746,0,144.717,330.507,284.126,292.82,312.61,471.436,209.507,0,185.676,0,224.638,0,0,0,0,0,0,0,0,0
    Buildings And Improvements,0,0,0,0,0,0,0,0,0,0,0,0,0,0,0,0,0,0,0,0,0,0,0,0,0,0,,0,0,0,0,0,0,0,0,0,0,0,0,0,0,0,0,0,0,0,0,0,0,0,0,0,0,0,0,0,0,0,0,0,0,0,0,0,0,0,0,0,0,0,0,0,0,0,0,0
"    Machinery, Furniture, Equipment",0,0,0,0,0,0,2.196,2.255,2.007,2.066,0,0,0,2.647,130.884,166.647,0,0,0,0,0,0,0,0,0,0,,0,0,0,0,0,0,0,0,0,0,0,2.196,0,2.255,0,2.007,0,2.066,0,0,0,0,0,0,0,2.647,0,130.884,0,166.647,0,0,0,0,0,0,0,0,0,0,0,0,0,0,0,0,0,0,0
    Construction In Progress,0,0,0,0,0,0,0,0,0,0,0,0,0,0,0,0,0,0,0,0,0,0,0,0,0,0,,0,0,0,0,0,0,0,0,0,0,0,0,0,0,0,0,0,0,0,0,0,0,0,0,0,0,0,0,0,0,0,0,0,0,0,0,0,0,0,0,0,0,0,0,0,0,0,0,0
    Other Gross PPE,349.944,269.449,309.887,227.681,230.756,193.01,228.889,250.914,251.224,261.942,524.408,418.041,361.181,0.001,5.266,84.414,0,0,0,5.39,12.268,260.298,182.145,166.302,113.967,349.944,,349.944,269.449,190.107,309.887,205.409,227.681,114.728,230.756,0,193.01,111.002,228.889,149.528,250.914,173.278,251.224,205.293,261.942,191.669,524.408,284.157,418.041,233.099,361.181,89.814,0.001,259.518,5.266,230.985,84.414,0,0,0,0,0,0,318.46,5.39,204.157,12.268,243.09,260.298,0,182.145,0,166.302,0,113.967,0
"  Gross Property, Plant and Equipment",349.944,269.449,309.887,227.681,230.756,193.01,231.085,253.169,253.231,264.008,524.408,418.041,361.181,228.275,253.896,395.778,284.126,312.61,209.507,191.067,236.906,260.298,182.145,166.302,113.967,349.944,,349.944,269.449,190.107,309.887,205.409,227.681,114.728,230.756,0,193.01,111.002,231.085,149.528,253.169,173.278,253.231,205.293,264.008,191.669,524.408,284.157,418.041,233.099,361.181,89.814,228.275,259.518,253.896,230.985,395.778,330.507,284.126,292.82,312.61,471.436,209.507,318.46,191.067,204.157,236.906,243.09,260.298,0,182.145,0,166.302,0,113.967,0
  Accumulated Depreciation,-147.997,-116.475,-119.602,-118.569,-114.595,-86.664,-92.876,-88.744,-77.6,-68.161,-295.978,-174.754,-145.424,-125.545,-161.165,-135.981,-163.599,-162.626,-130.21,-113.395,-132.229,-121.071,-48.162,-37.587,-33.656,-147.997,,-147.997,-116.475,0,-119.602,0,-118.569,0,-114.595,0,-86.664,0,-92.876,0,-88.744,0,-77.6,0,-68.161,0,-295.978,0,-174.754,0,-145.424,0,-125.545,-164.141,-161.165,-134.468,-135.981,-172.172,-163.599,-168.454,-162.626,-310.128,-130.21,-243.06,-113.395,-135.744,-132.229,-122.25,-121.071,0,-48.162,0,-37.587,0,-33.656,0
"Property, Plant and Equipment",201.946,152.975,190.285,109.112,116.161,106.346,138.209,164.425,175.632,195.848,228.43,243.287,215.757,102.729,92.731,259.797,120.527,149.984,79.297,77.672,104.677,139.227,133.983,128.715,80.311,201.946,,201.946,152.975,190.107,190.285,205.409,109.112,114.728,116.161,0,106.346,111.002,138.209,149.528,164.425,173.278,175.632,205.293,195.848,191.669,228.43,284.157,243.287,233.099,215.757,89.814,102.729,95.377,92.731,96.517,259.797,158.335,120.527,124.366,149.984,161.308,79.297,75.4,77.672,68.414,104.677,120.84,139.227,0,133.983,0,128.715,0,80.311,0
Intangible Assets,0,0,0,0,0,0,0,0,0,0,0,0,0,0,0,0,0,0,0,0,0,0,0,0,0,0,,0,0,0,0,0,0,0,0,0,0,0,0,0,0,0,0,0,0,0,0,0,0,0,0,0,0,0,0,0,0,0,0,0,0,0,0,0,0,0,0,0,0,0,0,0,0,0,0,0
  Goodwill,0,0,0,0,0,0,0,0,0,0,0,0,0,0,0,0,0,0,0,0,0,0,0,0,0,0,,0,0,0,0,0,0,0,0,0,0,0,0,0,0,0,0,0,0,0,0,0,0,0,0,0,0,0,0,0,0,0,0,0,0,0,0,0,0,0,0,0,0,0,0,0,0,0,0,0
Other Long Term Assets,3.328,2.51,2.578,0.653,0.388,0.452,8.459,0.133,9.412,12.167,10.202,19.163,21.082,32.458,11.615,40.421,53.996,100.819,51.01,73.192,18.311,4.025,11.066,2.513,11.79,3.328,,3.328,2.51,0.646,2.578,0.4,0.653,0.382,0.388,0,0.452,0.04,8.459,0.13,0.133,0.116,9.412,1.626,12.167,5.712,10.202,17.293,19.163,45.252,21.082,18.392,32.458,20.544,11.615,18.273,40.421,70.115,53.996,95.709,100.819,74.41,51.01,89.291,73.192,11.59,18.311,3.266,4.025,0,11.066,0,2.513,0,11.79,0
Total Long-Term Assets,264.161,203.418,233.384,130.248,134.893,120.824,154.097,184.548,206.466,241.189,262.109,285.268,258.334,135.188,104.346,300.218,174.522,250.803,130.307,150.864,122.988,143.252,145.048,131.228,92.101,264.161,,264.161,203.418,235.607,233.384,251.624,130.248,133.969,134.893,0,120.824,125.047,154.097,168.106,184.548,203.293,206.466,244.507,241.189,211.319,262.109,324.296,285.268,284.096,258.334,114.737,135.188,115.92,104.346,114.79,300.218,228.45,174.522,220.075,250.803,235.718,130.307,164.691,150.864,80.004,122.988,124.106,143.252,0,145.048,0,131.228,0,92.101,0
Total Assets,456.261,331.221,278.368,177.29,177.422,160.738,203.643,228.607,266.897,297.345,337.267,337.929,326.865,284.976,227.886,416.289,235.052,311.842,217.554,204.832,174.423,204.101,175.967,156.031,99.054,456.261,,456.261,331.221,303.116,278.368,293.069,177.29,181.763,177.422,0,160.738,164,203.643,209.237,228.607,246.791,266.897,321.706,297.345,298.805,337.267,389.715,337.929,337.791,326.865,209.963,284.976,255.791,227.886,281.961,416.289,283.475,235.052,278.337,311.842,294.98,217.554,276.21,204.832,109.749,174.423,181.309,204.101,0,175.967,0,156.031,0,99.054,0
,,,,,,,,,,,,,,,,,,,,,,,,,,,,,,,,,,,,,,,,,,,,,,,,,,,,,,,,,,,,,,,,,,,,,,,,,,,,
  Accounts Payable,25.36458446,20.31025668,22.24202948,17.04997822,15.58282399,11.15614618,21.01917617,19.83683944,21.72838272,27.14345367,48.69921455,35.20784221,40.10083155,48.50706213,35.8951269,43.16183429,21.83230459,58.44135418,47.58767242,36.84056519,43.69005521,66.18971177,29.23439553,25.02170284,15.82046439,25.36458446,,25.36458446,20.31025668,26.4261512,22.24202948,28.36421788,17.04997822,21.06662185,15.58282399,0,11.15614618,16.51735722,21.01917617,18.15177212,19.83683944,18.20934965,21.72838272,24.96632449,27.14345367,0,48.69921455,0,35.20784221,38.61158615,40.10083155,26.42425953,48.50706213,38.04522055,35.8951269,63.91399531,43.16183429,50.13153749,21.83230459,57.78771731,58.44135418,54.65628537,47.58767242,40.90926363,36.84056519,22.97547983,43.69005521,42.4572535,66.18971177,0,29.23439553,0,25.02170284,0,15.82046439,0
  Total Tax Payable,0.668,1.716,0.37,0.315,0.403,0,0,0,0,0.338,0.035,0.054,0.116,0,0,0,0,0,0,0,0,0,0,0,0,0.668,,0.668,1.716,1.222,0.37,0.428,0.315,0.504,0.403,0,0,0,0,0,0,0,0,0,0.338,0,0.035,0,0.054,0,0.116,0,0,0,0,0,0,0,0,0,0,0,0,0,0,0,0,0,0,0,0,0,0,0,0,0
  Other Current Payables,0,0,0,0,0,0,0,0,0,0,0,0,0,0,0,0,0,0,0,0,0,0,0,0,0,,,0,0,0,0,0,0,0,0,0,0,0,0,0,0,0,0,0,0,25.521,0,30.746,0,0,0,0,0,0,0,0,0,0,0,0,0,0,0,0,0,0,0,0,0,0,0,0,0,0,0,0
  Current Accrued Expense,5.621,4.687,4.272,3.876,3.777,6.239,0,0,0,0,0,0,0,0,6.416,10.812,11.037,0,0,0,0,0,0,0,0,,,5.621,4.687,0,4.272,0,3.876,0,3.777,0,6.239,0,0,0,0,0,0,0,0,0,0,0,0,0,0,0,0,0,6.416,0,10.812,0,11.037,0,0,0,0,0,0,0,0,0,0,0,0,0,0,0,0,0
Accounts Payable & Accrued Expense,31.65362141,26.71265656,26.88378471,21.24111824,19.76358165,17.39534884,21.01917617,19.83683944,21.72838272,27.48180582,48.73399254,35.26153806,40.21672559,48.50706213,42.31070405,53.97430382,32.86886462,58.44135418,47.58767242,36.84056519,43.69005521,66.18971177,29.23439553,25.02170284,15.82046439,31.65362141,,31.65362141,26.71265656,27.64816975,26.88378471,28.79206587,21.24111824,21.57075421,19.76358165,0,17.39534884,16.51735722,21.01917617,18.15177212,19.83683944,18.20934965,21.72838272,24.96632449,27.48180582,25.5208524,48.73399254,30.74578308,35.26153806,38.61158615,40.21672559,26.42425953,48.50706213,38.04522055,42.31070405,63.91399531,53.97430382,50.13153749,32.86886462,57.78771731,58.44135418,54.65628537,47.58767242,40.90926363,36.84056519,22.97547983,43.69005521,42.4572535,66.18971177,0,29.23439553,0,25.02170284,0,15.82046439,0
  Short-Term Debt,0,0,0,0,0,0,1.879,6.856,2.429,3.662,11.693,0,0.364,0.066,126.467,78.343,10.899,10.649,21.873,16.766,3.49,2.009,1.784,1.311,0,0,,0,0,0,0,0,0,0,0,0,0,0,1.879,6.749,6.856,6.983,2.429,2.566,3.662,3.723,11.693,11.504,0,0,0.364,1.23,0.066,0,126.467,57.715,78.343,57.803,10.899,9.177,10.649,10.133,21.873,14.371,16.766,3.18,3.49,28.008,2.009,0,1.784,0,1.311,0,0,0
  Short-Term Capital Lease Obligation,1.215,0.589,0.754,0,0,0,0.163,0,0,0,0,0,0,0,0,0,0,0,0,0,0,0,0,0,0,1.215,,1.215,0.589,0.618,0.754,0.905,0,0,0,0,0,0.147,0.163,0.157,0,0,0,0,0,0,0,0,0,0,0,0,0,0,0,0,0,0,0,0,0,0,0,0,0,0,0,0,0,0,0,0,0,0,0,0
Short-Term Debt & Capital Lease Obligation,1.215,0.589,0.754,0,0,0,2.042,6.856,2.429,3.662,11.693,0,0.364,0.066,126.467,78.343,10.899,10.649,21.873,16.766,3.49,2.009,1.784,1.311,0,1.215,,1.215,0.589,0.618,0.754,0.905,0,0,0,0,0,0.147,2.042,6.906,6.856,6.983,2.429,2.566,3.662,3.723,11.693,11.504,0,0,0.364,1.23,0.066,0,126.467,57.715,78.343,57.803,10.899,9.177,10.649,10.133,21.873,14.371,16.766,3.18,3.49,28.008,2.009,0,1.784,0,1.311,0,0,0
  Current Deferred Revenue,0,0,0,0,0,0,0,0,0,0,0,0,0,0,0,0,0,0,0,0,0,0,0,0,0,0,,0,0,0,0,0,0,0,0,0,0,0,0,0,0,0,0,0,0,0,0,0,0,0,0,0,0,0,0,0,0,0,0,0,0,0,0,0,0,0,0,0,0,0,0,0,0,0,0,0
  Current Deferred Taxes Liabilities,0,0,0,0,0,0,0,0,0,0,0,0,0,0,2.72,0,0,9.396,0,0,0,0,0,0,0,0,,0,0,0,0,0,0,0,0,0,0,0,0,0,0,0,0,0,0,0,0,0,0,0,0,0,0,0,2.72,0,0,0,0,0,9.396,0,0,0,0,0,0,0,0,0,0,0,0,0,0,0
Deferred Tax And Revenue,0,0,0,0,0,0,0,0,0,0,0,0,0,0,2.72,0,0,9.396,0,0,0,0,0,0,0,0,,0,0,0,0,0,0,0,0,0,0,0,0,0,0,0,0,0,0,0,0,0,0,0,0,0,0,0,2.72,0,0,0,0,0,9.396,0,0,0,0,0,0,0,0,0,0,0,0,0,0,0
Other Current Liabilities,5.333,16.231,3.778,2.847,0.171,2.837,1.641,2.106,0.102,0,0,0,0,5.259,18.041,30.349,5.32,3.703,15.483,10.161,38.458,31.374,3.072,0.546,2.922,5.333,,5.333,16.231,3.854,3.778,1.017,2.847,0.779,0.171,0,2.837,1.32,1.641,2.096,2.106,0,0.102,0,0,17.954,0,0,0,0,0,0,5.259,0,18.041,48.323,30.349,0,5.32,2.689,3.703,0,15.483,0.383,10.161,0.103,38.458,0.099,31.374,0,3.072,0,0.546,0,2.922,0
Total Current Liabilities,38.201,43.533,31.416,24.088,19.934,20.233,24.702,28.799,24.26,31.143,60.427,35.262,40.581,53.832,189.538,162.666,49.089,82.189,84.943,63.767,85.638,99.573,34.09,26.879,18.743,38.201,,38.201,43.533,32.12,31.416,30.714,24.088,22.35,19.934,0,20.233,17.984,24.702,27.154,28.799,25.192,24.26,27.533,31.143,47.197,60.427,42.25,35.262,38.612,40.581,27.654,53.832,38.045,189.538,169.952,162.666,107.935,49.089,69.655,82.189,64.789,84.943,55.663,63.767,26.258,85.638,70.564,99.573,0,34.09,0,26.879,0,18.743,0
  Long-Term Debt,0,0,0,0,0,0,0,7.072,14.333,0,5.958,7.724,8.11,0,0,51.497,68.382,57.211,60.146,25.781,7.263,0,5.847,0,0,0,,0,0,0,0,12.155,0,0,0,0,0,0,0,0,7.072,7.282,14.333,16.989,0,0,5.958,10.537,7.724,8.698,8.11,9.453,0,0,0,39.441,51.497,1.879,68.382,52.848,57.211,65.199,60.146,70.513,25.781,3.59,7.263,9.204,0,0,5.847,0,0,0,0,0
  Long-Term Capital Lease Obligation,2.724,2.159,0,1.104,1.303,1.276,1.559,0,0,0,0,0,0,0,0,0,0,0,0,0,0,0,0,0,0,2.724,,2.724,2.159,2.993,0,0,1.104,1.184,1.303,0,1.276,1.2,1.559,1.774,0,0,0,0,0,0,0,0,0,0,0,0,0,0,0,0,0,0,0,0,0,0,0,0,0,0,0,0,0,0,0,0,0,0,0,0
Long-Term Debt & Capital Lease Obligation,2.724,2.159,0,1.104,1.303,1.276,1.559,7.072,14.333,0,5.958,7.724,8.11,0,0,51.497,68.382,57.211,60.146,25.781,7.263,0,5.847,0,0,2.724,,2.724,2.159,2.993,0,12.155,1.104,1.184,1.303,0,1.276,1.2,1.559,1.774,7.072,7.282,14.333,16.989,0,0,5.958,10.537,7.724,8.698,8.11,9.453,0,0,0,39.441,51.497,1.879,68.382,52.848,57.211,65.199,60.146,70.513,25.781,3.59,7.263,9.204,0,0,5.847,0,0,0,0,0
Debt-to-Equity,0.011,0.012,0.004,0.012,0.013,0.014,0.029,0.119,0.12,0.02,0.096,0.038,0.046,0,-13.774,1.23,1.017,0.847,16.446,-3.729,0.197,0.032,0.066,0.013,0,0.011,,0.011,0.012,0.018,0.004,0.073,0.012,0.012,0.013,9999,0.014,0.013,0.029,0.081,0.119,0.109,0.12,0.114,0.02,0.021,0.096,0.096,0.038,0.045,0.046,0.084,0,0,-13.774,8.882,1.23,0.611,1.017,0.824,0.847,0.86,16.446,2.065,-3.729,0.147,0.197,0.649,0.032,9999,0.066,9999,0.013,9999,0,9999
Pension And Retirement Benefit,0.74,0.589,2.564,3.049,3.025,2.538,0.752,0.869,0.865,0.712,0.924,1.75,5.432,0,0,0,0,0,0,0,0,0,0,0,0,0.74,,0.74,0.589,0.639,2.564,1.908,3.049,2.017,3.025,0,2.538,0.693,0.752,0.765,0.869,0.849,0.865,0.708,0.712,0.708,0.924,2.022,1.75,6.186,5.432,2.429,0,0,0,0,0,0,0,0,0,0,0,0,0,0,0,0,0,0,0,0,0,0,0,0
NonCurrent Deferred Liabilities,27.104,15.939,13.246,12.296,10.898,12.937,12.025,10.873,10.642,10.383,18.056,22.021,24.219,0,0.269,13.548,15.895,42.425,27.67,26.974,3.792,10.199,8.82,9.615,0,27.104,,27.104,15.939,18.754,13.246,10.829,12.296,11.778,10.898,0,12.937,10.365,12.025,10.437,10.873,10.262,10.642,11.45,10.383,19.589,18.056,26.584,22.021,23.448,24.219,0,0,0,0.269,14.117,13.548,11.792,15.895,22.486,42.425,9.007,27.67,30.179,26.974,3.898,3.792,8.61,10.199,0,8.82,0,9.615,0,0,0
Other Long-Term Liabilities,41.026,33.203,46.802,41.566,41.241,34.744,40.133,42.261,52.432,60.169,72.242,55.085,51.344,66.713,46.395,51.374,22.835,48.994,39.808,99.72,23.167,30.435,12.057,16.062,4.938,41.026,,41.026,33.203,48.304,46.802,57.472,41.566,41.744,41.241,0,34.744,33.261,40.133,41.165,42.261,52.12,52.432,61.208,60.169,55.68,72.242,64.247,55.085,56.982,51.344,40.886,66.713,52.492,46.395,42.916,51.374,59.633,22.835,57.066,48.994,68.372,39.808,78.753,99.72,30.053,23.167,35.628,30.435,0,12.057,0,16.062,0,4.938,0
Total Long-Term Liabilities,71.594,51.89,62.612,58.015,56.467,51.495,54.469,61.074,78.272,71.265,97.179,86.58,89.105,66.713,46.664,116.42,107.112,148.63,127.624,152.476,34.221,40.635,26.723,25.677,4.938,71.594,,71.594,51.89,70.69,62.612,82.364,58.015,56.723,56.467,0,51.495,45.519,54.469,54.142,61.074,70.513,78.272,90.355,71.265,75.977,97.179,103.39,86.58,95.313,89.105,52.768,66.713,52.492,46.664,96.475,116.42,73.304,107.112,132.4,148.63,142.577,127.624,179.445,152.476,37.54,34.221,53.443,40.635,0,26.723,0,25.677,0,4.938,0
Total Liabilities,109.796,95.423,94.028,82.103,76.402,71.728,79.171,89.873,102.532,102.409,157.605,121.841,129.686,120.544,236.202,279.086,156.2,230.82,212.567,216.243,119.859,140.208,60.813,52.557,23.68,109.796,,109.796,95.423,102.809,94.028,113.078,82.103,79.072,76.402,,71.728,63.503,79.171,81.296,89.873,95.705,102.532,117.888,102.409,123.174,157.605,145.639,121.841,133.925,129.686,80.422,120.544,90.538,236.202,266.426,279.086,181.239,156.2,202.054,230.82,207.366,212.567,235.109,216.243,63.798,119.859,124.007,140.208,,60.813,,52.557,,23.68,
,,,,,,,,,,,,,,,,,,,,,,,,,,,,,,,,,,,,,,,,,,,,,,,,,,,,,,,,,,,,,,,,,,,,,,,,,,,,
Common Stock,442.597,359.392,347.809,313.787,324.044,277.588,340.153,382.938,0,0,0,0,0,0,0,0,0,463.276,343.212,357.264,0,0,0,0,0,442.597,,442.597,359.392,0,347.809,0,313.787,0,324.044,0,277.588,0,340.153,0,382.938,0,0,0,0,0,0,0,0,0,0,0,0,0,0,0,0,0,0,0,463.276,458.847,343.212,344.519,357.264,0,0,0,0,0,0,0,0,0,0,0
Preferred Stock,0,0,0,0,0,0,0.041,0.047,0,0,0.074,0.065,0.062,0.063,0,0,0.105,0.102,0,0.109,0.062,0.072,0.099,0.109,0,0,,0,0,0,0,0,0,0,0,0,0,0,0.041,0,0.047,0,0,0,0,0,0.074,0,0.065,0,0.062,0,0.063,0,0,0,0,0,0.105,0.106,0.102,0.102,0,0.096,0.109,0,0.062,0,0.072,0,0.099,0,0.109,0,0,0
Retained Earnings,-96.132,-123.595,-194.57,-218.6,-223.023,-197.894,-226.772,-282.183,0,0,-455.24,-364.353,-369.83,-385.727,-645.542,-514.787,-472.069,-378.588,-324.214,-347.617,-160.199,-154.829,-33.694,-28.955,-4.434,-96.132,,-96.132,-123.595,0,-194.57,0,-218.6,0,-223.023,0,-197.894,0,-226.772,0,-282.183,0,0,0,0,0,-455.24,0,-364.353,0,-369.83,0,-385.727,0,-645.542,0,-514.787,-479.428,-472.069,-457.221,-378.588,-372.154,-324.214,-292.113,-347.617,-106.608,-160.199,-163.858,-154.829,0,-33.694,0,-28.955,0,-4.434,0
Accumulated other comprehensive income (loss),0,0,31.1,0,0,9.316,11.051,16.19,0,0,0,26.045,43.247,26.191,-46.945,-44.608,-44.715,-42.898,-49.923,-55.102,16.598,16.472,0,0,0,0,,0,0,0,31.1,0,0,0,0,0,9.316,0,11.051,0,16.19,0,0,0,0,0,0,0,26.045,0,43.247,0,26.191,158.425,-46.945,10.938,-44.608,577.166,-44.715,532.379,-42.898,-38.894,-49.923,-45.221,-55.102,152.559,16.598,0,16.472,0,0,0,0,0,0,0
Additional Paid-In Capital,0,0,0,0,0,0,0,0,0,0,608.999,541.322,510.94,516.196,683.306,664.962,594.669,38.241,35.912,33.936,198.105,201.802,148.748,132.321,0,0,,0,0,0,0,0,0,0,0,0,0,0,0,0,0,0,0,0,0,0,608.999,0,541.322,0,510.94,0,516.196,0,683.306,0,664.962,0,594.669,0,38.241,39.713,35.912,33.82,33.936,0,198.105,0,201.802,0,148.748,0,132.321,0,0,0
Treasury Stock,0,0,0,0,0,0,0,0,0,0,0,0,0,0,0,0,0,0,0,0,0,0,0,0,0,0,,0,0,0,0,0,0,0,0,0,0,0,0,0,0,0,0,0,0,0,0,0,0,0,0,0,0,0,0,0,0,0,0,0,0,0,0,0,0,0,0,0,0,0,0,0,0,0,0,0
Other Stockholders Equity,0,0,0,0,0,0,0,0,140.085,178.624,29.966,0,0,0,0,0,0,0,0,0,-0.001,0,0,0,79.807,0,,0,0,200.307,0,179.991,0,102.69,0,0,0,100.497,0,107.797,0,130.629,140.085,172.186,178.624,173.264,29.966,229.304,0,192.029,0,126.72,0,0,0,0,0,0,0,0,0,0,0,0,0,0,-0.001,221.16,0,0,0,0,0,0,79.807,0
Total Stockholders Equity,346.465,235.797,184.34,95.187,101.021,89.01,124.472,116.991,140.085,178.624,183.798,203.079,184.419,156.723,-9.181,105.567,77.99,80.134,4.987,-11.411,54.565,63.516,115.154,103.474,75.373,346.465,,346.465,235.797,200.307,184.34,179.991,95.187,102.69,101.021,0,89.01,100.497,124.472,107.797,116.991,130.629,140.085,172.186,178.624,173.264,183.798,229.304,203.079,192.029,184.419,126.72,156.723,158.425,-9.181,10.938,105.567,97.738,77.99,75.263,80.134,87.614,4.987,41.101,-11.411,45.951,54.565,57.302,63.516,0,115.154,0,103.474,0,75.373,0
Minority Interest,0,0,0,0,0,0,0,21.743,24.281,16.313,-4.137,13.009,12.76,7.709,0.865,31.636,0.862,0.888,0,0,0,0.377,0,0,0,0,,0,0,0,0,0,0,0,0,0,0,0,0,20.144,21.743,20.457,24.281,31.632,16.313,2.368,-4.137,14.772,13.009,11.837,12.76,2.822,7.709,6.828,0.865,4.596,31.636,4.499,0.862,1.02,0.888,0,0,0,0,0,0,0,0.377,0,0,0,0,0,0,0
Total Equity,346.465,235.797,184.34,95.187,101.021,89.01,124.472,138.734,164.366,194.937,179.662,216.088,197.179,164.431,-8.316,137.203,78.852,81.022,4.987,-11.411,54.565,63.893,115.154,103.474,75.373,346.465,,346.465,235.797,200.307,184.34,179.991,95.187,102.69,101.021,,89.01,100.497,124.472,127.941,138.734,151.086,164.366,203.818,194.937,175.631,179.662,244.076,216.088,203.867,197.179,129.541,164.431,165.253,-8.316,15.535,137.203,102.237,78.852,76.283,81.022,87.614,4.987,41.101,-11.411,45.951,54.565,57.302,63.893,,115.154,,103.474,,75.373,
Equity-to-Asset,0.759,0.712,0.662,0.537,0.569,0.554,0.611,0.512,0.525,0.601,0.545,0.601,0.564,0.55,-0.04,0.254,0.332,0.257,0.023,-0.056,0.313,0.311,0.654,0.663,0.761,0.759,,0.759,0.712,0.661,0.662,0.614,0.537,0.565,0.569,0,0.554,0.613,0.611,0.515,0.512,0.529,0.525,0.535,0.601,0.58,0.545,0.588,0.601,0.568,0.564,0.604,0.55,0.619,-0.04,0.039,0.254,0.345,0.332,0.27,0.257,0.297,0.023,0.149,-0.056,0.419,0.313,0.316,0.311,0,0.654,0,0.663,0,0.761,0
,,,,,,,,,,,,,,,,,,,,,,,,,,,,,,,,,,,,,,,,,,,,,,,,,,,,,,,,,,,,,,,,,,,,,,,,,,,,
Cashflow Statement,,,,,,,,,,,,,,,,,,,,,,,,,,,,,,,,,,,,,,,,,,,,,,,,,,,,,,,,,,,,,,,,,,,,,,,,,,,,
Net Income From Continuing Operations,103.492,37.06,5.382,0.488,-2.847,7.229,7.875,-3.482,15.858,45.76,-56.474,27.716,10.238,-11.065,-130.895,-24.422,-80.689,-56.286,10.833,-53.653,-36.544,-125.357,-7.532,-24.585,-2.015,42.42,,0,8.784,33.64,8.762,-3.458,-5.31,5.897,0.853,0.195,5.429,1.806,7.469,0.435,-1.974,-1.553,-9.451,29.391,22.627,23.666,-58.787,2.301,34.085,-7.602,10.716,2.479,-7.311,-4.358,-20.16,-112.577,-15.283,-10.04,-77.613,-3.622,-32.112,-23.746,-29.637,35.544,-75.055,18.668,-42.552,6.334,-62.349,-70.838,-3.764,-3.886,-12.037,-13.888,-0.976,-0.998
"Cash Flow Depreciation, Depletion and Amortization",18.148,15.805,11.594,12.618,13.946,11.973,15.727,14.986,14.376,14.418,19.293,24.984,12.351,8.808,24.881,26.974,16.145,26.288,10.314,15.388,13.955,19.002,14.468,10.38,2.116,17.22,,0,8.34,8.88,6.843,4.861,6.437,6.286,0,0,6.405,5.586,7.729,8.55,7.633,7.571,7.567,7.908,7.319,7.262,9.965,9.276,13.472,11.744,1.583,8.717,3.819,5.792,11.031,4.909,1.931,11.27,15.577,0.668,8.777,15.762,5.189,4.311,7.971,6.359,6.981,7.126,0,0,0,0,0,0,0,0
  Change In Receivables,-0.086,-5.229,0.74,-0.391,-4.468,2.239,0.155,-1.427,-1.885,4.007,-8.265,2.573,19.425,-14.771,3.349,-5.644,5.673,6.799,-18.31,3.382,1.513,-3.276,-5.252,3.824,-2.721,-5.89,,0,-1.728,-4.166,1.515,-0.793,-2.268,1.91,0,0,4.505,-2.273,-1.188,1.435,0,0,0,0,0,0,0,0,0,0,0,0,0,0,0,0,0,0,0,0,0,0,0,0,0,0,0.48,1.089,0,0,0,0,0,0,0,0
  Change In Inventory,-3.213,-1.541,-1.7,-2.118,-1.148,0.066,-0.081,-1.608,-1.951,-0.397,-1.535,-1.319,-2.072,-0.417,5.684,-1.378,-0.883,3.836,0.092,0.709,0.853,4.486,-0.198,-3.606,-0.403,-1.72,,0,-0.601,-1.118,-0.747,-0.975,-0.503,-1.642,0,0,0.226,-0.16,-0.016,-0.07,0,0,0,0,0,0,0,0,0,0,0,0,0,0,0,0,0,0,0,0,0,0,0,0,0,0,1.229,-0.396,0,0,0,0,0,0,0,0
  Change In Prepaid Assets,0,0,0,0,0,0,0,0,0,0,0,0,0,0,0,0,0,0,0,0,0,0,0,0,0,0,,0,0,0,0,0,0,0,0,0,0,0,0,0,0,0,0,0,0,0,0,0,0,0,0,0,0,0,0,0,0,0,0,0,0,0,0,0,0,0,0,0,0,0,0,0,0,0,0,0
  Change In Payables And Accrued Expense,-10.709,1.401,6.02,3.605,-3.521,3.136,3.376,-0.655,-1.745,3.965,9.317,-5.374,-12.194,17.988,2.709,-0.727,-4.822,-7.061,-4.46,-7.454,3.926,15.328,0.198,-11.254,9.573,0.42,,0,6.56,-6.138,5.903,0.119,2.051,1.581,0,0,4.066,-0.933,3.458,-0.087,0,0,0,0,0,0,0,0,0,0,0,0,0,0,0,0,0,0,0,0,0,0,0,0,0,0,4.113,-0.198,0,0,0,0,0,0,0,0
  Change In Other Working Capital,0,0,0,0,0,0,0,0,0,0,0,0,0.333,-0.41,6.378,1.225,1.626,3.781,0,0,0,0,0.991,-2.404,0,-0.07,,0,0.374,-0.444,0.466,-0.477,0,0,0,0,0,0,0,0,0,0,0,0,0,0,0,0,0,0,0,0,0,0,0,0,0,0,0,0,0,0,0,0,0,0,0,0,0,0,0,0,0,0,0,0
Change In Working Capital,-14.008,-5.369,5.06,1.097,-9.137,5.442,3.45,-3.69,-5.581,7.575,-0.483,-4.119,5.491,2.389,18.121,-6.524,1.593,7.355,-22.678,-3.363,6.292,16.539,-4.261,-13.44,6.449,-7.26,,0,4.605,-11.866,7.137,-2.125,-0.721,1.848,0,0,8.797,-3.366,2.254,1.279,4.272,-8.198,5.869,-13.296,13.015,-5.566,14.106,-14.508,10.798,-15.218,7.483,-1.612,84.048,-94.785,0.202,18.217,14.353,-22.935,0.31,1.512,6.938,0.409,0,0,8.279,-10.154,5.822,0.495,0,0,0,0,0,0,0,0
Deferred Tax,37.641,20.071,1.824,1.945,0,0,0,0,0,0,0,0,0,0,-0.196,1.715,-6.701,6.539,39.78,-42.771,0,0,0,0,0,0,,0,0,0,0,0,0,0,0,0,0,0,0,0,0,-0.193,0,1.161,0,-1.037,0,0,0,0,0,-2.509,0,-5.236,0,0,0,0,0,0,0,0,0,0,0,0,0,0,0,0,0,0,0,0,0,0
Stock Based Compensation,-2.034,13.079,1.467,1.292,0.776,1.987,0.146,0.313,0.452,0.493,0.519,0.54,0.98,0,0,0,0,0,0,0,0,0,0,0,0,13.59,,0,10.4,3.187,1.248,0.224,1.277,0.015,0,0,1.721,0.267,0.114,0.035,0.238,0.077,0.262,0.221,0.266,0.232,0.253,0.264,0.238,0.307,0.457,0.423,0,0.059,0,0,0,0,0,0,0,0,0,0,0,0,0,0,0,0,0,0,0,0,0,0
Asset Impairment Charge,0,0,0,0,0,0.308,0.545,5.097,18.645,0.197,79.877,1.413,9.367,0,0,0,0,0,0,0,0,0,0,0,0,0,,0,0,0,0,0,0,0,0,0,0,0,0,0,0,0,0,0,0,0,0,0,0,0,0,0,0,0,0,0,0,0,0,0,0,0,0,0,0,0,0,0,0,0,0,0,0,0,0,0
Cash from Discontinued Operating Activities,0,0,0,0,0,0,0,0,0,0,0,0,0,0,0,0,0,0,0,0,0,0,0,0,0,0,,0,0,0,0,0,0,0,0,0,0,0,0,0,0,0,0,0,0,0,0,0,0,0,0,0,0,0,0,0,0,0,0,0,0,0,0,0,0,0,0,0,0,0,0,0,0,0,0,0
Cash Flow from Others,-30.151,-14.76,-5.561,0.12,1.264,0.695,-4.67,-5.666,6.47,5.666,5.016,-43.512,-12.505,22.87,85.17,-0.226,46.183,-7.875,-60.991,19.184,8.179,89.945,-3.964,12.128,-4.132,4.93,,0,7.325,-2.395,-3.867,0.133,4.176,-2.146,0.109,2.638,0.718,0.287,-5.679,1.661,-4.681,4.427,21.465,3.077,-12.283,19.601,67.401,17.395,-37.323,-3.768,-1.139,-1.975,26.851,0.556,1.445,94.091,19.434,-3.472,47.813,-9.809,-2.476,2.559,-9.53,-29.987,-13.818,-8.411,17.593,-9.699,0,0,0,0,0,0,0,0
Cash Flow from Operations,113.088,65.886,19.767,17.561,4.002,27.635,23.073,7.558,50.221,74.109,47.748,7.021,25.921,23.002,-2.92,-2.482,-23.468,-23.979,-22.742,-65.215,-8.119,0.129,-1.288,-15.516,2.418,70.9,,0,39.453,31.446,20.123,-0.365,5.859,11.901,0.962,2.833,23.07,4.579,11.886,11.959,5.488,2.131,25.711,28.462,30.944,44.158,32.938,14.728,21.27,-14.536,19.1,5.523,107.407,-97.973,-7.483,4.639,20.435,-25.177,-13.913,-11.251,-18.874,-5.015,-33.978,9.868,-72.624,6.462,-12.155,4.256,0,0,0,0,0,0,0,0
,,,,,,,,,,,,,,,,,,,,,,,,,,,,,,,,,,,,,,,,,,,,,,,,,,,,,,,,,,,,,,,,,,,,,,,,,,,,
"Purchase Of Property, Plant, Equipment",-28.441,-10.57,-23.819,-9.456,-8.579,-6.631,-7.395,-14.854,-36.847,-38.07,-46.751,-25.41,-42.963,-36.107,-38.265,-41.972,-24.529,-25.723,-12.776,-8.321,-5.97,-19.175,-18.631,-5.026,-38.392,-10.98,,0,-8.393,-2.59,-6.877,-17.331,-2.952,-6.615,-3.801,-4.452,-2.625,-4.019,-5.012,-2.548,0,0,0,0,0,0,0,0,0,0,0,0,0,0,0,0,0,0,0,0,0,0,0,0,-4.088,-3.693,-1.84,-4.355,0,0,0,0,0,0,0,0
"Sale Of Property, Plant, Equipment",0.007,0.041,0.398,0.526,1.59,0.465,1.416,0.093,3.197,1.488,0.687,1.817,1.346,1.266,0.134,1.142,2.151,3.246,11.913,1.689,5.556,1.983,3.27,6.774,4.434,0.04,,0,0.029,0.014,0.391,0.007,0.413,0.115,0.202,1.294,0,0,0,0,0,0,0,0,0,0,0,0,0,0,0,0,0,0,0,0,0,0,0,0,0,0,0,0,0.748,0.821,3.397,2.276,0,0,0,0,0,0,0,0
Purchase Of Business,0,0,0,0,0,0,0,0,-1.395,-2.879,0,-5.312,-37.41,0,0,0,0,0,0,0,0,0,0,0,0,0,,0,0,0,0,0,0,0,0,0,0,0,0,0,0,0,0,0,0,0,0,0,0,0,0,0,0,0,0,0,0,0,0,0,0,0,0,0,0,0,0,0,0,0,0,0,0,0,0,0
Sale Of Business,0,0,0,0,0,0,0,0,0,0,0,0,0,0,0,0,0,0,0,0,0,0,0,0,0,0,,0,0,0,0,0,0,0,0,0,0,0,0,0,0,0,0,0,0,0,0,0,0,0,0,0,0,0,0,0,0,0,0,0,0,0,0,0,0,0,0,0,0,0,0,0,0,0,0,0
Purchase Of Investment,0,0,0,0,0,0,0,-0.001,-5.829,-6.621,0,-0.743,-0.753,-3.343,-2.123,-1.171,-9.312,-10.348,-8.675,-1.993,-0.928,-30.631,0,-0.328,-4.635,0,,0,0,0,0,0,0,0,0,0,0,0,0,0,0,0,0,0,0,0,0,0,0,0,0,0,0,0,0,0,0,0,0,0,0,0,0,0,0,0,0,0,0,0,0,0,0,0,0,0
Sale Of Investment,0,0,0,0,0,0.001,3.775,0,0.184,0,0,0,5.909,2.422,0,0,0,0.06,0.187,11.25,0,24.28,0,1.202,0,0,,0,0,0,0,0,0,0,0,0,0,0,0,0,0,0,0,0,0,0,0,0,0,0,0,0,0,0,0,0,0,0,0,0,0,0,0,0,-0.156,9.949,0,0.396,0,0,0,0,0,0,0,0
Net Intangibles Purchase And Sale,0,0,0,0,0,0,0,0,0,0,0,0,0,0,0,0,0,0,0,0,0,0,0,0,0,0,,0,0,0,0,0,0,0,0,0,0,0,0,0,0,0,0,0,0,0,0,0,0,0,0,0,0,0,0,0,0,0,0,0,0,0,0,0,0,0,0,0,0,0,0,0,0,0,0,0
Cash From Discontinued Investing Activities,0,0,0,0,0,0,0,0,0,0,0,0,0,0,0,0,0,0,0,0,0,0,0,0,0,0,,0,0,0,0,0,0,0,0,0,0,0,0,0,0,0,0,0,0,0,0,0,0,0,0,0,0,0,0,0,0,0,0,0,0,0,0,0,0,0,0,0,0,0,0,0,0,0,0,0
Cash From Other Investing Activities,-3.666,-1.29,2.647,-1.615,-0.512,-0.958,-0.862,-1.327,-2.248,-2.358,-3.327,0,0,228.606,0.44,10.905,0.476,-57.138,0,0.275,-0.321,-29.335,-7.333,15.953,-1.511,-1.39,,0,-0.753,-0.639,3.25,-0.617,-1.037,-0.588,-0.109,-0.376,-0.04,-0.453,3.832,0.531,0,0,0,0,0,0,0,0,0,0,0,0,0,0,0,0,0,0,0,0,0,0,0,0,-1.718,0,-1.624,0,0,0,0,0,0,0,0,0
Cash Flow from Investing,-32.099,-11.818,-20.775,-10.545,-7.501,-7.123,-3.067,-16.089,-42.938,-48.441,-49.391,-29.648,-73.871,192.845,-39.815,-31.097,-31.214,-89.903,-9.351,2.901,-1.663,-52.879,-22.694,18.575,-40.105,-12.33,,0,-9.116,-3.215,-3.236,-17.942,-3.575,-7.088,-3.708,-3.534,-2.664,-4.473,-1.18,-2.018,-4.559,-11.873,-21.758,-24.595,-27.885,-21.029,-29.453,-19.828,-17.193,-12.706,-57.937,-12.9,-73.173,308.778,-14.988,-25.24,-11.643,-21.372,1.766,-38.836,-4.251,-84.134,-2.261,-6.227,-5.214,7.077,-0.067,-1.683,0,0,0,0,0,0,0,0
,,,,,,,,,,,,,,,,,,,,,,,,,,,,,,,,,,,,,,,,,,,,,,,,,,,,,,,,,,,,,,,,,,,,,,,,,,,,
Issuance of Stock,0,63.359,0,0,0,0.186,0,0.023,0.035,1.825,0,4.044,0.835,3.82,43.074,32.415,65.087,103.847,8.598,51.97,24.332,30.615,15.559,10.162,27.106,0,,0,0,0,0,0,0,0,0,0,0,0,0,0,0,0,0,0,1.825,0,0,0,0,0,0,0,0,0,0,0,0,0,0,0,0,0,0,0,47.972,3.487,18.231,6.433,0,0,0,0,0,0,0,0
Repurchase of Stock,0,0,-0.021,0,0,-0.432,0,0,0,-6.947,0,0,0,0,0,0,-4.03,-0.948,-0.203,0,0,0,0,0,0,0,,0,0,0,0,0,0,0,0,0,0.186,-0.433,0,0,0.253,-0.26,0.035,0,-6.947,0,0,0,0,0,0,0,0,0,0,0,0,0,0,0,0,0,0,0,0,0,0,0,0,0,0,0,0,0,0,0
Net Issuance of Preferred Stock,0,0,0,0,0,0,0,0,0,0,0,0,0,0,0,0,0,0,0,0,0,0,0,0,0,0,,0,0,0,0,0,0,0,0,0,0,0,0,0,0,0,0,0,0,0,0,0,0,0,0,0,0,0,0,0,0,0,0,0,0,0,0,0,0,0,0,0,0,0,0,0,0,0,0,0
  Issuance of Debt,0,0,13.164,0,0,0,0,0,16.333,11.477,32.313,0,0,0,0,35.291,5.694,0,44.417,19.292,0,22.222,1.586,0,3.023,0,,0,0,0,1.234,12.204,0,0,0,0,0,0,0,0,0,0,5.243,12.878,0,0,0,0,0,0,0,0,0,0,0,0,0,0,0,0,0,0,0,0,37.402,0,0,0,0,0,0,0,0,0,0,0
  Payments of Debt,-0.834,-0.665,-13.418,-0.21,-0.186,-1.628,-9.999,-1.873,-3.069,-22.953,-17.384,-0.275,-6.777,0,-39.397,0,0,-18.202,0,0,-10.301,0,0,0,0,-0.73,,0,-0.321,-0.41,-13.294,-0.126,-0.113,-0.099,-0.093,-0.087,-0.066,-1.566,-4.035,-6.375,0.047,-1.977,-3.069,0,-2.731,-8.946,0,0,0,0,0,0,0,0,0,0,0,0,0,0,0,0,0,0,0,-15.796,-4.388,-6.235,0,0,0,0,0,0,0,0
Net Issuance of Debt,-0.834,-0.665,-0.254,-0.21,-0.186,-1.628,-9.999,-1.873,13.264,-11.477,14.929,-0.275,-6.777,0,-39.397,35.291,5.694,-18.202,44.417,19.292,-10.301,22.222,1.586,0,3.023,-0.73,,0,-0.321,-0.41,-12.06,12.078,-0.113,-0.099,-0.093,-0.087,-0.066,-1.566,-4.035,-6.375,0.047,-1.977,2.174,12.878,-2.731,-8.946,0,0,0,0,0,0,0,0,0,0,0,0,0,0,0,0,0,0,37.402,-15.796,-4.388,-6.235,0,0,0,0,0,0,0,0
Cash Flow for Dividends,-46.065,-32.946,0,-3.17,-3.925,-16.804,-0.618,-4.972,-10.306,-3.445,-2.836,-2.482,-4.688,0,0,0,0,0,0,0,0,0,0,-0.546,-1.512,-34.46,,0,-24.962,-9.498,0,0,-1.607,-1.589,0,-3.657,-14,-2.813,0,-0.661,0.001,-5.121,-6.456,-4.471,0.003,-3.527,0,0,0,0,0,0,0,0,0,0,0,0,0,0,0,0,0,0,0,0,0,0,0,0,0,0,0,0,0,0
Other Financing,-0.072,-0.029,-0.267,0,0,0,0,-0.355,-2.423,-0.066,-0.105,-0.268,-0.054,-109.627,11.093,-13.757,-0.217,0,0,-2.601,-1.104,-1.008,-0.892,-1.639,-0.101,63.33,,0,63.329,0,-0.021,-0.274,0,0,0,0,0,0,0,0,-0.332,0,-1.843,-0.674,1.986,-2.099,0,0,0,0,0,0,0,0,0,0,0,0,0,0,0,0,0,0,-2.601,0,-1.104,0,0,0,0,0,0,0,0,0
Cash Flow from Financing,-46.97,29.718,-0.542,-3.38,-4.111,-18.678,-10.617,-7.178,0.57,-20.109,11.988,1.019,-10.683,-105.807,14.77,53.949,66.534,84.696,52.812,68.662,12.927,51.829,16.252,7.976,28.517,28.14,,0,38.047,-9.908,-12.081,11.804,-1.72,-1.688,-0.093,-3.743,-13.88,-4.813,-4.035,-7.036,-0.031,-7.359,-6.09,7.734,-5.864,-14.573,0.154,11.768,-0.67,1.723,8.251,-15.328,25.167,-152.027,37.797,-23.409,-27.447,89.42,21.295,53.27,22.802,60.797,-7.402,52.885,82.773,-12.308,12.739,0.198,0,0,0,0,0,0,0,0
,,,,,,,,,,,,,,,,,,,,,,,,,,,,,,,,,,,,,,,,,,,,,,,,,,,,,,,,,,,,,,,,,,,,,,,,,,,,
Beginning Cash Position,123.272,16.312,20.713,19.055,27.287,21.555,17.004,35.278,29.803,29.992,27.727,46.196,105.262,-1.565,54.107,36.979,22.151,42.453,22.718,14.115,10.944,13.583,19.523,1.093,10.58,13.39,,0,31.714,19.406,14.357,21.189,22.127,19.379,22.517,25.423,16.85,21.623,0.008,18.169,-0.005,36.332,-0.046,34.663,-0.914,31.623,0.106,27.58,-0.114,47.242,-0.064,85.269,-18.914,20.139,-14.135,69.377,17.18,21.751,1.114,24.772,-3.811,45.445,-1.499,21.269,-2.583,14.565,-1.258,14.845,0,0,0,0,0,0,0,0
  Effect of Exchange Rate Changes,-0.603747547,0,0,0,0,-0.013289037,0,0,0.008599914,0.006919755,0.112881121,0.053302949,-2.719588707,-1.968072373,-7.072781934,-1.076027417,1.597275803,8.19001495,-1.125744388,3.778537131,0,0,0,0,0,0,,0,0,0,0,0,0,0,0,0,0,0,0,0,0,0,0.078599214,-0.081285708,0,0,0,0,0.027109854,0.026720821,-1.250684659,-1.189192458,-28.37703328,30.65403065,-5.663567084,-1.432653351,-12.51340732,12.56490233,3.971303935,-2.795492269,2.77173913,5.322299385,-7.452664529,5.556722806,9.775925217,-5.231027483,0,-1.979356088,0,0,0,0,0,0,0,0
Net Change in Cash,33.415,83.786,-1.55,3.635,-7.609,1.821,9.389,-15.709,7.862,5.566,10.457,-21.554,-61.352,108.072,-35.037,19.294,13.449,-20.996,19.593,10.125,3.145,-0.92,-7.73,11.036,-9.17,86.71,,0,68.384,18.323,4.806,-6.502,0.563,3.124,-2.839,-4.444,6.525,-4.706,6.671,2.905,0.897,-17.1,-2.058,11.519,-2.804,8.556,3.639,6.668,3.434,-25.492,-31.837,-23.895,31.025,89.432,9.662,-45.442,-31.168,55.436,13.12,0.387,2.449,-23.029,-51.094,62.082,14.711,-4,0.517,0.792,0,0,0,0,0,0,0,0
Ending Cash Position,156.687,100.098,19.164,22.691,19.678,23.375,26.393,19.569,37.665,35.557,38.184,24.641,43.909,106.507,19.07,56.273,35.6,21.457,42.31,24.241,14.09,12.662,11.793,12.129,1.411,100.098,,0,100.098,37.73,19.164,14.687,22.691,22.503,19.678,20.979,23.375,16.917,6.68,21.074,0.893,19.232,-2.105,46.182,-3.718,40.179,3.745,34.248,3.32,21.751,-31.901,61.374,12.11,109.571,-4.473,23.935,-13.987,77.187,14.234,25.158,-1.362,22.415,-52.592,83.352,12.128,10.565,-0.741,15.637,0,0,0,0,0,0,0,0
,,,,,,,,,,,,,,,,,,,,,,,,,,,,,,,,,,,,,,,,,,,,,,,,,,,,,,,,,,,,,,,,,,,,,,,,,,,,
Capital Expenditure,-28.441,-10.57,-23.819,-9.456,-8.579,-6.631,-7.395,-14.854,-36.847,-38.07,-46.751,-25.41,-42.963,-36.107,-38.265,-41.972,-24.529,-25.723,-12.776,-8.321,-5.97,-19.175,-18.631,-5.026,-38.392,-10.98,,0,-8.393,-2.59,-6.877,-17.331,-2.952,-6.615,-3.801,-4.452,-2.625,-4.019,-5.012,-2.548,0,0,0,0,0,0,0,0,0,0,0,0,0,0,0,0,0,0,0,0,0,0,0,0,-4.088,-3.693,-1.84,-4.355,0,0,0,0,0,0,0,0
Free Cash Flow,84.647,55.316,-4.052,8.104,-4.576,21.003,15.678,-7.297,13.374,36.039,0.997,-18.388,-17.042,-13.105,-41.185,-44.454,-47.997,-49.703,-35.518,-73.537,-14.089,-19.046,-19.919,-20.542,-35.974,59.92,,0,31.061,28.856,13.246,-17.696,2.907,5.286,-2.839,-1.619,20.445,0.56,6.875,9.411,5.488,2.131,25.711,28.462,30.944,44.158,32.938,14.728,21.27,-14.536,19.1,5.523,107.407,-97.973,-7.483,4.639,20.435,-25.177,-13.913,-11.251,-18.874,-5.015,-33.978,9.868,-76.712,2.769,-13.995,-0.099,0,0,0,0,0,0,0,0
,,,,,,,,,,,,,,,,,,,,,,,,,,,,,,,,,,,,,,,,,,,,,,,,,,,,,,,,,,,,,,,,,,,,,,,,,,,,
Valuation Ratios,,,,,,,,,,,,,,,,,,,,,,,,,,,,,,,,,,,,,,,,,,,,,,,,,,,,,,,,,,,,,,,,,,,,,,,,,,,,
PE Ratio,8.93,33.27,37.3,243.33,129.69,58.03,13.45,0,40.62,6.95,0,6.2,17.74,2.38,0,0,0,0,64.55,0,0,0,0,0,0,12.96,,8.93,33.27,9999,37.3,9999,243.33,9999,129.69,9999,58.03,9999,13.45,9999,0,9999,40.62,9.3,6.95,9999,0,4.58,6.2,69.44,17.74,10.38,2.38,2.94,0,9999,0,9999,0,9999,0,9999,64.55,9999,0,9999,0,9999,0,9999,9999,9999,9999,9999,9999,9999
PE Ratio without NRI,8.93,33.27,37.3,243.33,129.69,58.03,13.45,0,40.62,6.76,0,6.2,17.74,2.38,0,0,0,0,64.55,0,0,0,0,0,0,12.96,,8.93,33.27,9999,37.3,9999,243.33,9999,129.69,9999,58.03,9999,13.45,9999,0,9999,40.62,7.02,6.76,9999,0,4.86,6.2,71.43,17.74,5.61,2.38,9999,0,107,0,32.07,0,9999,0,9999,64.55,9999,0,9999,0,9999,0,9999,9999,9999,9999,9999,9999,9999
Price-to-Owner-Earnings,6.92,21.93,11.3,13.37,0,21.85,9.25,0,0,7.44,0,7.91,37.95,2.63,0,0,0,0,17.14,0,0,0,0,0,0,4.89,,6.92,21.93,0,11.3,0,13.37,0,0,0,21.85,0,9.25,0,0,0,0,0,7.44,0,0,0,7.91,0,37.95,0,2.63,0,0,0,0,0,0,0,0,0,17.14,0,0,0,0,0,0,0,0,0,0,0,0,0
PB Ratio,2.68,5.79,1.15,1.15,1.32,2.86,0.63,0.98,1.49,1.41,1.01,0.82,1.56,1.86,0,4.15,3.35,7.35,93.09,0,3.26,2.03,1.01,1.15,0.53,1.87,,2.68,5.79,1.76,1.15,0.79,1.15,1.34,1.32,0,2.86,0.68,0.63,0.54,0.98,1.08,1.49,1.8,1.41,1.21,1.01,0.82,0.82,1.36,1.56,1.66,1.86,1.76,0,28.89,4.15,4.72,3.35,6.07,7.35,8.45,93.09,18.2,0,4.81,3.26,1.49,2.03,0,1.01,0,1.15,0,0.53,0
Price-to-Tangible-Book,2.68,5.79,1.15,1.15,1.32,2.86,0.63,0.98,1.49,1.41,1.01,0.82,1.56,1.86,0,4.15,3.35,7.35,93.09,0,3.26,2.03,1.01,1.15,0.53,1.87,,2.68,5.79,1.76,1.15,0.79,1.15,1.34,1.32,0,2.86,0.68,0.63,0.54,0.98,1.08,1.49,1.8,1.41,1.21,1.01,0.82,0.82,1.36,1.56,1.66,1.86,1.76,0,28.89,4.15,4.72,3.35,6.07,7.35,8.45,93.09,18.2,0,4.81,3.26,1.49,2.03,0,1.01,0,1.15,0,0.53,0
Price-to-Free-Cash-Flow,10.96,24.59,0,14.26,0,11.39,4.74,0,15,6.82,181.67,0,0,0,0,0,0,0,0,0,0,0,0,0,0,13.93,,10.96,24.59,0,0,0,14.26,0,0,0,11.39,0,4.74,0,0,0,15,0,6.82,0,181.67,0,0,0,0,0,0,0,0,0,0,0,0,0,0,0,0,0,0,0,0,0,0,0,0,0,0,0,0,0
Price-to-Operating-Cash-Flow,8.2,20.64,10.36,6.59,34.02,8.66,3.21,14.32,3.99,3.31,3.88,24.18,10.92,12.95,0,0,0,0,0,0,0,1000,0,0,19.68,11.5,,8.2,20.64,0,10.36,0,6.59,0,34.02,0,8.66,0,3.21,3.73,14.32,5.15,3.99,5,3.31,3.03,3.88,4.96,24.18,42.02,10.92,2.28,12.95,0,0,61.73,0,0,0,26.28,0,0,0,0,0,0,0,22.64,1000,0,0,0,0,0,0,0
PS Ratio,2.45,5.57,1.08,0.62,0.75,1.48,0.43,0.64,0.97,0.69,0.49,0.65,1.19,1.28,1.04,2.34,2.17,3.05,1.84,2.23,0.65,0.42,0.58,0.59,0.77,3.26,,2.45,5.57,0,1.08,0,0.62,0,0.75,0,1.48,0,0.43,0.39,0.64,0.75,0.97,0.79,0.69,0.63,0.49,0.65,0.65,0.99,1.19,1.06,1.28,1.4,1.04,1.4,2.34,2.92,2.17,1.67,3.05,2.11,1.84,1.95,2.23,1.1,0.65,0.3,0.42,0,0,0,0,0,0,0
PEG Ratio,0.28,6.31,0,0,0,0,0,0,0,0,0,0,0,0,0,0,0,0,0,0,0,0,0,0,0,0.41,,0.28,6.31,0,0,0,0,0,0,0,0,0,0,0,0,0,0,0.35,0,0,0,0.14,0,0,0,0,0,0,0,0,0,0,0,0,0,0,0,0,0,0,0,0,0,0,0,0,0,0,0,0
EV-to-Revenue,2.02,5.17,0.98,0.52,0.65,1.38,0.34,0.74,1,0.64,0.43,0.64,1.09,0.86,1.63,3.09,2.96,3.53,1.94,2.48,0.63,0.38,0.63,0.76,0.63,1.65,,2.02,5.17,0,0.98,0,0.52,0,0.65,0,1.38,0,0.34,0.43,0.74,0.84,1,0.81,0.64,0.54,0.43,0.66,0.64,0.99,1.09,0.81,0.86,1.02,1.63,1.98,3.09,3.29,2.96,1.9,3.53,2.47,1.94,2.09,2.48,1.13,0.63,0.46,0.38,0,0,0,0,0,0,0
EV-to-EBITDA,4.68,16.44,7.57,5.16,7.99,10.08,2.1,7.7,6.01,3.74,-4.74,3.15,9.33,5.03,377.84,22.97,-150.8,44.93,9.35,-9.59,12.9,-5.9,18.72,-981.64,-8.55,5.24,,4.68,16.44,0,7.57,0,5.16,0,7.99,0,10.08,0,2.1,2.69,7.7,20.6,6.01,4.63,3.74,-12.55,-4.74,2.51,3.15,24.92,9.33,4.5,5.03,15.83,377.84,34.93,22.97,82.25,-150.8,13.78,44.93,36.84,9.35,-9.84,-9.59,52.29,12.9,26.33,-5.9,0,0,0,0,0,0,0
EV-to-EBIT,5.26,20.7,14.3,15.81,154.56,22.05,4.88,89.14,10.31,4.89,-3.02,5.94,16.79,6.48,-15.92,-233.65,-16.28,-49.27,11.63,-8.04,-170.01,-2.93,-12.96,-10.22,-5.83,6.6,,5.26,20.7,0,14.3,0,15.81,0,154.56,0,22.05,0,4.88,11.95,89.14,-21.09,10.31,5.76,4.89,-5.97,-3.02,3.66,5.94,-47.96,16.79,6.73,6.48,-8.83,-15.92,60.68,-233.65,-457.68,-16.28,35.17,-49.27,188.27,11.63,-8.17,-8.04,-40.11,-170.01,-54.81,-2.93,0,0,0,0,0,0,0
Earnings Yield (Joel Greenblatt) %,19.01,4.83,6.99,6.33,0.65,4.54,20.49,1.12,9.7,20.45,-33.11,16.84,5.96,15.43,-6.28,-0.43,-6.14,-2.03,8.6,-12.44,-0.59,-34.13,-7.71,-9.78,-17.15,15.15,,19.01,4.83,0,6.99,0,6.33,0,0.65,0,4.54,0,20.49,8.37,1.12,-4.74,9.7,17.36,20.45,-16.75,-33.11,27.32,16.84,-2.09,5.96,14.86,15.43,-11.33,-6.28,1.65,-0.43,-0.22,-6.14,2.84,-2.03,0.53,8.6,-12.24,-12.44,-2.49,-0.59,-1.82,-34.13,0,0,0,0,0,0,0
Forward Rate of Return (Yacktman) %,23.61,6.74,0.85,0.45,-5.78,0,2.25,19.68,21.44,19.35,15.91,-1.55,-18.05,-6.66,-6.93,-5.15,-31.72,-38.4,-5.25,-37.13,0,0,0,0,0,25.13,,23.61,6.74,0,0.85,0,0.45,0,-5.78,0,0,0,2.25,14.1,19.68,23.65,21.44,19.85,19.35,16.07,15.91,34.02,-1.55,-11.71,-18.05,-9.94,-6.66,-5.62,-6.93,-5.18,-5.15,-12.22,-31.72,-34.27,-38.4,-9.67,-5.25,-13.23,-37.13,0,0,0,0,0,0,0,0,0,0,0
Shiller PE Ratio,34.54,198.07,30.29,20.45,6.92,101.17,0,0,0,0,0,0,0,0,0,0,0,0,0,0,0,0,0,0,0,24.34,,34.54,198.07,0,30.29,0,20.45,0,6.92,0,101.17,0,0,0,0,0,0,0,0,0,0,0,0,0,0,0,0,0,0,0,0,0,0,0,0,0,0,0,0,0,0,0,0,0,0,0,0,0,0,0
Dividend Yield %,4.26,2.74,0,3.21,2.91,6.79,0.89,4.22,4.49,1.31,1.33,1.35,1.56,0,0,0.14,0,0,0,0,0,0,0,0,0,6.23,,4.26,2.74,2.56,0,2.05,3.21,0,2.91,0,6.79,0,0.89,0,4.22,0,4.49,0,1.31,0,1.33,0,1.35,0,1.56,0,0,0,0,0,0.14,0,0,0,0,0,0,0,0,0,0,0,0,0,0,0,0,0,0,0
,,,,,,,,,,,,,,,,,,,,,,,,,,,,,,,,,,,,,,,,,,,,,,,,,,,,,,,,,,,,,,,,,,,,,,,,,,,,
Valuation and Quality,,,,,,,,,,,,,,,,,,,,,,,,,,,,,,,,,,,,,,,,,,,,,,,,,,,,,,,,,,,,,,,,,,,,,,,,,,,,
Market Cap,929.509,1365.186,212.411,109.583,132.952,254.544,78.575,114.459,209.263,252.426,186.284,167.425,286.903,290.713,270.35,438.448,260.661,587.935,464.24,752.987,177.709,128.613,116.657,119.269,40.081,547.404,,929.509,1365.186,352.408,212.411,142.91,109.583,137.594,132.952,228.226,254.544,67.957,78.575,58.401,114.459,140.47,209.263,310.619,252.426,209.263,186.284,187.439,167.425,260.594,286.903,209.807,290.713,279.346,270.35,316.052,438.448,460.851,260.661,456.157,587.935,739.585,464.24,746.1,752.987,220.929,177.709,85.156,128.613,0,116.657,0,119.269,0,40.081,0
Enterprise Value ($M),776.761,1267.836,194.002,87.997,114.576,232.444,55.825,130.607,212.642,236.787,161.687,163.582,262.32,191.977,378.612,543.651,305.31,635.327,503.948,771.403,174.389,116.4,110.81,107.25,38.771,430.589,,776.761,1267.836,318.288,194.002,141.283,87.997,116.276,114.576,228.226,232.444,55.292,55.825,66.151,130.607,155.959,212.642,315.543,236.787,176.188,161.687,190.003,163.582,257.374,262.32,160.425,191.977,176.629,378.612,398.751,543.651,503.28,305.31,494.15,635.327,792.604,503.948,747.728,771.403,217.134,174.389,106.731,116.4,0,110.81,0,107.25,0,38.771,0
Month End Stock Price,10.87,15.79,3.05,2.54,3.15,5.9,1.85,2.97,5.43,6.55,4.84,4.35,7.59,7.72,7.3,13.7,8.8,25.2,25.2,42.5,11.5,10.63,17.5,22.19,40.47,6.38,,10.87,15.79,5.13,3.05,2.08,2.54,3.26,3.15,5.29,5.9,1.6,1.85,1.54,2.97,3.69,5.43,8.06,6.55,5.43,4.84,4.87,4.35,6.84,7.59,5.57,7.72,7.1,7.3,9,13.7,14.4,8.8,15.4,25.2,31.7,25.2,40.5,42.5,13.8,11.5,6.56,10.63,0,17.5,0,22.19,0,40.47,0
Net Cash per Share,0.55,0.05,-1.07,-1.38,-1.34,-1.12,-1.24,-2.39,-2.31,-2.16,-3,-2.86,-2.55,-0.58,-5.89,-7.95,-4.1,-9.01,-9.24,-10.84,-6.84,-10.41,-7.09,-7.28,-22.59,0.55,,0.55,0.05,-0.95,-1.07,-1.43,-1.38,-1.34,-1.34,,-1.12,-1.17,-1.24,-2.12,-2.39,-2.55,-2.31,-2.68,-2.16,-2.24,-3,-3.28,-2.86,-3.2,-2.55,-0.54,-0.58,0.31,-5.89,-7.18,-7.95,-5.12,-4.1,-6.01,-9.01,-7.93,-9.24,-8.24,-10.84,-3.33,-6.84,-8.35,-10.41,,-7.09,,-7.28,,-22.59,
Net Current Asset Value,0.96,0.37,-0.7,-0.81,-0.8,-0.74,-0.7,-1.75,-1.72,-1.62,-2.04,-2.14,-1.96,0.57,-3.07,-6.08,-3.26,-7.32,-6.8,-9.17,-4.43,-6.6,-4.5,-5.18,-16.89,0.96,,0.96,0.37,-0.51,-0.7,-1.04,-0.81,-0.74,-0.8,,-0.74,-0.58,-0.7,-1.59,-1.75,-1.91,-1.72,-1.88,-1.62,-0.99,-2.04,-2.47,-2.14,-2.42,-1.96,0.32,0.57,1.08,-3.07,-2.96,-6.08,-4.08,-3.26,-4.89,-7.32,-6.35,-6.8,-6.71,-9.17,-2.13,-4.43,-5.15,-6.6,,-4.5,,-5.18,,-16.89,
Net-Net Working Capital,0.73,0.17,-0.93,-1.17,-1.13,-1,-1.02,-2.16,-2.07,-1.99,-2.76,-2.74,-2.18,-0.33,-5.57,-7.23,-3.74,-8.09,-8.19,-10.08,-5.79,-9.92,-6.57,-6.66,-21.93,0.73,,0.73,0.17,-0.7,-0.93,-1.21,-1.17,-1,-1.13,0,-1,-0.87,-1.02,-1.82,-2.16,-2.15,-2.07,-2.16,-1.99,-2.1,-2.76,-3.09,-2.74,-2.7,-2.18,0.04,-0.33,0.78,-5.57,-6.75,-7.23,-4.51,-3.74,-5.31,-8.09,-6.93,-8.19,-7.2,-10.08,-2.54,-5.79,-6.16,-9.92,0,-6.57,0,-6.66,0,-21.93,0
Intrinsic Value: Projected FCF,6.6,3.45,2.96,3.72,3.86,3.39,3.26,2.51,2.16,0.43,-4.88,-3.42,-4.07,-7.33,-13.95,-11.22,-14.23,-15.23,-15.41,-14.2,0,0,0,0,0,6.6,,6.6,3.45,0,2.96,0,3.72,0,3.86,0,3.39,0,3.26,0,2.51,0,2.16,0,0.43,0,-4.88,0,-3.42,0,-4.07,0,-7.33,0,-13.95,0,-11.22,0,-14.23,0,-15.23,0,-15.41,0,-14.2,0,0,0,0,0,0,0,0,0,0,0
Median PS Value,3.52,2.05,2,3.08,3.35,3.24,3.57,4.44,6.27,11.68,13.01,8.8,8.6,0,0,0,0,0,0,0,0,0,0,0,0,2.94,,3.52,2.05,0,2,0,3.08,0,3.35,0,3.24,0,3.57,0,4.44,0,6.27,0,11.68,0,13.01,0,8.8,0,8.6,0,0,0,0,0,0,0,0,0,0,0,0,0,0,0,0,0,0,0,0,0,0,0,0,0
Peter Lynch Fair Value,30.43,2.5,0,0,0,0,0,0,0,0,0,0,0,0,0,0,0,0,0,0,0,0,0,0,0,25.35,,30.43,2.5,0,0,0,0,0,0,0,0,0,0,0,0,0,0,0,0,0,0,0,0,0,0,0,0,0,0,0,0,0,0,0,0,0,0,0,0,0,0,0,0,0,0,0,0,0,0,0
Graham Number,10.47,5.39,2.17,0.75,1.16,2.13,3.05,0,3.26,9.93,0,9.25,6.82,17.64,0,0,0,0,1.52,0,0,0,0,0,0,4.25,,4.25,5.68,5.47,2.15,0,0.81,2.67,1.15,0,2.13,3.05,3.05,0,0,0,4.07,11.19,9.96,0,0,11.49,9.23,3.05,6.52,6.9,18.82,11.87,0,2.75,0,4.75,0,0,0,0,0.88,0,0,0,0,0,0,0,0,0,0,0,0,0
Earnings Power Value (EPV),2.59,1.42,0.36,0.17,-0.49,1.27,0.94,0.27,-0.52,0.71,-5.64,-6.05,-8.22,-6.45,-12.17,-15.29,-15.53,-17.91,-12.98,-16.8,-13.32,0,0,0,0,2.59,,2.59,1.42,0,0.36,0,0.17,0,-0.49,0,1.27,0,0.94,0,0.27,0,-0.52,0,0.71,0,-5.64,0,-6.05,0,-8.22,0,-6.45,0,-12.17,0,-15.29,0,-15.53,0,-17.91,0,-12.98,0,-16.8,0,-13.32,0,0,0,0,0,0,0,0,0
Altman Z-Score,7.01,9.68,1.22,0.46,0.5,1.68,0.23,-0.15,2.38,3.27,-0.53,0.45,0.71,0.93,-3.11,-0.45,-1.93,0.14,1.27,-0.42,0.17,-1.36,0.71,0.62,0,5.54,,7.01,9.68,0,1.22,0,0.46,0,0.5,0,1.68,0,0.23,1.24,-0.15,1.38,2.38,3.05,3.27,2,-0.53,2,0.45,1.8,0.71,3.2,0.93,2.89,-3.11,1.5,-0.45,-0.53,-1.93,-0.43,0.14,1.24,1.27,0.66,-0.42,2.53,0.17,0.66,-1.36,0,0.71,0,0.62,0,0,0
Piotroski F-Score,8,6,7,7,6,5,8,4,6,9,5,5,3,7,2,5,2,3,3,3,3,4,3,9999,9999,8,,8,6,0,7,0,7,0,6,0,5,0,8,6,4,3,6,8,9,6,5,5,5,4,3,5,7,4,2,5,5,4,2,4,3,2,3,3,3,4,3,0,4,0,3,0,9999,0,9999,0
Beneish M-Score,-2.35,-2.96,-2.72,-3.63,0.63,-3.4,-2.14,-1.62,-2.31,-3.6,-2.38,-2.45,-1.65,4.12,-5.55,-2.64,11.01,-3.4,-1.27,2.2,-0.65,-0.65,-0.94,0,0,-2.35,,-2.35,-2.96,0,-2.72,0,-3.63,0,0.63,0,-3.4,0,-2.14,-3.46,-1.62,-2.79,-2.31,-1.88,-3.6,-5.06,-2.38,-3.09,-2.45,9.65,-1.65,-3.45,4.12,9.23,-5.55,-5.12,-2.64,-2.9,11.01,-5.06,-3.4,3.04,-1.27,-1.33,2.2,-3.15,-0.65,0,-0.65,0,-0.94,0,0,0,0,0
Scaled Net Operating Assets,0.585,0.497,0.936,0.415,0.514,0.329,0.445,0.499,0.482,0.483,0.471,0.609,0.561,0.254,0.238,0.897,0.393,0.586,0.218,0.04,0.251,0.291,0.7,0.922,0.748,0.585,,0.585,0.457,0.597,0.566,1.006,0.405,0.459,0,0,0.408,0.431,0.486,0.505,0.539,0.547,0.446,0.596,0.545,0.416,0.408,0.686,0.59,0.578,0.761,0.271,0.226,0.244,0.351,0.225,0.744,0.596,0.44,0.363,0.432,0.646,0.162,0.208,0.063,0.242,0.282,0.386,0,0,0,0,0,0,0,0
Sloan Ratio %,4.93,-5.13,2.3,-3.68,2.57,-10.2,-7.12,1.86,-0.88,3.18,-12.09,14.75,19.59,-31.72,-38.69,2.2,-11.06,18.47,19.73,4.23,-11.12,-35.57,9.35,-17.72,36.01,,,,-5.38,-4.44,2.42,2.98,-3.68,1.88,2.53,,-10.2,-2.38,-7.44,-6.54,1.96,-3.3,-0.04,7.51,3.19,-16.48,-12.11,9.89,14.88,20.49,18.64,-1.29,-35.92,-32.89,-39.35,-40.84,2.97,7.84,-12.02,-8.61,18.09,24.41,17.7,16.9,4.61,-13.81,-11.42,,,,,,,,,
Current Ratio,5.03,2.94,1.43,1.95,2.13,1.97,2.01,1.53,2.49,1.8,1.24,1.49,1.69,2.78,0.65,0.71,1.23,0.74,1.03,0.85,0.6,0.61,0.91,0.92,0.37,5.03,,5.03,2.94,2.1,1.43,1.35,1.95,2.14,2.13,0,1.97,2.17,2.01,1.51,1.53,1.73,2.49,2.8,1.8,1.85,1.24,1.55,1.49,1.39,1.69,3.44,2.78,3.68,0.65,0.98,0.71,0.51,1.23,0.84,0.74,0.91,1.03,2,0.85,1.13,0.6,0.81,0.61,0,0.91,0,0.92,0,0.37,0
Quick Ratio,4.39,2.5,0.77,1.23,1.43,1.44,1.45,1.05,1.92,1.4,0.94,1.22,1.4,2.64,0.57,0.53,0.92,0.55,0.94,0.71,0.49,0.49,0.7,0.67,0.3,4.39,,4.39,2.5,1.44,0.77,0.71,1.23,1.31,1.43,0,1.44,1.52,1.45,1.08,1.05,1.26,1.92,2.36,1.4,1.62,0.94,1.2,1.22,1.05,1.4,3.09,2.64,3.41,0.57,0.89,0.53,0.31,0.92,0.6,0.55,0.65,0.94,1.86,0.71,0.86,0.49,0.65,0.49,0,0.7,0,0.67,0,0.3,0
Cash Ratio,4.1,2.3,0.61,0.94,0.99,1.16,1.07,0.68,1.55,1.14,0.63,0.7,1.13,1.98,0.1,0.35,0.73,0.26,0.5,0.38,0.17,0.15,0.4,0.5,0.07,4.1,,4.1,2.3,1.17,0.61,0.48,0.94,1.01,0.99,0,1.16,0.78,1.07,0.78,0.68,0.76,1.55,1.68,1.14,0.83,0.63,0.81,0.7,0.62,1.13,2.27,1.98,2.88,0.1,0.11,0.35,0.2,0.73,0.36,0.26,0.35,0.5,1.5,0.38,0.4,0.17,0.22,0.15,0,0.4,0,0.5,0,0.07,0
Interest Coverage,32.14,14.22,1.38,1.21,0,2.69,1.92,0.93,9.01,33.27,6.44,9.2,0,10000,10000,9999,9999,9999,9999,9999,9999,10000,9999,10000,10000,14.29,,10000,13.51,14.97,3.29,0,0,3.33,0,0,4.19,1.46,2.8,1.1,1.12,0.26,33.23,9999,33.92,32.7,5.99,7.03,0,0,0,15.38,10000,1.54,10000,9999,9999,9999,9999,9999,9999,9999,9999,9999,9999,9999,9999,9999,10000,10000,9999,10000,10000,10000,10000,10000
Highest Stock Price,0,15.79,3.13,3.79,9.58,6.38,3.19,6.28,7.68,7.55,5.91,8.57,11.87,12.38,15.64,16.58,24.13,44.54,62.67,54.37,13.31,17.46,28.75,36.25,92.5,11.12,,0,15.79,5.24,3.13,2.58,2.85,4.44,6.6,9.01,6.38,1.6,2.53,3.22,4.6,6.36,7.68,8.56,7.55,6.63,5.91,5.43,7.21,9.19,11.87,6.38,12.38,8.28,9.18,15.77,16.58,15.79,13.92,29.3,44.54,38.46,47.92,59.27,54.37,14.04,13.31,9.16,17.46,0,24.38,0,36.25,0,73.75,0
Lowest Stock Price,0,2.4,1.78,2.02,2.85,1.06,1.45,2.45,4.68,3.71,4.29,4.22,4.24,4.65,5.53,7.88,6.5,24.08,20.89,6.43,5.56,0,15.63,14.38,0,6.12,,0,4.19,2.8,1.78,1.77,2.02,3.06,2.85,3.81,1.81,0.94,1.53,1.46,2.45,3.18,5.19,5.56,5.61,3.58,4.43,4.15,4.22,4.56,6.62,3.41,5.97,4.97,5.53,8.69,10.69,8.9,6.5,15.38,24.56,23.08,20.89,29.39,15.49,5.31,6.2,4.7,9.34,0,16.88,0,20.63,0,40.47,0
Shares Buyback Ratio %,1.1,-24.15,-61.42,-2.22,2.17,-1.58,-10.21,0,0,-0.13,0,-1.82,-0.38,-1.68,-15.72,-8.04,-26.96,-26.64,-3.98,-14.65,-27.72,-81.5,-24.02,-442.7,,-24.47890312,,1.1,-25.86,1.36,-1.36,-59.25,-2.22,0,2.17,0,-1.58,0,-12,1.6,-1.24,1.22,0,0,0,-0.13,0,0,-1.02,-0.79,-0.35,-0.03,4.29,-6.24,-5.46,-9.73,0,-8.04,0,-26.96,0,-26.64,0,-3.98,-10.67,-3.6,-19.04,-7.29,-81.5,0,-24.02,0,-10.26,-392.22,0,
Buyback Yield %,0,-4.64,0.01,0,0,0.1,0,-0.02,-0.02,2.03,0,-2.42,-0.29,-1.31,-15.93,-7.39,-23.42,-17.5,-1.81,-6.9,-13.69,-23.8,-13.34,-8.52,-67.63,0,,0,0,0,0,0,0,0,0,0,-0.15,1.28,0,0,-0.44,0.37,-0.03,0,4.06,0,0,0,0,0,0,0,0,0,0,0,0,0,0,0,0,0,0,0,-12.74,-3.16,-20.52,-15.11,0,0,0,0,0,0,0,0
YoY Rev. per Sh. Growth,55.05,3.89,-38.64,3.06,12.3,-12.88,-1.65,-18.22,-41.34,-5.16,43.33,8.59,2.17,-12.26,15.05,57.24,-51.53,-39.92,-29.28,11.49,-29.98,-19.55,-19.9,-28.72,0,-43.42,,-100,-15.81,-37.11,-37.27,-39.78,3.94,11.57,2.89,14.37,-9.63,-23.59,5.29,-2.03,-15.28,-29.91,-60.68,17.26,-10.39,12.56,101.06,-22.81,13.87,30.45,-5.02,-22.88,-9.83,-4.83,19.75,6.09,269.94,-52.88,-284.6,-0.32,-82.77,-0.04,-37.74,-20.91,7.72,-21.64,-29.37,-54.76,-20,52.95,-18.34,-22.83,-27.68,-14.22,0,0
YoY EPS Growth,154.21,499.56,599.85,-54.61,-74.59,-31,225.95,-186.46,-85.85,183.12,-253.44,70.19,-87.28,184.39,-380.76,74.03,-22.35,-777.28,111.36,-54.63,82.01,-835.79,80.67,-289.09,0,453.33,,-100,54.77,748.96,232.33,-145.91,-580.45,2436.74,-70.82,-84.87,-52.81,649.24,323.36,89.18,79.51,-109.23,-207.29,-17.67,124.39,441.35,-240.86,177.66,273.01,-197.91,-50.98,-95.34,188.6,195.6,-9.75,-850.64,46.87,86.18,34.48,-127.84,18.13,-162.88,56.79,244.89,-146.94,189.82,84.24,71.72,-1564.59,-201.08,81.59,81.13,-277.15,-363.13,0,0
YoY EBITDA Growth (%),112.91,151.19,-20.32,27.38,-33.32,-26.32,63.96,-52.27,-43.34,281.39,-162.93,90.04,-29.95,3373.89,-96.33,1178.2,-112.13,-77.3,156.77,-691.88,153.64,-252.14,3567.51,99.24,0,255.56,,-100,36.2,321.15,138.98,-81.33,606.82,778.43,-107.31,-82.06,-29.16,-28.39,75.78,57.61,59.21,-78.46,-80.22,6,157.26,63.23,-198.85,14398.73,581.43,-100.82,-74.49,51.42,387.79,-11.98,-156.42,-8.52,130.88,-81.13,-239.97,462.78,5916.59,-120.23,99.72,36.63,-1605.42,283.42,103.37,-98.05,2.28,52.95,26.81,-22.83,38.33,-14.22,0,0
5-Year EBITDA Growth Rate (Per Share),31.44,5.27,-3.3,-6.43,-13.95,0,0,0,0,0,0,0,0,0,0,0,0,0,0,0,0,0,0,0,0,31.4,,31.44,5.27,0,-3.3,0,-6.43,0,-13.95,0,0,0,0,14.1,0,23.65,0,19.85,0,16.07,0,34.02,0,0,0,0,0,0,0,0,0,0,0,0,0,0,0,0,0,0,0,0,0,0,0,0,0,0,0,0
Shares Outstanding (Basic Average),86.459,86.459,69.643,42.207,42.207,42.216,38.97,37.921,37.918,38.417,38.488,38.041,37.668,37.602,33.211,29.789,25.559,21.814,18.957,15.998,13.453,10.418,5.846,3.741,1.176,86.459,,86.459,104.222,68.695,75.044,64.242,42.207,42.207,42.207,42.207,42.086,42.346,38.97,37.923,37.921,37.919,37.918,37.918,38.417,38.503,38.488,38.488,38.041,37.923,37.668,37.659,37.602,37.567,33.211,32.517,29.789,30.322,25.559,24.692,21.814,21.639,18.957,18.271,15.998,15.727,13.453,12.41,10.418,6.666,5.846,5.571,3.741,3.757,1.176,1.25
Shares Outstanding (EOP),85.511,86.459,69.643,43.143,42.207,43.143,42.473,38.538,38.538,38.538,38.488,38.488,37.8,37.657,37.034,32.004,29.621,23.331,18.422,17.717,15.453,12.099,6.666,5.375,0.99,85.8,,85.511,86.459,68.695,69.643,68.707,43.143,42.207,42.207,43.143,43.143,42.473,42.473,37.923,38.538,38.068,38.538,38.538,38.538,38.538,38.488,38.488,38.488,38.099,37.8,37.667,37.657,39.344,37.034,35.117,32.004,32.004,29.621,29.621,23.331,23.331,18.422,18.422,17.717,16.009,15.453,12.981,12.099,6.666,6.666,5.375,5.375,4.875,0.99,0.99
Beta,1.3,1.63,1.2,-1.08,-2.1,-2.55,-2.33,0.61,1.28,1.14,0.32,-0.12,-0.25,-0.43,2.66,2.45,0.05,-0.87,-0.15,0.18,0.92,-0.27,0,0,0,1.69,,1.3,1.63,0.71,1.2,-1.11,-1.08,-1.93,-2.1,-1.95,-2.55,-1.56,-2.33,-0.1,0.61,0.84,1.28,1.21,1.14,0.37,0.32,-0.1,-0.12,-0.14,-0.25,0,-0.43,3.67,2.66,2.56,2.45,1.51,0.05,-0.49,-0.87,-0.67,-0.15,0.04,0.18,0,0.92,1,-0.27,-0.77,0,0,0,0,0,0
Restated Filing Date,10/28/21,10/28/21,10/28/21,10/29/20,10/31/19,10/31/18,10/31/17,10/31/16,10/30/15,10/31/14,10/25/13,10/28/11,10/29/10,,,,,11/29/04,,12/31/02,,,,,,10/28/21,,10/28/21,10/28/21,02/12/20,10/28/21,02/12/20,10/29/20,02/13/19,10/31/19,02/15/18,10/31/18,02/15/16,10/31/17,02/15/16,10/31/16,02/18/15,10/30/15,02/10/14,10/31/14,02/11/13,10/25/13,02/14/12,10/28/11,02/14/11,10/29/10,03/29/10,,12/31/08,,,,12/22/06,,,11/29/04,,,,12/31/02,,,,,,,,,,,
Filing Date,10/28/21,10/29/20,10/31/19,10/31/18,10/31/17,10/31/16,10/30/15,10/31/14,10/25/13,10/26/12,10/28/11,10/29/10,11/27/09,,,,,11/29/04,,12/31/02,,,,,,10/28/21,,10/28/21,10/29/20,02/12/20,10/31/19,02/13/19,10/31/18,02/15/18,10/31/17,02/15/18,10/31/16,02/15/16,10/30/15,02/18/15,10/31/14,02/10/14,10/25/13,02/11/13,10/26/12,02/14/12,10/28/11,02/14/11,10/29/10,03/29/10,11/27/09,03/29/10,,12/31/08,,,,12/22/06,,,11/29/04,,,,12/31/02,,,,,,,,,,,
Earnings Release Date,08/25/21,09/01/20,09/03/19,09/05/18,09/05/17,08/30/16,09/01/15,,,08/28/12,08/29/11,,08/20/09,,,,,,,,,,,,,08/25/21,,08/25/21,09/01/20,02/12/20,09/03/19,02/13/19,09/05/18,,09/05/17,02/06/17,08/30/16,02/16/16,09/01/15,,,,,,08/28/12,02/14/12,08/29/11,02/10/11,,02/11/10,08/20/09,,,,,,,,,,,,,,,,,,,,,,,,,
Number of Shareholders,0,0,0,0,0,0,0,0,0,0,0,0,0,7866,0,0,0,0,0,0,0,0,0,0,0,0,,0,0,0,0,0,0,0,0,0,0,0,0,0,0,0,0,0,0,0,0,0,0,0,0,0,0,0,0,0,0,0,0,0,0,0,0,0,0,0,0,0,0,0,0,0,0,0,0,0
Number of Employees,2791,2617,2617,2463,2169,2484,2367,2323,2443,2288,6916,6510,8022,8022,8022,10393,4305,13737,19238,20935,19116,20000,11541,7291,0,2791,,2791,2617,2617,2617,2463,2463,2169,2169,2484,2484,2367,2367,2323,2323,2443,2443,2288,2288,6916,6916,6510,6510,8022,8022,8022,8022,8022,8022,10393,10393,4305,4305,13737,13737,19238,19238,20935,20935,19116,19116,20000,20000,11541,11541,7291,7291,0,0,0
,,,,,,,,,,,,,,,,,,,,,,,,,,,,,,,,,,,,,,,,,,,,,,,,,,,,,,,,,,,,,,,,,,,,,,,,,,,,
Forex Rate,13.9131,17.1342,14.585,13.3138,12.8924,15.05,12.2913,10.6766,10.0001,8.3818,6.7859,7.6356,8.0332,7.9367,7.1515,6.9738,6.7396,6.4216,7.8588,10.1841,8.0595,6.9147,6.088,5.391,4.5005,,,13.9131,17.1342,14.4024,14.585,14.2574,13.3138,13.0918,12.8924,13.8377,15.05,15.0024,12.2913,11.4975,10.6766,10.3683,10.0001,8.6116,8.3818,8.1933,6.7859,6.8237,7.6356,7.4848,8.0332,9.9227,7.9367,6.8376,7.1515,7.0345,6.9738,6.348,6.7396,5.7235,6.4216,6.5374,7.8588,8.9479,10.1841,11.6761,8.0595,7.6439,6.9147,6.1503,6.088,5.903,5.391,4.8706,4.5005,4.6873
,,,,,,,,,,,,,,,,,,,,,,,,,,,,,,,,,,,,,,,,,,,,,,,,,,,,,,,,,,,,,,,,,,,,,,,,,,,,
