0,1,2,3,4,5,6,7,8,9,10,11,12,13,14,15,16,17,18,19,20,21,22,23,24,25,26,27,28,29,30,31,32,33,34,35,36,37,38,39,40,41,42,43,44,45,46,47,48,49,50,51,52,53,54,55,56,57,58,59,60,61,62,63,64,65,66,67,68,69,70,71,72,73,74,75,76,77
Downloaded from http://www.GuruFocus.com on Mon Jun 20 2022 17:12:32 GMT+0700 (GMT+07:00),,,,,,,,,,,,,,,,,,,,,,,,,,,,,,,,,,,,,,,,,,,,,,,,,,,,,,,,,,,,,,,,,,,,,,,,,,,,,
GuruFocus_NYSE:AU_Financial_2022-6-20 at 17:12.csv,,,,,,,,,,,,,,,,,,,,,,,,,,,,,,,,,,,,,,,,,,,,,,,,,,,,,,,,,,,,,,,,,,,,,,,,,,,,,
,,,,,,,,,,,,,,,,,,,,,,,,,,,,,,,,,,,,,,,,,,,,,,,,,,,,,,,,,,,,,,,,,,,,,,,,,,,,,
NYSE:AU,"Anglogold Ashanti Ltd, South africa, Basic Materials, Metals & Mining, Gold",,,,,,,,,,,,,,,,,,,,,,,,,,,,,,,,,,,,,,,,,,,,,,,,,,,,,,,,,,,,,,,,,,,,,,,,,,,,
Key Statistics: ,,,,,,,,,,,,,,,,,,,,,,,,,,,,,,,,,,,,,,,,,,,,,,,,,,,,,,,,,,,,,,,,,,,,,,,,,,,,,
Price,15.94,,,,,,,,,,,,,,,,,,,,,,,,,,,,,,,,,,,,,,,,,,,,,,,,,,,,,,,,,,,,,,,,,,,,,,,,,,,,
Market Cap (Million),6629.767,,,,,,,,,,,,,,,,,,,,,,,,,,,,,,,,,,,,,,,,,,,,,,,,,,,,,,,,,,,,,,,,,,,,,,,,,,,,
Shares Outstanding (Million),418.34,,,,,,,,,,,,,,,,,,,,,,,,,,,,,,,,,,,,,,,,,,,,,,,,,,,,,,,,,,,,,,,,,,,,,,,,,,,,
PE Ratio,11.64,,,,,,,,,,,,,,,,,,,,,,,,,,,,,,,,,,,,,,,,,,,,,,,,,,,,,,,,,,,,,,,,,,,,,,,,,,,,
PB Ratio,1.66,,,,,,,,,,,,,,,,,,,,,,,,,,,,,,,,,,,,,,,,,,,,,,,,,,,,,,,,,,,,,,,,,,,,,,,,,,,,
PS Ratio,1.77,,,,,,,,,,,,,,,,,,,,,,,,,,,,,,,,,,,,,,,,,,,,,,,,,,,,,,,,,,,,,,,,,,,,,,,,,,,,
,,,,,,,,,,,,,,,,,,,,,,,,,,,,,,,,,,,,,,,,,,,,,,,,,,,,,,,,,,,,,,,,,,,,,,,,,,,,,
Growth Rate: ,,,,,,,,,,,,,,,,,,,,,,,,,,,,,,,,,,,,,,,,,,,,,,,,,,,,,,,,,,,,,,,,,,,,,,,,,,,,,
Annual Rates (per share),10 Years,5 Years,12 Months,,,,,,,,,,,,,,,,,,,,,,,,,,,,,,,,,,,,,,,,,,,,,,,,,,,,,,,,,,,,,,,,,,,,,,,,,,
Revenue Growth (%),0.6,4.7,-2.9,,,,,,,,,,,,,,,,,,,,,,,,,,,,,,,,,,,,,,,,,,,,,,,,,,,,,,,,,,,,,,,,,,,,,,,,,,
EBITDA  Growth (%),0,13.2,-28.8,,,,,,,,,,,,,,,,,,,,,,,,,,,,,,,,,,,,,,,,,,,,,,,,,,,,,,,,,,,,,,,,,,,,,,,,,,
Free Cash Flow Growth (%),0,-73.1,3,,,,,,,,,,,,,,,,,,,,,,,,,,,,,,,,,,,,,,,,,,,,,,,,,,,,,,,,,,,,,,,,,,,,,,,,,,
Book Value Growth (%),2.5,11.6,15.7,,,,,,,,,,,,,,,,,,,,,,,,,,,,,,,,,,,,,,,,,,,,,,,,,,,,,,,,,,,,,,,,,,,,,,,,,,
,,,,,,,,,,,,,,,,,,,,,,,,,,,,,,,,,,,,,,,,,,,,,,,,,,,,,,,,,,,,,,,,,,,,,,,,,,,,,
30 Year Financials of NYSE:AU - Anglogold Ashanti Ltd,,,,,,,,,,,,,,,,,,,,,,,,,,,,,,,,,,,,,,,,,,,,,,,,,,,,,,,,,,,,,,,,,,,,,,,,,,,,,
,,,,,,,,,,,,,,,,,,,,,,,,,,,,,,,,,,,,,,,,,,,,,,,,,,,,,,,,,,,,,,,,,,,,,,,,,,,,,
"All Numbers are in Millions except per share data, ratios, and percentage data; All shares outstanding data and per share data are split adjusted",,,,,,,,,,,,,,,,,,,,,,,,,,,,,,,,,,,,,,,,,,,,,,,,,,,,,,,,,,,,,,,,,,,,,,,,,,,,,
,,,,,,,,,,,,,,,,,,,,,,,,,,,,,,,,,,,,,,,,,,,,,,,,,,,,,,,,,,,,,,,,,,,,,,,,,,,,,
Annual Data:,,,,,,,,,,,,,,,,,,,,,,,,,,,,Quarterly Data:,,,,,,,,,,,,,,,,,,,,,,,,,,,,,,,,,,,,,,,,,,,,,,,,,
Fiscal Period:,2021-12,2020-12,2019-12,2018-12,2017-12,2016-12,2015-12,2014-12,2013-12,2012-12,2011-12,2010-12,2009-12,2008-12,2007-12,2006-12,2005-12,2004-12,2003-12,2002-12,2001-12,2000-12,1999-12,1998-12,1997-12,TTM/current,,2021-12,2021-06,2020-12,2020-06,2019-12,2019-06,2018-12,2018-06,2017-12,2017-06,2016-12,2016-06,2015-12,2015-06,2014-12,2014-06,2013-12,2013-06,2012-12,2012-06,2011-12,2011-06,2010-12,2010-06,2009-12,2009-06,2008-12,2008-06,2007-12,2007-06,2006-12,2006-06,2005-12,2005-06,2004-12,2004-06,2003-12,2003-06,2002-12,2002-06,2001-12,2001-06,2000-12,2000-06,1999-12,1999-06,1998-12,1998-06,1997-12,1997-06
Per Share Data,,,,,,,,,,,,,,,,,,,,,,,,,,,,,,,,,,,,,,,,,,,,,,,,,,,,,,,,,,,,,,,,,,,,,,,,,,,,,
Revenue per Share,9.592,10.554,8.426,7.993,8.17,10.183,9.802,12.145,12.753,15.05,15.604,14.283,10.475,11.671,10.99,9.842,9.39,8.301,7.461,8.108,9.522,10.168,10.342,10.007,61.464,9.6,,4.914,4.689,5.874,4.692,4.644,3.793,3.182,4.819,3.063,5.12,5.427,4.752,4.807,5.02,5.977,6.192,6.083,6.673,7.173,7.838,8.483,7.134,7.937,6.52,6.486,4.053,7.657,4.45,5.272,5.982,4.376,5.526,4.38,5.002,4.422,4.041,3.034,4.449,4.597,3.507,4.763,4.765,5.238,5.002,5.236,5.587,4.788,5.98,52.124,9.34
EBITDA per Share,3.678,5.514,3.275,2.777,2.766,3.009,3.103,2.399,-3.45,5.377,7.959,3.267,-0.568,1.003,0.069,2.494,2.528,2.504,2.408,3.358,4.927,2.745,2.586,2.34,5.918,3.57,,1.724,1.849,3.225,2.295,1.958,1.321,1.813,0.96,1.978,0.78,1.828,1.178,1.628,1.482,0.979,1.426,1.911,-5.363,1.566,3.793,4.498,3.467,1.936,1.367,-2.492,1.955,0.492,0.566,-1.76,1.912,0.488,2.029,1.16,1.366,1.335,1.218,0.992,1.423,1.929,1.427,2.841,2.088,1.426,1.338,1.142,1.58,-2.879,5.98,-3.422,9.34
EBIT per Share,2.543,4.155,1.881,1.44,1.105,1.059,1.206,0.478,-5.368,3.399,5.994,1.339,-2.27,-0.961,-2.293,-0.07,0.287,0.787,1.305,1.857,3.196,1.653,1.665,1.679,1.267,2.44,,1.095,1.341,2.527,1.633,1.2,0.683,1.19,0.246,1.265,-0.17,0.758,0.298,0.637,0.572,-0.029,0.51,1.048,-6.419,0.5,2.885,3.453,2.546,0.908,0.443,-3.405,1.153,-0.581,-0.421,-3.13,0.875,-1.023,0.964,-0.155,0.441,0.286,0.523,0.581,0.727,0.973,0.882,1.697,1.501,0.816,0.85,0.649,1.112,-3.54,5.98,-8.074,9.34
Earnings per Share (Diluted),1.48,2.27,-0.03,0.32,-0.46,0.15,-0.2,-0.14,-6.31,1.77,3.55,0.3,-2.3,-1.79,-2.92,-0.52,-1.1,0.39,1.11,1.6,-0.81,0.77,2.04,1.42,0.87,1.48,,0.62,0.86,1.27,1,-0.3,0.27,0.24,0.08,-0.03,-0.43,0.02,0.13,0.15,-0.35,-0.04,-0.1,-0.83,-5.48,0.41,1.36,2.18,1.37,0.28,0.02,-2.94,0.64,-0.98,-0.81,-3.38,0.46,0.37,-0.89,-1.54,0.44,0.13,0.26,0.65,0.46,0.925,0.675,-1.305,0.495,0.18,0.59,0.67,1.37,0.41,1.01,0.29,0.58
EPS without NRI,1.48,2.25,0.87,0.52,0.35,0.15,0.08,-0.18,-5.71,1.77,3.55,0.3,-2.3,-1.86,-2.93,-0.52,-0.85,0.39,1.11,1.6,-0.76,0.77,2.04,1.42,0.87,1.48,,0.62,0.86,1.34,0.91,0.56,0.31,0.44,0.08,0.78,-0.43,0.02,0.13,0.14,-0.06,-0.03,-0.15,-0.23,-5.48,0.41,1.36,2.18,1.37,0.28,0.02,-2.94,0.64,-0.96,-0.9,-3.39,0.46,0.36,-0.88,-1.37,0.52,0.1,0.29,0.66,0.45,0.925,0.675,-1.255,0.495,0.18,0.59,0.67,1.37,0.41,1.01,0.29,0.58
Owner Earnings per Share (TTM),1.69,2.06,-0.28,0.16,-0.83,0.03,0.09,-0.63,-6.82,0.39,3.68,-0.97,-3.51,-2.86,-3.6,-0.1,-1.63,-0.62,0.53,1.98,2.52,0,0,0,0,1.66,,1.69,0,2.06,0,-0.28,0,0.16,0,-0.83,-2.06,0.03,0.09,0.09,-0.54,-0.63,-1.66,-6.82,-5.81,0.39,3.65,3.68,1.77,-0.97,-4.15,-3.51,-1.89,-2.86,-4.84,-3.6,1.36,-0.1,-1.15,-1.63,0.94,-0.62,0.32,0.53,2.51,1.98,2.73,2.52,0,0,0,0,0,0,0,0,0
Free Cash Flow per Share,0.571,2.269,0.822,0.676,0.775,1.145,1.152,0.91,-0.456,-0.083,2.959,0.174,-1.595,-3.608,-1.637,-0.15,-1.372,-0.224,0.348,1.456,0.947,-0.88,0.164,0.295,-6.062,0.57,,0.483,0.091,1.561,0.71,0.633,0.189,0.606,0.067,0.937,-0.17,0.667,0.478,0.664,0.491,0.201,0.712,0.38,-0.836,-0.739,0.653,1.689,1.273,-0.351,0.539,-1.118,-0.484,-2.309,-1.441,-1.327,-0.324,-0.888,0.745,-1.292,-0.079,-0.05,-0.181,-0.089,0.44,1.519,-0.063,1.126,-0.179,-0.349,-0.538,2.311,-2.348,0,0,0,0
Operating Cash Flow per Share,3.019,3.943,2.503,2.053,2.4,2.86,2.781,2.992,3.072,4.664,6.681,2.78,1.226,0.204,2.023,2.825,1.311,1.98,1.863,2.677,2.337,0.52,1.185,1.072,-0.974,3.02,,1.907,1.114,2.503,1.444,1.683,0.822,1.278,0.773,1.617,0.778,1.703,1.154,1.528,1.259,1.307,1.692,1.849,1.224,2.317,2.336,4.09,2.596,1.234,1.587,0.321,0.92,-0.278,0.535,0.581,1.509,0.851,1.995,0.215,1.094,1.239,0.772,0.853,1.015,2.208,0.468,1.855,0.483,0.62,-0.101,0.749,0.476,0,0,0,0
Cash per Share,2.764,3.19,1.122,0.812,0.517,0.539,1.197,1.158,1.611,2.317,2.901,1.497,3.005,1.609,1.719,1.705,0.74,1.044,1.911,1.855,2.016,0.911,2.31,1.298,6.089,2.764,,2.764,2.59,3.19,3.106,1.122,0.842,0.812,0.537,0.517,0.419,0.539,1.159,1.197,1.139,1.158,1.495,1.611,1.08,2.317,2.573,2.901,2.193,1.497,2.387,3.005,6.437,1.609,1.426,1.719,1.417,1.705,1.247,0.74,1.039,1.044,2.099,1.911,1.396,1.855,2.737,2.016,0.697,0.911,1.446,2.31,2.475,1.298,0,6.089,0
Dividends per Share,0.527,0.094,0.068,0.06,0.099,0,0,0,0.11,0.545,0.342,0.185,0.127,0.131,0.464,0.395,0.563,0.731,1.302,0.926,0.841,1.397,1.325,0.875,1.905,0.53,,0.061,0.466,0,0.094,0,0.068,0,0.06,0,0.099,0,0,0,0,0,0,0,0.11,0.163,0.382,0.23,0.113,0.09,0.095,0.077,0.05,0.064,0.066,0.124,0.339,0.294,0.1,0.259,0.304,0.256,0.475,0.506,0.796,0.66,0.267,0.424,0.417,0.538,0.859,0.66,0.664,0,0.875,0.825,1.08
Book Value per Share,9.602,8.863,6.357,6.425,6.494,6.651,5.996,7.042,7.641,14.218,13.001,11.63,9.062,9.294,9.198,11.975,11.939,14.543,7.836,8.175,5.189,6.788,7.847,6.086,34.299,9.602,,9.602,9.141,8.863,7.24,6.357,6.627,6.425,6.329,6.494,6.372,6.651,6.446,5.996,6.492,7.042,7.581,7.641,9.291,14.218,15.083,13.001,13.367,11.63,9.07,9.062,8.685,9.294,5.797,9.198,11.265,11.975,9.667,11.939,11.541,14.543,13.2,7.836,7.281,8.175,5.853,5.189,6.708,6.788,7.739,7.847,6.452,6.086,0,34.299,0
Tangible Book per Share,9.31,8.549,6.061,6.127,6.158,6.296,5.599,6.485,6.978,13.4,12.453,11.117,8.57,8.868,7.068,9.926,9.863,12.308,6.284,6.626,3.382,4.906,6.807,6.086,34.299,9.31,,9.31,8.837,8.549,6.952,6.061,6.335,6.127,6.011,6.158,6.005,6.296,6.076,5.599,6.027,6.485,6.912,6.978,8.599,13.4,14.465,12.453,12.834,11.117,8.601,8.57,8.227,8.868,4.468,7.068,9.724,9.926,8.206,9.863,10,12.308,11.721,6.284,5.494,6.626,4.074,3.382,4.966,4.906,6.452,6.807,5.713,6.086,0,34.299,0
Total Debt per Share,5.016,4.999,5.307,4.966,5.531,5.335,6.754,9.21,9.705,9.308,6.491,7.127,5.352,5.427,6.787,5.448,7.319,6.375,4.381,4.16,4.585,5.401,3.885,0.94,3.634,5.016,,5.016,5.044,4.999,6.935,5.307,5.424,4.966,4.983,5.531,5.794,5.335,6.505,6.754,9.214,9.21,9.429,9.705,9.232,9.308,6.654,6.491,6.536,7.127,4.664,5.352,7.501,5.427,6.368,6.787,5.759,5.448,5.004,7.319,6.583,6.375,6.494,4.381,3.999,4.16,3.804,4.585,4.662,5.401,3.642,3.885,4.215,0.94,0,3.634,0
Month End Stock Price,20.98,22.62,22.34,12.55,10.19,10.51,7.1,8.7,11.72,31.37,42.45,49.23,40.18,27.71,42.81,47.09,49.33,36.35,46.7,34.26,18.06,14.94,25.69,19.56,19.22,15.94,,20.98,18.58,22.62,29.49,22.34,17.81,12.55,8.21,10.19,9.72,10.51,18.06,7.1,8.95,8.7,17.21,11.72,14.3,31.37,34.34,42.45,42.09,49.23,43.18,40.18,36.63,27.71,33.94,42.81,37.82,47.09,48.12,49.33,35.73,36.35,32.16,46.7,31.9,34.26,26.08,18.06,17.91,14.94,20.56,25.69,21.5,19.56,20.25,19.22,24.07
,,,,,,,,,,,,,,,,,,,,,,,,,,,,,,,,,,,,,,,,,,,,,,,,,,,,,,,,,,,,,,,,,,,,,,,,,,,,,
Ratios,,,,,,,,,,,,,,,,,,,,,,,,,,,,,,,,,,,,,,,,,,,,,,,,,,,,,,,,,,,,,,,,,,,,,,,,,,,,,
ROE %,16.771,30.655,-0.265,5.644,-6.359,2.449,-2.654,-1.958,-52.152,17.158,33.591,2.878,-24.853,-19.169,-27.782,-4.389,-8.332,3.279,12.696,24.242,19.066,10.62,30.319,25.06,13.305,16,,13.292,19.281,32.802,29.795,-8.983,8.444,8.142,3.265,-0.456,-12.413,0.823,4.111,5.773,-10.451,-1.151,-2.67,-18.286,-85.184,6.964,26.04,35.024,29.356,5.57,0.242,-65.66,14.303,-24.949,-19.978,-66.049,8.033,5.496,-15.387,-26.315,6.783,1.799,4.603,16.247,11.273,26.41,24.824,21.795,14.64,5.259,15.032,22.78,43.526,20.252,29.312,22.897,
ROE % Adjusted to Book Value,7.68,12.01,-0.08,2.89,-4.05,1.55,-2.24,-1.58,-34,7.78,10.29,0.68,-5.61,-6.43,-5.97,-1.12,-2.02,1.31,2.13,5.78,5.48,4.83,9.26,7.8,23.74,9.64,,6.08,9.49,12.85,7.32,-2.56,3.14,4.17,2.52,-0.29,-8.14,0.52,1.47,4.88,-7.58,-0.93,-1.18,-11.92,-55.35,3.16,11.44,10.73,9.32,1.32,0.05,-14.81,3.39,-8.37,-3.41,-14.19,2.39,1.4,-3.09,-6.37,2.19,0.72,1.89,2.73,2.57,6.3,5.57,6.26,5.48,2.39,5.66,6.96,13.06,6.3,,40.86,
ROA %,8.2614,13.3609,-0.1037,2.1642,-2.3796,0.8728,-0.8527,-0.6168,-19.8992,7.6379,15.0163,1.0641,-8.2036,-5.6777,-8.1834,-1.5248,-3.1552,1.2952,4.8627,9.0401,6.8782,4.1523,12.5067,10.8059,5.7571,8.01,,6.653,9.4412,14.1516,11.427,-3.5149,3.3653,3.2309,1.2443,-0.1667,-4.6048,0.3017,1.4133,1.8136,-3.1865,-0.363,-0.8508,-6.1253,-33.617,3.2102,12.5,16.4389,13.2961,2.0913,0.0764,-20.5934,4.7715,-6.7845,-4.4419,-19.3225,2.7846,1.8202,-5.0851,-9.6559,2.7168,0.7361,1.8133,6.1932,4.4685,10.1905,8.8132,8.108,5.7241,2.1753,6.3659,8.7261,17.0419,8.6982,12.6835,9.9078,
Return-on-Tangible-Equity,17.34,31.9355,-0.2774,5.9359,-6.7125,2.6038,-2.8636,-2.1355,-55.9598,18.0646,35.1029,3.0246,-26.1614,-21.945,-34.6162,-5.3035,-9.9523,3.9463,15.7526,32.3196,27.5591,13.272,32.8628,25.0601,13.3046,16.75,,13.7294,19.9669,34.0768,31.1333,-9.409,8.8441,8.5549,3.4407,-0.4822,-13.1422,0.8715,4.3808,6.2009,-11.3043,-1.2562,-2.926,-19.879,-91.0315,7.323,27.1679,36.5214,30.6385,5.8465,0.2557,-69.3737,15.0425,-28.2035,-25.9637,-80.4603,9.4995,6.56,-18.3946,-31.1086,7.9309,2.0774,5.3782,20.7972,14.3757,34.6218,36.7422,31.0645,20.0151,6.7264,17.6707,26.0274,46.2518,20.2519,29.3118,22.897,
Return-on-Tangible-Asset,8.3972,13.5985,-0.1056,2.2057,-2.4274,0.8917,-0.8733,-0.6333,-20.4297,7.8126,15.3111,1.0835,-8.3413,-5.8987,-8.6887,-1.6219,-3.3625,1.388,5.2531,9.9692,7.7385,4.5043,12.9192,10.8059,5.7571,8.14,,6.7607,9.6028,14.3838,11.6186,-3.5783,3.427,3.2941,1.269,-0.1701,-4.7015,0.3079,1.4439,1.8537,-3.2615,-0.3728,-0.8752,-6.2943,-34.4914,3.2845,12.7542,16.7615,13.5531,2.1291,0.0777,-20.945,4.851,-7.0043,-4.6818,-20.391,2.942,1.9235,-5.3756,-10.2346,2.8841,0.7788,1.9224,6.7568,4.8866,11.217,9.9602,9.1204,6.3956,2.3912,6.7957,9.164,17.4444,8.6982,12.6835,9.9078,
ROC (Joel Greenblatt) %,30.94,52.83,22.64,15.64,10.94,10.47,10.62,3.82,-32.83,19.18,36.24,7.95,-14.86,-4.86,-10.79,-0.38,1.3,4.02,9.11,16.57,29.04,12.91,14.54,17.53,2.37,28.6,,24.25,33.15,64.45,39.53,27.48,15.56,27.31,5.09,24.58,-3.25,14.65,5.71,11.86,9.59,-0.45,7.83,15.3,-73.46,5.38,34.2,41.64,29.93,10.15,5.51,-47.92,15.78,-5.85,-3.48,-26.39,8.19,-10.39,9.63,-1.52,3.77,2.29,5.32,8.64,11.9,17.7,19.49,31.15,24.36,13.59,13.34,10.35,19.6,-80,101.28,-30.16,
ROCE %,15.387,28.717,13.959,9.741,7.126,6.769,6.709,2.351,-22.655,13.939,26.303,6.422,-13.465,-4.786,-9.331,-0.266,1.002,3.315,7.159,14.266,27.177,11.097,12.407,15.18,2.055,14.83,,13.185,16.653,31.363,22.335,18.345,10.026,16.865,3.271,16.36,-2.181,9.997,3.835,7.189,5.791,-0.287,4.874,10.428,-55.819,3.924,23.839,29.482,22.173,8.239,4.856,-38.896,13.167,-6.712,-4.161,-26.638,6.877,-8.499,7.805,-1.181,3.212,1.953,4.479,6.913,9.364,13.669,17.265,30.591,22.156,11.196,10.834,8.634,16.434,-69.029,87.982,-26.196,0
ROIC %,9.17,15.55,6.35,4.33,3.75,2.59,1.09,-2.95,7.92,11.72,16.04,4.29,4.8,5.27,1.57,4.17,0.55,-12.03,3.57,8.83,12.83,6.85,10.73,10.38,2.18,9.15,,7.15,11.29,18.6,11.83,7.69,4.25,4.22,4.41,6.05,6.5,0.93,4.94,1.88,-0.83,-0.49,-7.07,-0.29,6.16,20.12,13.11,18.4,13.26,7.94,-1.28,8.45,0.35,10.61,-2.61,-1.69,2.76,-0.08,6.77,-0.8,3.24,-0.42,3.68,3.11,5.01,13.19,7.19,13.86,12.62,6.59,7.75,6.66,16.45,-64.3,86.18,-25.66,0
WACC %,14.36,13.49,11.91,8.75,8.08,5.88,8.49,7.35,8.39,6.46,10.52,9.71,11.28,10.16,15.46,16.4,12.39,11.97,13.19,14.07,14.22,14.36,18.97,23.72,0,14.45,,14.36,0,13.49,0,11.91,0,8.75,0,8.08,9.78,5.88,8.18,8.49,12.88,7.35,10.39,8.39,9.07,6.46,7.94,10.52,11.14,9.71,14.01,11.28,12.73,10.16,12.88,15.46,14.68,16.4,15.7,12.39,12.11,11.97,13.49,13.19,13.29,14.07,16.45,14.22,15.82,14.36,18.08,18.97,21.69,23.72,0,0,0
Effective Interest Rate on Debt %,5.27,7.18,7.9,7.23,5.89,6.92,7.34,0.66,0.4,5.73,5.89,5.07,4,3.77,4.43,4.47,0,0,0,0,0,0,0,0,0,3.06,,0.86,5.25,5.47,6.76,6.83,8.56,13.66,1.48,4.14,7.31,13.16,0.82,6.56,7.03,-6.16,7.3,-6.33,7.46,5.48,7.14,5.05,6.95,4.7,7.34,1.81,4.93,1.05,5.93,0,0,0,0,0,0,0,0,0,0,0,0,0,0,0,0,0,0,0,0,0,
,,,,,,,,,,,,,,,,,,,,,,,,,,,,,,,,,,,,,,,,,,,,,,,,,,,,,,,,,,,,,,,,,,,,,,,,,,,,,
Gross Margin %,29.09,38.6,25.65,22.48,23.19,19.91,17.78,20.05,25.5,37.05,40.75,34.05,22.62,38.8,34.81,42.64,30.66,35.61,35.99,47.86,36.35,31.02,29.32,27.53,12.66,29.09,,29.41,28.75,42.65,33.52,29.9,20.42,25.49,20.48,36.07,15.38,18.21,21.89,16.4,19.11,19.49,20.6,22.46,28.28,34.68,39.22,43.76,37.16,23.62,47.09,17.33,31.23,58.38,1.43,47.67,22.95,66.55,23.49,49.09,14.56,49.04,20.3,33.58,37.64,50.2,44.8,38.82,33.89,31.63,30.38,28.32,30.34,0,0,0,0
Operating Margin %,19.8312,32.9569,17.3333,14.8981,13.789,12.7634,10.66,14.7617,16.4153,25.0748,31.3851,25.5156,14.2442,14.446,4.6916,6.4107,3.0584,9.484,17.485,22.9016,33.562,16.2591,16.1028,16.7782,2.0609,19.86,,17.2965,22.5445,37.5812,27.1523,21.6675,12.0101,17.1664,13.3866,21.7799,8.9446,10.9589,14.8469,8.7354,12.5122,14.1157,15.3877,16.4978,16.3401,19.9141,29.7744,34.0705,28.1855,26.9906,23.6709,21.8096,1.9431,27.1059,-9.7056,-6.0876,14.628,-7.3764,17.4497,-3.5375,8.8235,6.4572,12.9353,19.1458,16.3471,21.1765,25.1605,35.6289,31.4938,15.576,16.9847,12.388,19.9118,-73.9414,100,-15.4894,100
Net Margin %,16.0338,21.9336,-0.1986,4.4964,-5.0383,1.4918,-1.7435,-1.1712,-43.1168,14.1193,24.1553,2.0997,-21.8023,-15.4036,-26.706,-5.2926,-11.7505,4.5095,14.7904,19.7888,12.0039,7.5181,19.6898,14.1901,6.7641,15.44,,12.5969,18.4224,22.3214,21.4468,-6.2275,7.2061,8.021,2.1479,-0.4684,-7.8088,0.4861,2.6531,3.7075,-6.9892,-0.6976,-1.6302,-12.3227,-71.2015,6.4729,21.0827,24.748,23.449,3.6437,0.1688,-45.0277,15.9611,-13.9283,-18.218,-64.5691,8.1967,6.8734,-15.0336,-35.289,8.8235,2.8796,6.3682,22.0913,9.7881,20.1961,19.2555,13.6364,10.3705,3.594,11.687,14.9767,24.5224,11.2479,16.8891,6.8634,6.2096
EBITDA Margin %,38.347,52.2476,38.8652,34.7422,33.8539,29.5525,31.6563,19.7496,-27.0495,35.7312,51.0046,22.8721,-5.4175,8.591,0.6234,25.3448,26.9215,30.172,32.2754,41.4119,51.7393,26.9928,25.0045,23.3824,9.629,37.21,,35.0775,39.4402,54.9107,48.9047,42.1513,34.8293,56.9715,19.9301,64.5589,15.239,33.6721,24.7959,33.8751,29.521,16.3726,23.0219,31.4147,-80.3697,21.8296,48.391,53.0235,48.5991,24.3927,20.9705,-38.4123,48.2304,6.422,12.7287,-33.3789,31.9672,11.1484,36.7114,26.4884,27.3002,30.192,30.1493,32.6951,31.9879,41.9608,40.6932,59.6591,43.8149,27.2259,26.7451,21.8112,28.2788,-60.138,100,-6.5652,100
FCF Margin %,5.9568,21.5044,9.7589,8.4532,9.4873,11.2479,11.7559,7.4919,-3.577,-0.5509,18.965,1.2186,-15.222,-30.9166,-14.895,-1.5281,-14.6076,-2.6964,4.6707,17.9544,9.9461,-8.6504,1.5872,2.9451,-9.863,5.98,,9.8353,1.9338,26.5828,15.1299,13.6387,4.9937,19.0405,1.3986,30.6011,-3.3128,12.2846,10.051,13.8141,9.7752,3.3648,11.4911,6.2424,-12.5323,-10.3038,8.3308,19.9048,17.8452,-4.4197,8.27,-17.2429,-11.9362,-30.1501,-32.3787,-25.171,-5.4224,-20.285,13.4899,-29.5082,-1.5837,-1.1344,-4.4776,-2.9455,9.889,33.0392,-1.7972,23.6383,-3.7542,-6.6607,-10.764,44.1329,-42.0371,,,,
,,,,,,,,,,,,,,,,,,,,,,,,,,,,,,,,,,,,,,,,,,,,,,,,,,,,,,,,,,,,,,,,,,,,,,,,,,,,,
Debt-to-Equity,0.522,0.564,0.835,0.773,0.852,0.802,1.126,1.308,1.27,0.655,0.499,0.613,0.591,0.584,0.738,0.455,0.613,0.438,0.559,0.509,0.884,0.796,0.495,0.154,0.106,0.522,,0.522,0.552,0.564,0.958,0.835,0.818,0.773,0.787,0.852,0.909,0.802,1.009,1.126,1.419,1.308,1.244,1.27,0.994,0.655,0.441,0.499,0.489,0.613,0.514,0.591,0.864,0.584,1.098,0.738,0.511,0.455,0.518,0.613,0.57,0.438,0.492,0.559,0.549,0.509,0.65,0.884,0.695,0.796,0.471,0.495,0.653,0.154,9999,0.106,9999
Equity-to-Asset,0.503,0.482,0.385,0.399,0.369,0.38,0.334,0.311,0.318,0.43,0.464,0.43,0.311,0.351,0.246,0.348,0.347,0.409,0.371,0.398,0.339,0.38,0.401,0.429,0.433,0.503,,0.503,0.498,0.482,0.383,0.385,0.398,0.399,0.394,0.369,0.362,0.38,0.354,0.334,0.298,0.311,0.319,0.318,0.351,0.43,0.495,0.464,0.475,0.43,0.32,0.311,0.316,0.351,0.199,0.246,0.345,0.348,0.313,0.347,0.39,0.409,0.409,0.371,0.395,0.398,0.37,0.339,0.403,0.38,0.449,0.401,0.361,0.429,0,0.433,0
Debt-to-Asset,0.263,0.272,0.321,0.309,0.314,0.304,0.376,0.407,0.404,0.281,0.231,0.263,0.184,0.205,0.181,0.158,0.213,0.179,0.207,0.202,0.299,0.302,0.199,0.066,0.046,0.263,,0.263,0.275,0.272,0.366,0.321,0.326,0.309,0.311,0.314,0.33,0.304,0.357,0.376,0.423,0.407,0.397,0.404,0.349,0.281,0.218,0.231,0.232,0.263,0.165,0.184,0.273,0.205,0.218,0.181,0.177,0.158,0.162,0.213,0.222,0.179,0.201,0.207,0.217,0.202,0.241,0.299,0.28,0.302,0.211,0.199,0.236,0.066,0,0.046,0
Liabilities-to-Assets,0.49,0.51,0.61,0.59,0.63,0.61,0.66,0.69,0.68,0.57,0.52,0.56,0.68,0.64,0.75,0.65,0.65,0.58,0.62,0.59,0.65,0.61,0.59,0.57,0.57,0.49,,0.49,0.5,0.51,0.61,0.61,0.6,0.59,0.6,0.63,0.63,0.61,0.64,0.66,0.7,0.69,0.68,0.68,0.65,0.57,0.5,0.52,0.51,0.56,0.67,0.68,0.67,0.64,0.79,0.75,0.65,0.65,0.68,0.65,0.6,0.58,0.58,0.62,0.59,0.59,0.62,0.65,0.59,0.61,0.54,0.59,0.63,0.57,0,0.57,0
Gross-Profit-to-Asset %,14.988,23.516,13.387,10.821,10.952,11.651,8.698,10.559,11.77,20.044,25.33,17.254,8.512,14.3,10.667,12.284,8.234,10.228,11.832,21.864,20.831,17.135,18.622,20.966,10.775,15.09,,15.532,14.736,27.042,17.86,16.877,9.535,10.266,11.864,12.834,9.07,11.299,11.66,8.024,8.713,10.141,10.75,11.163,13.353,17.198,23.252,29.066,21.07,13.555,21.327,7.925,9.336,28.438,0.349,14.267,7.797,17.625,7.946,13.433,4.482,12.536,5.78,9.414,17.183,25.328,20.505,23.083,18.703,19.146,16.546,16.502,21.082,77.331,75.099,144.357,
,,,,,,,,,,,,,,,,,,,,,,,,,,,,,,,,,,,,,,,,,,,,,,,,,,,,,,,,,,,,,,,,,,,,,,,,,,,,,
Asset Turnover,0.515,0.609,0.522,0.481,0.472,0.585,0.489,0.527,0.462,0.541,0.622,0.507,0.376,0.369,0.306,0.288,0.269,0.287,0.329,0.457,0.573,0.552,0.635,0.762,0.851,0.52,,0.264,0.256,0.317,0.266,0.282,0.234,0.201,0.29,0.178,0.295,0.31,0.266,0.245,0.228,0.26,0.261,0.249,0.236,0.248,0.296,0.332,0.284,0.287,0.226,0.229,0.149,0.244,0.122,0.15,0.17,0.132,0.169,0.137,0.154,0.128,0.142,0.14,0.228,0.252,0.229,0.297,0.276,0.303,0.272,0.291,0.347,0.387,0.375,0.722,0
Dividend Payout Ratio,0.356,0.042,0.078,0.115,0.283,0,0,,,0.308,0.096,0.617,,,,,,1.875,1.173,0.579,,1.814,0.649,0.616,2.19,0.36,,0.098,0.542,0,0.103,0,0.219,0,0.745,0,,0,0,0,,,,,,0.397,0.281,0.105,0.082,0.322,4.748,,0.078,,,,0.737,0.817,,,0.585,2.562,1.638,0.767,1.768,0.713,0.395,,0.841,2.989,1.455,0.986,0.485,0,0.866,2.845,1.862
,,,,,,,,,,,,,,,,,,,,,,,,,,,,,,,,,,,,,,,,,,,,,,,,,,,,,,,,,,,,,,,,,,,,,,,,,,,,,
Days Sales Outstanding,4.8,4.25,4.14,3.28,3.33,2.98,4.5,5.09,7.83,5.6,2.75,3.35,4.05,3.69,4.49,9.32,14.47,12.47,10.38,9.43,8.05,0,0,0,0,17.91,,23.74,15.46,11.26,13.71,12.91,15.05,19.49,12.72,22.37,13.91,11.09,12.76,11.17,12.13,15.76,15.57,4.29,6.48,5.97,2.61,3.14,3.96,3.02,3.47,19.59,31.47,10.73,20.18,15.85,14.9,20.65,20.03,31.49,27.73,14.33,11.53,33.6,23.11,26.48,34.32,18.62,29.21,0,0,0,0,0,0,0,0
Days Payable,51.68,51.57,49.79,49.97,51.73,37.07,38.87,40.75,51.01,48.51,41.11,38.6,40.76,57.92,82.11,115.97,71.28,38.74,31.07,34.63,57.88,80.76,70.25,60.14,46.41,69.8,,77.41,64.66,59.99,62.3,62.24,66.25,81.34,51.24,109.86,51.49,43.83,48.52,46.68,51.44,54.6,57.76,65.44,69.38,62.09,55.49,54.5,54.78,38.69,65.2,40.56,76.89,176.47,148.18,113.2,78.48,210.17,72.12,141.82,50.74,110,69.72,79.31,54.93,54.97,68.33,51.96,77.6,67.6,75.91,65.9,55.33,,,,
Days Inventory,91.73,91.65,89.4,94.21,94.86,71.12,84.81,89.48,107.33,100.9,88.18,84.35,86.82,132.65,122.16,72.81,54.55,60.22,57.87,58.37,49.87,45.76,36.4,35.75,31.09,90.54,,87.24,92.75,92.99,93.63,85.82,94.29,119.16,76.18,151.97,69.05,66.21,78.5,75.78,88.71,87.9,93.9,101.41,107.52,107.95,95.95,82.85,82.77,64.53,106.31,66.85,122.1,126.91,126.23,186.32,70.19,182.73,56.43,100.84,52.11,83.91,55.14,89.02,55.37,58.74,74.91,52.62,52.64,45.46,47.16,41.39,35.38,,,,
Cash Conversion Cycle,44.85,44.33,43.76,47.53,46.46,37.03,50.44,53.81,64.15,57.99,49.82,49.11,50.11,78.42,44.54,-33.85,-2.27,33.95,37.18,33.17,0.04,-35,-33.85,-24.4,-15.32,38.65,,33.57,43.56,44.26,45.04,36.5,43.1,57.32,37.65,64.48,31.46,33.47,42.74,40.27,49.4,49.06,51.71,40.26,44.62,51.82,43.06,31.48,31.95,28.85,44.58,45.88,76.68,-38.83,-1.77,88.97,6.61,-6.79,4.34,-9.49,29.1,-11.76,-3.05,43.31,23.55,30.25,40.9,19.28,4.25,-22.14,-28.74,-24.51,-19.95,0,0,0,0
,,,,,,,,,,,,,,,,,,,,,,,,,,,,,,,,,,,,,,,,,,,,,,,,,,,,,,,,,,,,,,,,,,,,,,,,,,,,,
Inventory Turnover,3.98,3.98,4.08,3.87,3.85,5.13,4.3,4.08,3.4,3.62,4.14,4.33,4.2,2.75,2.99,5.01,6.69,6.06,6.31,6.25,7.32,7.98,10.03,10.21,11.74,4.03,,2.09,1.97,1.96,1.95,2.13,1.94,1.53,2.4,1.2,2.64,2.76,2.32,2.41,2.06,2.08,1.94,1.8,1.7,1.69,1.9,2.2,2.2,2.83,1.72,2.73,1.49,1.44,1.45,0.98,2.6,1,3.23,1.81,3.5,2.18,3.31,2.05,3.3,3.11,2.44,3.47,3.47,4.01,3.87,4.41,5.16,0,0,0,
COGS-to-Revenue,0.71,0.61,0.74,0.78,0.77,0.8,0.82,0.8,0.74,0.63,0.59,0.66,0.77,0.61,0.65,0.57,0.69,0.64,0.64,0.52,0.64,0.69,0.71,0.72,0.87,0.71,,0.71,0.71,0.57,0.66,0.7,0.8,0.75,0.8,0.64,0.85,0.82,0.78,0.84,0.81,0.81,0.79,0.78,0.72,0.65,0.61,0.56,0.63,0.76,0.53,0.83,0.69,0.42,0.99,0.52,0.77,0.33,0.77,0.51,0.85,0.51,0.8,0.66,0.62,0.5,0.55,0.61,0.66,0.68,0.7,0.72,0.7,0,0,0,0
Inventory-to-Revenue,0.178,0.154,0.182,0.2,0.2,0.156,0.191,0.196,0.219,0.174,0.143,0.152,0.184,0.222,0.218,0.114,0.104,0.106,0.101,0.083,0.087,0.086,0.07,0.071,0.074,0.176,,0.337,0.362,0.292,0.341,0.33,0.411,0.487,0.332,0.532,0.32,0.297,0.336,0.347,0.393,0.388,0.409,0.431,0.423,0.386,0.32,0.255,0.285,0.27,0.308,0.303,0.46,0.289,0.682,0.534,0.296,0.335,0.237,0.281,0.244,0.234,0.241,0.324,0.189,0.16,0.227,0.176,0.191,0.17,0.18,0.163,0.135,0.113,0.169,0.088,0
Capex-to-Revenue,0.26,0.16,0.2,0.17,0.2,0.17,0.17,0.17,0.28,0.32,0.24,0.18,0.27,0.33,0.33,0.3,0.29,0.27,0.2,0.15,0.15,0.14,0.1,0.08,0.08,0.255,,0.29,0.22,0.16,0.16,0.23,0.17,0.21,0.15,0.22,0.19,0.19,0.14,0.18,0.15,0.19,0.16,0.24,0.31,0.43,0.21,0.28,0.19,0.2,0.16,0.22,0.35,0.27,0.44,0.36,0.31,0.4,0.23,0.34,0.23,0.29,0.24,0.31,0.13,0.15,0.15,0.15,0.14,0.18,0.09,-0.3,0.51,0,0,0,0
Capex-to-Operating-Income,1.29,0.48,1.15,1.16,1.44,1.32,1.56,1.16,1.69,1.26,0.76,0.71,1.89,2.26,7.1,4.72,9.34,2.8,1.16,0.66,0.44,0.85,0.61,0.46,4.02,1.284,,1.68,0.97,0.43,0.58,1.04,1.39,1.23,1.09,1.02,2.07,1.74,0.96,2.06,1.22,1.31,1.03,1.46,1.89,2.14,0.72,0.83,0.66,0.74,0.68,1.02,17.82,0.98,0,0,2.09,0,1.3,0,2.66,4.51,1.82,1.62,0.79,0.71,0.6,0.43,0.44,1.19,0.52,-2.41,2.54,0,0,0,0
Capex-to-Operating-Cash-Flow,0.81,0.42,0.67,0.67,0.68,0.6,0.59,0.7,1.15,1.02,0.56,0.94,2.3,18.66,1.81,1.05,2.05,1.11,0.81,0.46,0.59,2.69,0.86,0.73,0,0.81,,0.75,0.92,0.38,0.51,0.62,0.77,0.53,0.91,0.42,1.22,0.61,0.59,0.57,0.61,0.85,0.58,0.79,1.68,1.32,0.72,0.59,0.51,1.28,0.66,4.48,1.53,0,3.7,3.29,1.22,2.04,0.63,7,1.07,1.04,1.23,1.1,0.57,0.31,1.13,0.39,1.37,1.56,0,-2.08,5.93,0,0,0,0
,,,,,,,,,,,,,,,,,,,,,,,,,,,,,,,,,,,,,,,,,,,,,,,,,,,,,,,,,,,,,,,,,,,,,,,,,,,,,
Income Statement,,,,,,,,,,,,,,,,,,,,,,,,,,,,,,,,,,,,,,,,,,,,,,,,,,,,,,,,,,,,,,,,,,,,,,,,,,,,,
Revenue,4029,4427,3525,3336,3394,4223,4015,4952,5172,6353,6570,5334,3784,3655,3048,2683,2485,2151,1670,1799,2041,2208,2205.2,2241,2649.3,4029,,2064,1965,2464,1963,1943,1582,1334,2002,1281,2113,2263,1960,1969,2046,2437,2515,2467,2705,3028,3325,3572,2998,2964,2370,2343,1441,2398,1257,1462,1586,1193,1490,1159,1326,1146,1005,679,991,1020,779,1020.8,1020.2,1137.38,1070.62,1116.4,1088.8,1072.2,1168.8,2246.7,402.6
Cost of Goods Sold,2857,2718,2621,2586,2607,3382,3301,3959,3853,3999,3893,3518,2928,2237,1987,1539,1723,1385,1069,938,1299,1523,1558.7,1624,2313.9,2857,,1457,1400,1413,1305,1362,1259,994,1592,819,1788,1851,1531,1646,1655,1962,1997,1913,1940,1978,2021,2009,1884,2264,1254,1937,991,998,1239,765,1222,399,1140,590,1133,584,801,451,618,508,430,624.5,674.5,777.597,745.403,800.2,758.5,0,0,0,0
Gross Profit,1172,1709,904,750,787,841,714,993,1319,2354,2677,1816,856,1418,1061,1144,762,766,601,861,742,685,646.5,617,335.4,1172,,607,565,1051,658,581,323,340,410,462,325,412,429,323,391,475,518,554,765,1050,1304,1563,1114,700,1116,406,450,1400,18,697,364,794,350,569,193,562,204,228,373,512,349,396.3,345.7,359.783,325.217,316.2,330.3,1072.2,1168.8,2246.7,402.6
Gross Margin %,29.09,38.6,25.65,22.48,23.19,19.91,17.78,20.05,25.5,37.05,40.75,34.05,22.62,38.8,34.81,42.64,30.66,35.61,35.99,47.86,36.35,31.02,29.32,27.53,12.66,29.09,,29.41,28.75,42.65,33.52,29.9,20.42,25.49,20.48,36.07,15.38,18.21,21.89,16.4,19.11,19.49,20.6,22.46,28.28,34.68,39.22,43.76,37.16,23.62,47.09,17.33,31.23,58.38,1.43,47.67,22.95,66.55,23.49,49.09,14.56,49.04,20.3,33.58,37.64,50.2,44.8,38.82,33.89,31.63,30.38,28.32,30.34,0,0,0,0
,,,,,,,,,,,,,,,,,,,,,,,,,,,,,,,,,,,,,,,,,,,,,,,,,,,,,,,,,,,,,,,,,,,,,,,,,,,,,
"Selling, General, & Admin. Expense",90,85,102,102,162,101,103,113,220,338,278,227,150,149,146,215,93,73,62,115,62,81,88.1,88,80.3,90,,50,40,43,42,51,51,55,47,116,46,63,38,50,53,57,56,86,134,203,135,143,135,102,125,57,93,81,68,74,72,163,52,39,54,26,47,6,56,84,31,30.2,31.8,45.2,35.8,68.7,19.4,0,0,0,0
Research & Development,0,0,0,0,0,0,0,0,0,0,0,0,0,0,16,16,44,44,0,1,2,8,7,5,0,0,,0,0,0,0,0,0,0,0,0,0,0,0,0,0,0,0,0,0,0,0,0,0,0,0,0,0,0,0,9,7,8,8,37,7,37,7,0,0,0,1,0.8,1.2,4.921,3.079,4,3,0,0,0,0
Other Operating Expense,283,165,191,151,157,201,183,149,250,423,337,228,167,741,756,741,549,445,247,333,-7,237,196.3,148,200.5,282,,200,82,82,83,109,82,56,95,67,90,101,100,101,82,74,75,61,189,244,179,203,134,-202,430,-162,329,669,72,703,53,711,30,534,15,425,20,92,155,212,121,1.6,-8.6,132.504,104.496,105.2,91.1,1865,0,2594.7,0
Total Operating Expense,373,250,293,253,319,302,286,262,470,761,615,455,317,890,918,972,686,562,309,449,57,326,291.4,241,280.8,372,,250,122,125,125,160,133,111,142,183,136,164,138,151,135,131,131,147,323,447,314,346,269,-100,555,-105,422,750,140,786,132,882,90,610,76,488,74,98,211,296,153,32.6,24.4,182.625,143.375,177.9,113.5,1865,0,2594.7,0
Operating Income,799,1459,611,497,468,539,428,731,849,1593,2062,1361,539,528,143,172,76,204,292,412,685,359,355.1,376,54.6,800,,357,443,926,533,421,190,229,268,279,189,248,291,172,256,344,387,407,442,603,990,1217,845,800,561,511,28,650,-122,-89,232,-88,260,-41,117,74,130,130,162,216,196,363.7,321.3,177.158,181.842,138.3,216.8,-792.8,1168.8,-348,402.6
Operating Margin %,19.8312,32.9569,17.3333,14.8981,13.789,12.7634,10.66,14.7617,16.4153,25.0748,31.3851,25.5156,14.2442,14.446,4.6916,6.4107,3.0584,9.484,17.485,22.9016,33.562,16.2591,16.1028,16.7782,2.0609,19.86,,17.2965,22.5445,37.5812,27.1523,21.6675,12.0101,17.1664,13.3866,21.7799,8.9446,10.9589,14.8469,8.7354,12.5122,14.1157,15.3877,16.4978,16.3401,19.9141,29.7744,34.0705,28.1855,26.9906,23.6709,21.8096,1.9431,27.1059,-9.7056,-6.0876,14.628,-7.3764,17.4497,-3.5375,8.8235,6.4572,12.9353,19.1458,16.3471,21.1765,25.1605,35.6289,31.4938,15.576,16.9847,12.388,19.9118,-73.9414,100,-15.4894,100
,,,,,,,,,,,,,,,,,,,,,,,,,,,,,,,,,,,,,,,,,,,,,,,,,,,,,,,,,,,,,,,,,,,,,,,,,,,,,
  Interest Income,58,27,14,8,8,22,28,24,39,43,52,68,170,75,47,32,0,0,0,0,0,0,0,0,0,58,,29,29,18,9,9,5,-1,9,0,8,11,11,14,14,12,12,22,17,7,36,30,22,32,36,110,60,51,24,0,0,0,0,0,0,0,0,0,0,0,0,0,0,0,0,0,0,0,0,0,0
  Interest Expense,-110,-154,-168,-156,-131,-170,-237,-25,-15,-174,-154,-119,-78,-72,-75,-77,0,0,0,0,0,0,0,0,0,-64,,-9,-55,-68,-86,-76,-92,-140,-16,-48,-83,-159,-11,-106,-131,116,-141,118,-133,-84,-90,-63,-91,-52,-67,-21,-57,-11,-61,0,0,0,0,0,0,0,0,0,0,0,0,0,0,0,0,0,0,0,0,0,0
Net Interest Income,-58,-150,-158,-160,-133,-158,-217,-252,-227,-154,-117,-77,53,3,-28,-45,0,0,0,0,0,0,0,0,0,-58,,-32,-26,-73,-77,-71,-87,-84,-76,-58,-75,-72,-86,-100,-117,-123,-129,-111,-116,-100,-54,-48,-69,-46,-31,50,3,40,-37,0,0,0,0,0,0,0,0,0,0,0,0,0,0,0,0,0,0,0,0,0,0
Other Income (Expense),217,280,166,108,-7,-112,46,-309,-2814,-178,425,-903,-1490,-904,-826,-223,-439,-229,49,6,-329,-120,116.3,69,110.8,216,,126,90,139,141,76,90,214,-106,260,-267,-19,-93,83,-37,-117,-192,247,-3061,-376,198,222,203,-467,-436,-1812,322,-883,-21,-883,29,184,-452,-454,15,-186,-43,35,14,-35,41,-159.3,-169.7,-112.26,-7.74,72.9,43.4,792.8,-1168.8,348,-402.6
Pretax Income,958,1589,619,445,328,269,257,170,-2192,1261,2370,381,-898,-373,-711,-96,-363,-25,341,418,356,239,471.4,445,165.4,958,,451,507,992,597,426,193,359,86,481,-153,157,112,155,102,104,66,543,-2735,127,1134,1391,979,287,94,-1251,353,-193,-180,-972,261,96,-192,-495,132,-112,87,165,176,181,237,204.4,151.6,64.898,174.102,211.2,260.2,0,0,0,0
Tax Provision,-312,-625,-250,-212,-163,-189,-211,-225,237,-346,-737,-255,33,-22,-118,-122,121,132,-143,-62,-111,-73,-37.2,-127,13.8,-312,,-178,-134,-417,-208,-188,-62,-169,-43,-151,-12,-138,-51,-96,-115,-110,-115,-560,797,93,-439,-453,-284,-149,-106,187,-154,24,-46,-6,-112,-92,-30,103,18,139,-7,-76,-67,25,-87,-65.2,-45.8,-24.021,-48.979,-44,6.8,0,0,0,0
Tax Rate %,32.57,39.33,40.39,47.64,49.7,70.26,82.1,132.35,10.81,27.44,31.1,66.93,3.67,-5.9,-16.6,-127.08,33.33,528,41.94,14.83,31.18,30.54,7.89,28.54,-8.34,32.57,,39.47,26.43,42.04,34.84,44.13,32.12,47.08,50,31.39,-7.84,87.9,45.54,61.94,112.75,105.77,174.24,103.13,29.14,-73.23,38.71,32.57,29.01,51.92,112.77,14.95,43.63,12.44,-25.56,-0.62,42.91,95.83,-15.63,20.81,-13.64,124.11,8.05,46.06,38.07,-13.81,36.71,31.9,30.21,37.01,28.13,20.83,-2.61,,,,
Net Income (Continuing Operations),646,964,369,233,165,80,46,-55,-1955,915,1633,166,-777,-544,-788,-119,-226,108,252,356,245,166,434.2,318,179.2,646,,273,373,575,389,238,131,190,43,330,-165,19,61,59,-13,-6,-49,-17,-1938,201,714,910,723,139,27,-1020,243,-318,-226,-919,131,121,-240,-364,138,36,72,152,100,206,150,139.2,105.8,40.877,125.123,167.2,267,120.6,197.4,154.2,25
Net Income (Discontinued Operations),0,7,-376,-83,-336,0,-116,16,-245,0,0,0,0,23,2,6,-44,-11,-2,0,0,0,0,0,0,0,,0,0,-32,39,-361,-15,0,0,0,0,0,0,4,-120,-5,21,0,0,0,0,0,0,0,0,0,0,-1,24,3,-1,-10,16,-23,-21,-3,-8,0,0,0,0,0,0,0,0,0,0,0,0,0,0
  Other Income (Minority Interest),-24,-18,0,-17,0,-17,-15,-19,-30,-18,-46,-54,-48,-42,-28,-29,-23,-22,-17,-16,-8,-12,-4.7,0,15.4,-24,,-13,-11,-11,-7,0,-2,0,0,0,0,-8,-9,-5,-10,-6,-13,-42,12,-5,-13,-26,-20,-31,-23,-35,-13,-15,-27,-11,-17,-13,-16,-11,-12,-14,-8,-8,-9,-10,-6,-4.3,-3.7,-8.438,-3.562,-2.7,-2,0,0,0,0
Net Income,646,971,-7,150,-171,63,-70,-58,-2230,897,1587,112,-825,-563,-814,-142,-292,97,247,356,245,166,434.2,318,179.2,622,,260,362,550,421,-121,114,107,43,-6,-165,11,52,73,-143,-17,-41,-304,-1926,196,701,884,703,108,4,-1055,230,-334,-229,-944,130,82,-224,-409,117,33,64,150,97,206,150,139.2,105.8,40.877,125.123,167.2,267,120.6,197.4,154.2,25
Net Margin %,16.0338,21.9336,-0.1986,4.4964,-5.0383,1.4918,-1.7435,-1.1712,-43.1168,14.1193,24.1553,2.0997,-21.8023,-15.4036,-26.706,-5.2926,-11.7505,4.5095,14.7904,19.7888,12.0039,7.5181,19.6898,14.1901,6.7641,15.44,,12.5969,18.4224,22.3214,21.4468,-6.2275,7.2061,8.021,2.1479,-0.4684,-7.8088,0.4861,2.6531,3.7075,-6.9892,-0.6976,-1.6302,-12.3227,-71.2015,6.4729,21.0827,24.748,23.449,3.6437,0.1688,-45.0277,15.9611,-13.9283,-18.218,-64.5691,8.1967,6.8734,-15.0336,-35.289,8.8235,2.8796,6.3682,22.0913,9.7881,20.1961,19.2555,13.6364,10.3705,3.594,11.687,14.9767,24.5224,11.2479,16.8891,6.8634,6.2096
,,,,,,,,,,,,,,,,,,,,,,,,,,,,,,,,,,,,,,,,,,,,,,,,,,,,,,,,,,,,,,,,,,,,,,,,,,,,,
Preferred Dividends,0,0,0,0,0,0,0,0,0,0,0,0,0,0,0,0,0,0,0,0,0,0,0,0,4.7,0,,0,0,0,0,0,0,0,0,0,0,0,0,0,0,0,0,0,0,0,0,0,0,0,0,0,0,0,0,0,0,0,0,0,0,0,0,0,0,0,0,0,0,0,0,0,0,0,0,0,0
EPS (Basic),1.48,2.27,-0.03,0.32,-0.46,0.15,-0.2,-0.14,-5.68,2.32,4.11,0.3,-2.3,-1.79,-2.92,-0.52,-1.1,0.39,1.11,1.6,-0.81,0.78,2.2,1.62,0.92,1.48,,0.62,0.86,1.27,1,-0.3,0.27,0.24,0.08,-0.03,-0.43,0.02,0.13,0.15,-0.35,-0.04,-0.1,-0.71,-4.97,0.5,1.82,2.28,1.83,0.28,0.02,-2.95,0.65,-0.98,-0.81,-3.39,0.47,0.37,-0.89,-1.54,0.44,0.12,0.27,0.65,0.46,0.925,0.675,-1.305,0.495,0.19,0.59,0.83,1.37,0.61,1.01,0.34,0.58
EPS (Diluted),1.48,2.27,-0.03,0.32,-0.46,0.15,-0.2,-0.14,-6.31,1.77,3.55,0.3,-2.3,-1.79,-2.92,-0.52,-1.1,0.39,1.11,1.6,-0.81,0.77,2.04,1.42,0.87,1.48,,0.62,0.86,1.27,1,-0.3,0.27,0.24,0.08,-0.03,-0.43,0.02,0.13,0.15,-0.35,-0.04,-0.1,-0.83,-5.48,0.41,1.36,2.18,1.37,0.28,0.02,-2.94,0.64,-0.98,-0.81,-3.38,0.46,0.37,-0.89,-1.54,0.44,0.13,0.26,0.65,0.46,0.925,0.675,-1.305,0.495,0.18,0.59,0.67,1.37,0.41,1.01,0.29,0.58
Shares Outstanding (Diluted Average),420.057,419.481,418.35,417.379,415.44,414.706,409.607,407.729,405.547,422.131,421.058,373.44,361.228,313.158,277.337,272.613,264.636,259.139,223.818,221.884,214.336,217.16,213.229,223.944,43.103,420.057,,420.057,419.054,419.481,418.349,418.35,417.075,419.288,415.471,418.157,412.723,416.962,412.451,409.607,407.553,407.729,406.148,405.547,405.376,422.131,424.237,421.058,420.269,373.44,363.478,361.228,355.496,313.158,282.467,277.337,265.146,272.613,269.632,264.636,265.07,259.139,248.696,223.818,222.738,221.884,222.115,214.336,214.083,217.16,214.029,213.229,194.891,223.944,195.446,43.103,43.103
,,,,,,,,,,,,,,,,,,,,,,,,,,,,,,,,,,,,,,,,,,,,,,,,,,,,,,,,,,,,,,,,,,,,,,,,,,,,,
EBIT,1068,1743,787,601,459,439,494,195,-2177,1435,2524,500,-820,-301,-636,-19,76,204,292,412,685,359,355.1,376,54.6,1022,,460,562,1060,683,502,285,499,102,529,-70,316,123,261,233,-12,207,425,-2602,211,1224,1454,1070,339,161,-1230,410,-182,-119,-868,232,-279,260,-41,117,74,130,130,162,216,196,363.7,321.3,177.158,181.842,138.3,216.8,-792.8,1168.8,-348,402.6
"Depreciation, Depletion and Amortization",477,570,583,558,690,809,777,783,778,835,827,720,615,615,655,699,593,445,247,333,371,237,196.3,148,200.5,477,,264,213,293,277,317,266,261,297,298,392,446,363,406,371,411,372,350,428,450,385,440,387,384,336,330,285,336,279,380,275,412,287,348,245,272,173,92,155,212,121,245.3,125.7,132.504,104.496,105.2,91.1,0,0,0,0
EBITDA,1545,2313,1370,1159,1149,1248,1271,978,-1399,2270,3351,1220,-205,314,19,680,669,649,539,745,1056,596,551.4,524,255.1,1499,,724,775,1353,960,819,551,760,399,827,322,762,486,667,604,399,579,775,-2174,661,1609,1894,1457,723,497,-900,695,154,160,-488,507,133,547,307,362,346,303,222,317,428,317,609,447,309.662,286.338,243.5,307.9,-644.8,1168.8,-147.5,402.6
EBITDA Margin %,38.347,52.2476,38.8652,34.7422,33.8539,29.5525,31.6563,19.7496,-27.0495,35.7312,51.0046,22.8721,-5.4175,8.591,0.6234,25.3448,26.9215,30.172,32.2754,41.4119,51.7393,26.9928,25.0045,23.3824,9.629,37.21,,35.0775,39.4402,54.9107,48.9047,42.1513,34.8293,56.9715,19.9301,64.5589,15.239,33.6721,24.7959,33.8751,29.521,16.3726,23.0219,31.4147,-80.3697,21.8296,48.391,53.0235,48.5991,24.3927,20.9705,-38.4123,48.2304,6.422,12.7287,-33.3789,31.9672,11.1484,36.7114,26.4884,27.3002,30.192,30.1493,32.6951,31.9879,41.9608,40.6932,59.6591,43.8149,27.2259,26.7451,21.8112,28.2788,-60.138,100,-6.5652,100
,,,,,,,,,,,,,,,,,,,,,,,,,,,,,,,,,,,,,,,,,,,,,,,,,,,,,,,,,,,,,,,,,,,,,,,,,,,,,
Balance Sheet,,,,,,,,,,,,,,,,,,,,,,,,,,,,,,,,,,,,,,,,,,,,,,,,,,,,,,,,,,,,,,,,,,,,,,,,,,,,,
  Cash and Cash Equivalents,1154,1330,456,329,205,215,484,468,648,892,1112,575,1100,575,477,471,196,276,505,413,191,195,492.5,254,239.1,1154,,1154,1081,1330,1292,456,342,329,215,205,164,215,470,484,459,468,604,648,415,892,987,1112,839,575,866,1100,2305,575,500,477,398,471,343,196,275,276,555,505,311,413,338,191,149.4,195,309.385,492.5,484.3,254,0,239.1,0
  Marketable Securities,0,0,10,6,7,5,1,0,1,0,0,0,0,0,0,0,0,0,0,0,243,0,0,0,0,0,,0,0,0,0,10,7,6,6,7,7,5,3,1,2,0,0,1,0,0,0,0,0,0,0,0,0,0,0,0,0,0,0,0,0,0,0,0,0,0,270,243,0,0,0,0,0,0,0,0,0
"Cash, Cash Equivalents, Marketable Securities",1154,1330,466,335,212,220,485,468,649,892,1112,575,1100,575,477,471,196,276,505,413,434,195,492.5,254,239.1,1154,,1154,1081,1330,1292,466,349,335,221,212,171,220,473,485,461,468,604,649,415,892,987,1112,839,575,866,1100,2305,575,500,477,398,471,343,196,275,276,555,505,311,413,608,434,149.4,195,309.385,492.5,484.3,254,0,239.1,0
  Accounts Receivable,50,56,47,33,27,35,34,65,73,149,46,53,45,39,35,40,97,100,47,48,45,0,0,0,0,260,,260,277,56,248,47,228,33,252,27,287,35,240,34,207,65,356,73,43,149,49,46,77,53,45,45,458,39,243,35,219,40,230,97,303,100,80,47,203,48,248,45,163.3,0,0,0,0,0,0,0,0
  Notes Receivable,0,0,0,0,0,0,0,0,0,0,0,0,0,0,0,0,0,0,0,0,0,0,0,0,0,0,,0,0,0,0,0,0,0,0,0,0,0,0,0,0,0,0,0,0,0,0,0,0,0,0,0,0,0,0,0,0,0,0,0,0,0,0,0,0,0,0,0,0,0,0,0,0,0,0,0,0
  Loans Receivable,0,0,0,0,0,0,0,0,0,0,0,0,0,0,0,0,0,0,0,0,0,0,0,0,0,,,0,0,0,0,0,0,0,0,0,0,0,0,0,0,0,0,0,0,0,0,0,0,0,0,0,0,0,0,0,0,0,0,0,0,0,0,0,0,0,0,0,0,0,0,0,0,0,0,0,0
  Other Current Receivables,219,173,189,167,160,170,159,239,296,384,270,238,206,224,205,160,884,736,602,488,85,229,222.9,145,125.6,260,,260,277,173,248,189,228,167,252,160,287,170,240,159,207,239,356,296,477,384,452,270,299,238,209,206,458,224,243,205,219,160,230,884,303,736,663,602,203,488,248,85,163.3,229,234.047,222.9,165.7,145,0,125.6,0
Total Receivables,219,173,189,167,160,170,159,239,296,384,270,238,206,224,205,160,884,736,602,488,85,229,222.9,145,125.6,260,,260,277,173,248,189,228,167,252,160,287,170,240,159,207,239,356,296,477,384,452,270,299,238,209,206,458,224,243,205,219,160,230,884,303,736,663,602,203,488,248,85,163.3,229,234.047,222.9,165.7,145,0,125.6,0
"  Inventories, Raw Materials & Components",624,645,538,551,561,531,548,747,865,972,789,91,553,495,453,0,0,0,0,0,0,0,0,0,0,624,,624,0,645,0,538,0,551,0,561,0,531,0,548,0,747,0,865,131,972,92,789,667,91,556,553,0,495,0,453,0,0,0,0,0,0,0,0,0,0,0,0,0,0,0,0,0,0,0,0,0
"  Inventories, Work In Process",49,46,51,44,58,77,65,78,93,139,91,0,115,118,133,111,93,0,0,0,0,0,0,0,0,49,,49,0,46,0,51,0,44,0,58,0,77,0,65,0,78,0,93,0,139,0,91,187,0,151,115,0,118,0,133,0,111,0,93,0,0,0,0,0,0,0,0,0,0,0,0,0,0,0,0,0
"  Inventories, Inventories Adjustments",0,0,0,0,0,0,0,0,0,0,0,0,0,0,0,-46,-37,-105,-108,-79,0,0,0,0,0,,,0,0,0,0,0,0,0,0,0,0,0,0,0,0,0,0,0,0,0,0,0,-93,0,-73,0,0,0,0,0,0,-46,0,-37,0,-105,-124,-108,0,-79,0,0,0,0,0,0,0,0,0,0,0
"  Inventories, Finished Goods",30,42,43,57,64,64,33,63,95,102,118,0,75,37,35,0,0,0,0,0,0,0,0,0,0,30,,30,0,42,0,43,0,57,0,64,0,64,0,33,0,63,0,95,0,102,0,118,65,0,84,75,0,37,0,35,0,0,0,0,0,0,0,0,0,0,0,0,0,0,0,0,0,0,0,0,0
"  Inventories, Other",0,0,0,0,0,0,0,0,0,0,0,792,0,0,355,289,204,360,310,216,163,192,189.9,121,197.1,0,,0,690,0,707,0,649,0,646,0,681,0,671,0,721,0,1002,0,942,0,1035,0,0,792,0,0,676,0,738,355,586,289,445,204,392,360,406,310,238,216,190,163,197.1,192,195.374,189.9,173.1,121,0,197.1,0
Total Inventories,703,733,632,652,683,672,646,888,1053,1213,998,883,743,650,976,354,260,255,202,137,163,192,189.9,121,197.1,703,,703,690,733,707,632,649,652,646,683,681,672,671,646,721,888,1002,1053,1073,1213,1127,998,826,883,718,743,676,650,738,976,586,354,445,260,392,255,282,202,238,137,190,163,197.1,192,195.374,189.9,173.1,121,0,197.1,0
Other Current Assets,67,98,695,73,438,104,60,54,119,123,120,301,709,1498,455,891,61,150,101,0,80,21,21.3,22,0,26,,26,29,98,580,695,17,73,19,438,19,104,22,60,22,54,18,119,232,123,101,120,218,301,678,709,524,1498,683,455,506,891,836,61,457,150,102,101,270,0,0,80,160.7,21,18.18,21.3,21.2,22,0,0,0
Total Current Assets,2143,2334,1982,1227,1493,1166,1350,1649,2117,2612,2500,1997,2758,2947,2113,1876,1401,1417,1410,1038,762,637,926.6,542,561.8,2143,,2143,2077,2334,2827,1982,1243,1227,1138,1493,1158,1166,1406,1350,1411,1649,1980,2117,2197,2612,2667,2500,2182,1997,2471,2758,3963,2947,2164,2113,1709,1876,1854,1401,1427,1417,1602,1410,1022,1038,1046,762,670.5,637,756.984,926.6,844.3,542,0,561.8,0
Investments And Advances,1764,1839,1657,1669,1638,1573,1556,1553,1458,1214,877,848,0,0,0,0,0,0,0,0,0,0,0,0,0,1764,,1764,1844,1839,1781,1657,1709,1669,1654,1638,1603,1573,1617,1556,1584,1553,1492,1458,1256,1214,1005,877,0,848,829,0,340,0,0,0,0,0,0,0,0,0,0,0,0,0,0,0,0,0,0,0,0,0,0,0,0
    Land And Improvements,0,0,0,0,0,0,78,88,83,80,72,37,30,25,28,0,0,24,2381,1942,14,0,0,0,0,0,,0,0,0,0,0,0,0,0,0,0,0,0,78,0,88,0,83,0,80,0,72,0,37,0,30,0,25,0,28,0,0,0,0,0,24,0,2381,0,1942,0,14,0,0,0,0,0,0,0,0,0
    Buildings And Improvements,0,0,0,0,0,0,0,0,0,0,0,0,2957,2497,2729,0,0,0,0,0,1185,0,0,0,0,0,,0,0,0,0,0,0,0,0,0,0,0,0,0,0,0,0,0,0,0,0,0,0,0,0,2957,0,2497,0,2729,0,0,0,0,0,0,0,0,0,0,0,1185,0,0,0,0,0,0,0,0,0
"    Machinery, Furniture, Equipment",0,0,0,0,0,0,0,0,0,0,0,0,0,0,0,0,0,0,0,0,0,0,0,0,0,0,,0,0,0,0,0,0,0,0,0,0,0,0,0,0,0,0,0,0,0,0,0,0,0,0,0,0,0,0,0,0,0,0,0,0,0,0,0,0,0,0,0,0,0,0,0,0,0,0,0,0
    Construction In Progress,866,533,405,512,490,450,356,757,749,1084,531,502,251,229,0,0,0,0,2112,1617,1863,0,0,0,0,866,,866,0,533,0,405,0,512,0,490,0,450,0,356,0,757,0,749,0,1084,0,531,0,502,0,251,0,229,0,0,0,0,0,0,0,0,0,2112,0,1617,0,1863,0,0,0,0,0,0,0,0,0
    Other Gross PPE,9068,8844,9964,10855,10924,11525,11633,13600,13366,13791,12119,13066,6657,6389,8633,8010,5027,8277,1633,1239,250,4245,4566.5,3068,3628.5,2769,,2769,3277,8844,2805,9964,3553,10855,3478,10924,4105,11525,4072,11633,4453,13600,4955,13366,5656,13791,7160,12119,6860,13066,6235,6657,4813,6389,10551,8633,10056,8010,5768,5027,8032,8277,8913,1633,4324,1239,3220,250,4012.6,4245,4217.362,4566.5,3482.4,3068,0,3628.5,0
"  Gross Property, Plant and Equipment",9934,9377,10369,11367,11414,11975,12067,14445,14198,14955,12722,13605,9895,9140,11390,8010,5027,8301,6126,4798,3312,4245,4566.5,3068,3628.5,3635,,3635,3277,9377,2805,10369,3553,11367,3478,11414,4105,11975,4072,12067,4453,14445,4955,14198,5656,14955,7160,12722,6860,13605,6235,9895,4813,9140,10551,11390,10056,8010,5768,5027,8032,8301,8913,6126,4324,4798,3220,3312,4012.6,4245,4217.362,4566.5,3482.4,3068,0,3628.5,0
  Accumulated Depreciation,-6298,-6351,-7619,-7986,-7672,-7864,-8009,-9582,-9383,-7179,-6177,-6843,-4441,-3561,-4583,-3033,0,-1647,-2635,-1881,-1255,-1584,-1665.1,-1086,-1320.5,-6298,,-6298,0,-6351,0,-7619,0,-7986,0,-7672,0,-7864,0,-8009,0,-9582,0,-9383,0,-7179,0,-6177,0,-6843,0,-4441,0,-3561,-3689,-4583,-3706,-3033,0,0,-2417,-1647,-2635,-2635,-1881,-1881,-1255,-1255,-1584,-1584,-1665.1,-1665.1,-1041,-1086,0,-1320.5,0
"Property, Plant and Equipment",3636,3026,2750,3381,3742,4111,4058,4863,4815,7776,6545,6762,5454,5579,6807,4977,5027,6654,3491,2917,2057,2661,2901.4,1982,2308,3635,,3635,3277,3026,2805,2750,3553,3381,3478,3742,4105,4111,4072,4058,4453,4863,4955,4815,5656,7776,7160,6545,6860,6762,6235,5454,4813,5579,6862,6807,6350,4977,5768,5027,5615,6654,6278,3491,2443,2917,1965,2057,2428.6,2661,2552.262,2901.4,2441.4,1982,0,2308,0
Intangible Assets,122,131,123,123,138,145,161,225,267,315,210,197,180,152,591,566,550,591,410,345,389,403,221.7,0,0,122,,122,127,131,120,123,121,123,131,138,150,145,151,161,188,225,270,267,266,315,237,210,204,197,170,180,164,152,466,591,433,566,402,550,408,591,391,410,398,345,395,389,373.3,403,275.564,221.7,144.6,0,0,0,0
  Goodwill,119,126,116,116,127,126,126,142,154,195,179,180,162,132,569,566,550,543,0,0,0,0,0,0,0,119,,119,0,126,0,116,0,116,0,127,0,126,0,126,0,142,0,154,0,195,0,179,0,180,0,162,0,132,0,569,0,566,0,550,0,543,0,0,0,0,0,0,0,0,0,0,0,0,0,0,0
Other Long Term Assets,302,342,351,243,208,158,159,844,1017,822,617,584,2270,773,870,2094,2135,734,271,277,91,124,120.8,249,242.9,303,,303,340,342,341,351,281,243,203,208,164,158,187,159,1181,844,904,1017,803,822,614,617,1515,584,564,2270,550,773,749,870,669,2094,483,2135,380,734,265,271,243,277,103,91,95.9,124,106.754,120.8,63.6,249,0,242.9,0
Total Long-Term Assets,5824,5338,4881,5416,5726,5987,5934,7485,7557,10127,8249,8391,7904,6504,8268,7637,7712,7979,4172,3539,2537,3188,3243.9,2231,2550.9,5824,,5824,5588,5338,5047,4881,5664,5416,5466,5726,6022,5987,6027,5934,7406,7485,7621,7557,7981,10127,9016,8249,8579,8391,7798,7904,5867,6504,8077,8268,7452,7637,6653,7712,6403,7979,6934,4172,3084,3539,2463,2537,2897.8,3188,2934.58,3243.9,2649.6,2231,0,2550.9,0
Total Assets,7967,7672,6863,6643,7219,7153,7284,9134,9674,12739,10749,10388,10662,9451,10381,9513,9113,9396,5582,4577,3299,3825,4170.5,2773,3112.7,7967,,7967,7665,7672,7874,6863,6907,6643,6604,7219,7180,7153,7433,7284,8817,9134,9601,9674,10178,12739,11683,10749,10761,10388,10269,10662,9830,9451,10241,10381,9161,9513,8507,9113,7830,9396,8536,5582,4106,4577,3509,3299,3568.3,3825,3691.564,4170.5,3493.9,2773,0,3112.7,0
,,,,,,,,,,,,,,,,,,,,,,,,,,,,,,,,,,,,,,,,,,,,,,,,,,,,,,,,,,,,,,,,,,,,,,,,,,,,,
  Accounts Payable,406,403,365,350,358,381,306,397,487,590,473,404,340,314,396,498,480,193,101,81,97,315,359,241,294.2,647,,647,589,403,526,365,564,350,536,358,628,381,508,306,536,397,777,487,885,590,756,473,727,404,556,340,521,314,1616,396,553,498,421,480,437,193,511,101,291,81,225,97,258.6,315,261.08,359,218.9,241,0,294.2,0
  Total Tax Payable,39,153,72,60,53,111,91,66,81,120,158,134,42,28,59,0,0,0,0,0,0,0,0,0,0,39,,39,35,153,105,72,43,60,36,53,54,111,66,91,58,66,82,81,58,120,165,158,85,134,30,42,142,28,0,59,0,0,0,0,0,0,0,0,0,0,0,0,0,0,0,0,0,0,0,0,0
  Other Current Payables,5,3,1,29,30,28,23,37,39,61,15,0,0,0,0,0,0,0,0,0,0,0,0,0,0,,,0,0,3,0,1,0,29,0,30,0,28,0,23,0,37,0,39,0,61,0,15,0,0,0,0,0,0,0,0,0,0,0,0,0,0,0,0,0,0,0,0,0,0,0,0,0,0,0,0,0
  Current Accrued Expense,205,191,167,186,228,206,187,261,294,325,257,292,0,0,0,0,0,0,13,6,45,0,0,0,0,,,0,0,191,0,167,0,186,0,228,0,206,0,187,0,261,0,294,0,325,0,257,0,292,0,0,0,0,0,0,0,0,0,0,0,0,0,13,0,6,0,45,0,0,0,0,0,0,0,0,0
Accounts Payable & Accrued Expense,655,750,605,625,669,726,607,761,901,1096,903,830,382,342,455,498,480,193,114,87,142,315,359,241,294.2,686,,686,624,750,631,605,607,625,572,669,682,726,574,607,594,761,859,901,943,1096,921,903,812,830,586,382,663,342,1616,455,553,498,421,480,437,193,511,114,291,87,225,142,258.6,315,261.08,359,218.9,241,0,294.2,0
  Short-Term Debt,51,142,734,139,38,34,100,223,278,859,32,135,1292,1067,319,33,160,315,351,84,637,430,130.3,42,0.7,51,,51,203,142,136,734,731,139,47,38,54,34,608,100,79,223,191,278,1315,859,32,32,30,135,24,1292,1018,1067,1290,319,293,33,65,160,171,315,341,351,340,84,113,637,474.8,430,114.553,130.3,94,42,0,0.7,0
  Short-Term Capital Lease Obligation,61,37,45,0,0,0,0,0,0,0,0,0,0,0,0,0,0,0,0,0,0,0,0,0,0,61,,61,52,37,38,45,49,0,0,0,0,0,0,0,0,0,0,0,0,0,0,0,0,0,0,0,0,0,0,0,0,0,0,0,0,0,0,0,0,0,0,0,0,0,0,0,0,0,0,0,0
Short-Term Debt & Capital Lease Obligation,112,179,779,139,38,34,100,223,278,859,32,135,1292,1067,319,33,160,315,351,84,637,430,130.3,42,0.7,112,,112,255,179,174,779,780,139,47,38,54,34,608,100,79,223,191,278,1315,859,32,32,30,135,24,1292,1018,1067,1290,319,293,33,65,160,171,315,341,351,340,84,113,637,474.8,430,114.553,130.3,94,42,0,0.7,0
  Current Deferred Revenue,0,0,0,0,0,0,0,0,0,3,6,10,0,0,0,0,0,0,0,0,0,0,0,0,0,0,,0,0,0,0,0,0,0,0,0,0,0,0,0,0,0,0,0,0,3,0,6,0,10,0,0,0,0,0,0,0,0,0,0,0,0,0,0,0,0,0,0,0,0,0,0,0,0,0,0,0
  Current Deferred Taxes Liabilities,0,0,0,0,0,0,0,0,0,0,0,12,0,0,0,0,0,0,0,0,0,0,0,0,0,0,,0,0,0,0,0,0,0,0,0,0,0,0,0,0,0,0,0,0,0,0,0,0,12,0,0,0,0,0,0,0,0,0,0,0,0,0,0,0,0,0,0,0,0,0,0,0,0,0,0,0
Deferred Tax And Revenue,0,0,0,0,0,0,0,0,0,3,6,22,0,0,0,0,0,0,0,0,0,0,0,0,0,0,,0,0,0,0,0,0,0,0,0,0,0,0,0,0,0,0,0,0,3,0,6,0,22,0,0,0,0,0,0,0,0,0,0,0,0,0,0,0,0,0,0,0,0,0,0,0,0,0,0,0
Other Current Liabilities,31,30,53,29,22,0,0,0,57,0,0,17,2801,2049,3021,1936,1234,961,737,628,522,37,254.1,193,160.9,0,,0,0,30,263,53,0,29,0,22,0,0,0,0,199,0,0,57,55,0,0,0,0,17,2585,2801,1687,2049,2481,3021,1867,1936,1936,1234,578,961,453,737,333,628,628,522,77.2,37,29.481,254.1,201,193,0,160.9,0
Total Current Liabilities,798,959,1437,793,729,760,707,984,1236,1958,941,1004,4475,3458,3795,2467,1874,1469,1202,799,1301,782,743.4,476,455.8,798,,798,879,959,1068,1437,1387,793,619,729,736,760,1182,707,872,984,1050,1236,2313,1958,953,941,842,1004,3195,4475,3368,3458,5387,3795,2713,2467,2422,1874,1186,1469,1305,1202,964,799,966,1301,810.6,782,405.114,743.4,513.9,476,0,455.8,0
  Long-Term Debt,1858,1789,1299,1911,2230,2144,2637,3498,3633,2724,2456,2602,667,873,1564,1472,1779,1371,807,842,350,726,698,142,142,1858,,1858,1726,1789,2592,1299,1324,1911,2004,2230,2312,2144,2046,2637,3651,3498,3619,3633,2233,2724,2520,2456,2470,2602,1668,667,1668,873,943,1564,1325,1472,1312,1779,1571,1371,1376,807,551,842,732,350,524.5,726,664.992,698,730.9,142,0,142,0
  Long-Term Capital Lease Obligation,124,116,126,0,0,0,0,0,0,0,0,0,0,0,0,0,0,0,0,0,0,0,0,0,0,124,,124,124,116,119,126,145,0,0,0,0,0,0,0,0,0,0,0,0,0,0,0,0,0,0,0,0,0,0,0,0,0,0,0,0,0,0,0,0,0,0,0,0,0,0,0,0,0,0,0,0
Long-Term Debt & Capital Lease Obligation,1982,1905,1425,1911,2230,2144,2637,3498,3633,2724,2456,2602,667,873,1564,1472,1779,1371,807,842,350,726,698,142,142,1982,,1982,1850,1905,2711,1425,1469,1911,2004,2230,2312,2144,2046,2637,3651,3498,3619,3633,2233,2724,2520,2456,2470,2602,1668,667,1668,873,943,1564,1325,1472,1312,1779,1571,1371,1376,807,551,842,732,350,524.5,726,664.992,698,730.9,142,0,142,0
Debt-to-Equity,0.522,0.564,0.835,0.773,0.852,0.802,1.126,1.308,1.27,0.655,0.499,0.613,0.591,0.584,0.738,0.455,0.613,0.438,0.559,0.509,0.884,0.796,0.495,0.154,0.106,0.522,,0.522,0.552,0.564,0.958,0.835,0.818,0.773,0.787,0.852,0.909,0.802,1.009,1.126,1.419,1.308,1.244,1.27,0.994,0.655,0.441,0.499,0.489,0.613,0.514,0.591,0.864,0.584,1.098,0.738,0.511,0.455,0.518,0.613,0.57,0.438,0.492,0.559,0.549,0.509,0.65,0.884,0.695,0.796,0.471,0.495,0.653,0.154,9999,0.106,9999
Pension And Retirement Benefit,77,83,100,100,122,118,107,147,152,221,195,180,0,0,180,0,0,0,0,0,0,0,0,0,0,77,,77,85,83,79,100,102,100,111,122,125,118,112,107,140,147,150,152,153,221,206,195,0,180,0,0,166,0,0,180,0,0,0,0,0,0,0,0,0,0,0,0,0,0,0,0,0,0,0,0,0
NonCurrent Deferred Liabilities,313,246,241,315,363,496,514,567,579,1085,1151,1259,1171,1008,1345,1275,1152,1518,845,561,286,553,710.9,733,925.7,313,,313,267,246,241,241,293,315,359,363,423,496,494,514,556,567,607,579,867,1085,1363,1151,1238,1259,1145,1171,782,1008,0,1345,1115,1275,1013,1152,1231,1518,1629,845,528,561,282,286,499.1,553,629.764,710.9,664.8,733,0,925.7,0
Other Long-Term Liabilities,736,739,984,830,1071,881,852,1067,967,1257,886,754,904,706,882,930,1085,1133,605,515,215,283,318.5,231,242.2,736,,736,722,739,727,984,876,830,870,1071,951,881,929,852,937,1067,1074,967,1048,1257,795,886,962,754,848,904,634,706,1797,882,775,930,1041,1085,728,1133,681,605,400,515,198,215,266.6,283,308.243,318.5,293.4,231,0,242.2,0
Total Long-Term Liabilities,3108,2973,2750,3156,3786,3639,4110,5279,5331,5287,4688,4795,2742,2587,3971,3677,4016,4022,2257,1918,851,1562,1727.4,1106,1309.9,3108,,3108,2924,2973,3758,2750,2740,3156,3344,3786,3811,3639,3581,4110,5284,5279,5450,5331,4301,5287,4884,4688,4670,4795,3661,2742,3250,2587,2740,3971,3215,3677,3366,4016,3530,4022,3686,2257,1479,1918,1212,851,1290.2,1562,1602.999,1727.4,1689.1,1106,0,1309.9,0
Total Liabilities,3906,3932,4187,3949,4515,4399,4817,6263,6567,7245,5629,5799,7217,6045,7766,6144,5890,5491,3459,2717,2152,2344,2470.8,1582,1765.7,3906,,3906,3803,3932,4826,4187,4127,3949,3963,4515,4547,4399,4763,4817,6156,6263,6500,6567,6614,7245,5837,5629,5512,5799,6856,7217,6618,6045,8127,7766,5928,6144,5788,5890,4716,5491,4991,3459,2443,2717,2178,2152,2100.8,2344,2008.113,2470.8,2203,1582,,1765.7,
,,,,,,,,,,,,,,,,,,,,,,,,,,,,,,,,,,,,,,,,,,,,,,,,,,,,,,,,,,,,,,,,,,,,,,,,,,,,,
Common Stock,7223,7214,7199,7171,7134,7108,7066,0,0,0,0,13,12,12,10,10,10,10,9,9,4,7,0,0,0,7223,,7223,7221,7214,7211,7199,7192,7171,0,7134,0,7108,0,7066,0,0,0,0,13,0,13,0,13,13,12,12,5508,12,0,10,3169,10,3088,10,12,10,11,9,0,9,0,4,0,7,0,0,872.9,0,0,0,0
Preferred Stock,0,0,0,0,0,0,0,0,0,0,0,0,0,0,0,0,0,0,0,0,0,0,0,0,0,0,,0,0,0,0,0,0,0,0,0,0,0,0,0,0,0,0,0,0,0,0,0,0,0,0,0,0,0,0,0,0,0,0,0,0,0,0,0,0,0,0,0,0,0,0,0,0,0,0,0,0
Retained Earnings,-3214,0,0,0,0,0,0,0,0,0,0,-3869,-3914,-3044,-2440,-1476,-1143,-702,-616,-567,262,340,367.9,262,248.5,-3214,,-3214,0,0,0,0,0,0,0,0,0,0,0,0,0,0,0,0,-4016,0,-2163,0,-3209,-3869,-3945,-3914,-2398,-3044,-1350,-2440,-5,-1476,-312,-1143,324,-702,-893,-616,-634,-567,412,262,314.9,340,458.345,367.9,364.1,262,0,248.5,0
Accumulated other comprehensive income (loss),-3214,-3519,-4559,-4519,-4471,-4393,-4636,-4196,-3927,-1269,-1706,-348,-617,-1148,-625,-765,-676,-423,-737,-1025,174,63,29.5,29,0,-3214,,-3214,-3406,-3519,-4199,-4559,-4444,-4519,-4552,-4471,-4522,-4393,-4473,-4636,-4430,-4196,-3969,-3927,-1250,-1269,-839,-1706,-437,-348,-679,-617,0,-1148,511,-625,0,-765,-116,-676,-113,-423,-583,-737,2256,-1025,888,174,130.5,63,34.832,29.5,25.7,29,0,0,0
Additional Paid-In Capital,0,0,0,0,0,0,0,7041,7006,6742,6689,8670,7836,7502,5607,5539,4972,4961,3415,3403,677,1043,1275.8,900,0,0,,0,0,0,0,0,0,0,7157,0,7124,0,7103,0,7058,7041,7032,7006,8824,6742,8774,6689,8710,8670,7866,7836,0,7502,2872,5607,0,5539,0,4972,2831,4961,4955,3415,0,3403,0,677,992.3,1043,1163.212,1275.8,0,900,0,0,0
Treasury Stock,0,0,0,0,0,0,0,0,0,0,0,0,0,0,0,0,0,0,0,0,0,0,0,0,0,0,,0,0,0,0,0,0,0,0,0,0,0,0,0,0,0,0,0,0,0,0,0,0,0,0,0,0,0,0,0,0,0,0,0,0,0,0,0,0,0,0,0,0,0,0,0,0,0,0,0,0
Other Stockholders Equity,3214,0,0,0,0,0,0,0,0,0,0,0,0,0,0,0,0,0,0,0,0,0,0,0,1098.4,3214,,3214,0,0,0,0,0,0,0,0,0,0,0,0,0,0,0,0,0,0,0,0,36,0,36,0,0,0,0,0,1,0,0,0,0,0,0,0,0,0,0,0,0,0,0,0,0,0,0,1098.4,0
Total Stockholders Equity,4009,3695,2640,2652,2663,2715,2430,2845,3079,5473,4983,4466,3317,3322,2552,3308,3163,3846,2071,1820,1117,1453,1673.2,1191,1346.9,4009,,4009,3815,3695,3012,2640,2748,2652,2605,2663,2602,2715,2630,2430,2628,2845,3063,3079,3571,5473,5785,4983,5113,4466,3290,3317,3110,3322,2033,2552,3165,3308,2660,3163,3054,3846,3490,2071,1622,1820,1300,1117,1437.7,1453,1656.389,1673.2,1262.7,1191,0,1346.9,0
Minority Interest,52,45,36,42,41,39,37,26,28,21,137,123,128,84,63,61,60,59,52,40,30,28,26.5,0,0.1,52,,52,47,45,36,36,32,42,36,41,31,39,40,37,33,26,38,28,-7,21,61,137,136,123,123,128,102,84,81,63,68,61,59,60,60,59,55,52,41,40,31,30,29.8,28,27.062,26.5,28.2,0,0,0.1,0
Total Equity,4061,3740,2676,2694,2704,2754,2467,2871,3107,5494,5120,4589,3445,3406,2615,3369,3223,3905,2123,1860,1147,1481,1699.7,1191,1347,4061,,4061,3862,3740,3048,2676,2780,2694,2641,2704,2633,2754,2670,2467,2661,2871,3101,3107,3564,5494,5846,5120,5249,4589,3413,3445,3212,3406,2114,2615,3233,3369,2719,3223,3114,3905,3545,2123,1663,1860,1331,1147,1467.5,1481,1683.451,1699.7,1290.9,1191,,1347,
Equity-to-Asset,0.503,0.482,0.385,0.399,0.369,0.38,0.334,0.311,0.318,0.43,0.464,0.43,0.311,0.351,0.246,0.348,0.347,0.409,0.371,0.398,0.339,0.38,0.401,0.429,0.433,0.503,,0.503,0.498,0.482,0.383,0.385,0.398,0.399,0.394,0.369,0.362,0.38,0.354,0.334,0.298,0.311,0.319,0.318,0.351,0.43,0.495,0.464,0.475,0.43,0.32,0.311,0.316,0.351,0.199,0.246,0.345,0.348,0.313,0.347,0.39,0.409,0.409,0.371,0.395,0.398,0.37,0.339,0.403,0.38,0.449,0.401,0.361,0.429,0,0.433,0
,,,,,,,,,,,,,,,,,,,,,,,,,,,,,,,,,,,,,,,,,,,,,,,,,,,,,,,,,,,,,,,,,,,,,,,,,,,,,
Cashflow Statement,,,,,,,,,,,,,,,,,,,,,,,,,,,,,,,,,,,,,,,,,,,,,,,,,,,,,,,,,,,,,,,,,,,,,,,,,,,,,
Net Income From Continuing Operations,958,1589,619,445,328,269,257,170,-2192,1261,2370,166,-777,-521,-814,-142,-292,97,247,356,-163,166,434.2,318,179.2,958,,451,507,992,597,426,193,359,86,481,-153,157,112,155,102,104,66,543,-2735,547,714,1647,723,139,27,-1020,243,-519,-2,-1075,261,50,-192,-424,132,10,87,147,100,113,243,-318.3,155.3,40.877,125.123,167.2,267,120.6,197.4,154.2,25
"Cash Flow Depreciation, Depletion and Amortization",477,570,583,558,690,809,777,783,778,835,827,720,615,615,655,699,593,445,247,333,371,237,196.3,148,200.5,477,,264,213,293,277,317,266,261,297,298,392,446,363,406,371,411,372,350,428,450,385,440,387,384,336,330,285,336,279,380,275,412,287,348,245,272,173,92,155,212,121,245.3,125.7,132.504,104.496,105.2,91.1,0,0,0,0
  Change In Receivables,-49,-163,-138,-74,-86,-131,108,52,69,-110,0,-153,-44,-7,-77,11,8,-24,-55,-5,65,-43,-4.5,1,-58.6,-48,,27,-75,-88,-75,-50,-88,-15,-59,9,-95,-81,-50,36,72,67,-15,51,18,-16,-94,82,-82,-89,-64,30,-74,32,-39,-48,-29,-16,27,-1,9,28,-52,-16,-39,22,-27,42.2,22.8,-30.964,-12.036,-22.3,17.8,0,0,0,0
  Change In Inventory,58,-83,-67,-2,-67,-48,99,117,-105,-324,-236,-215,-169,-131,-240,-165,-58,-39,-78,-54,22,-35,4.1,46,115.7,58,,-2,60,-12,-71,-43,-24,-32,30,-45,-22,-15,-33,64,35,90,27,-7,-98,-212,-112,-134,-102,-146,-69,-52,-117,33,-164,-125,-115,-65,-100,9,-67,-23,-16,-54,-24,-20,-34,45.8,-23.8,-11.002,-23.998,0.4,3.7,0,0,0,0
  Change In Prepaid Assets,0,0,0,0,0,0,0,0,0,0,0,0,0,0,0,0,0,0,0,0,0,0,0,0,0,0,,0,0,0,0,0,0,0,0,0,0,0,0,0,0,0,0,0,0,0,0,0,0,0,0,0,0,0,0,0,0,0,0,0,0,0,0,0,0,0,0,0,0,0,0,0,0,0,0,0,0
  Change In Payables And Accrued Expense,44,8,40,-46,16,103,-118,-163,-188,216,66,54,192,-101,147,122,37,56,29,43,-61,35,-11.7,-8,17,43,,48,-5,54,-46,76,-36,57,-103,64,-48,123,-20,-39,-79,-101,-62,-69,-119,159,57,-7,73,56,-2,148,44,-87,-14,108,39,135,-13,73,-36,76,-20,14,15,29,14,-26.7,-34.3,68.586,-33.586,48.3,-60,0,0,0,0
  Change In Other Working Capital,0,0,0,0,0,0,0,0,0,0,0,0,0,0,0,0,0,0,0,0,0,0,0,0,0,0,,0,0,0,0,0,0,0,0,0,0,0,0,0,0,0,0,0,0,0,0,0,0,0,0,0,0,0,0,0,0,0,0,0,0,0,0,0,0,0,0,0,0,0,0,0,0,0,0,0,0
Change In Working Capital,53,-238,-165,-122,-137,-76,89,6,-224,-218,-170,-314,-21,-239,-170,-32,-13,-7,-104,-16,26,-43,-12.1,39,74.1,53,,73,-20,-46,-192,-17,-148,10,-132,28,-165,27,-103,61,28,56,-50,-25,-199,-69,-149,-59,-111,-179,-135,126,-147,-22,-217,-65,-105,54,-86,81,-94,81,-88,-56,-48,31,-47,61.3,-35.3,26.62,-69.62,26.4,-38.5,0,0,0,0
Deferred Tax,0,0,0,0,0,0,0,0,0,-74,299,138,-199,-72,-73,-34,-191,-200,72,-62,9,0,0,0,0,0,,0,0,0,0,0,0,0,0,0,0,0,0,0,0,0,0,0,0,-209,135,133,166,159,-21,-256,57,0,0,0,0,0,0,0,0,0,0,53,19,0,0,0,0,0,0,0,0,0,0,0,0
Stock Based Compensation,0,0,0,0,0,0,0,0,0,0,0,0,0,0,0,0,0,0,0,0,0,0,0,0,0,0,,0,0,0,0,0,0,0,0,0,0,0,0,0,0,0,0,0,0,0,0,0,0,0,0,0,0,0,0,0,0,0,0,0,0,0,0,0,0,0,0,0,0,0,0,0,0,0,0,0,0
Asset Impairment Charge,7,1,3,5,-1,0,0,0,0,367,17,91,8,670,1,6,0,0,0,0,0,0,0,0,0,7,,5,2,1,0,1,2,0,0,0,0,0,0,0,0,0,0,0,0,366,1,6,11,72,19,8,0,0,0,0,0,0,0,0,0,0,0,0,0,0,0,0,0,0,0,0,0,0,0,0,0
Cash from Discontinued Operating Activities,0,109,89,1,84,0,-5,30,85,0,0,0,0,-1,-2,-1,0,0,0,0,0,0,0,0,0,0,,0,0,57,52,63,26,0,0,0,0,0,0,14,-19,22,8,0,0,0,0,0,0,0,0,0,0,0,0,0,0,0,0,0,0,0,0,0,0,0,0,0,0,0,0,0,0,0,0,0,0
Cash Flow from Others,-227,-377,-82,-30,33,184,21,231,2799,-202,-530,237,817,-388,964,274,250,178,-45,-17,258,-247,-365.8,-265,-495.8,-227,,8,-235,-247,-130,-86,4,-94,70,-131,247,80,104,-10,31,-60,291,-118,3002,-107,-95,-445,-85,-114,351,928,-111,118,91,921,-31,-284,529,52,7,-42,20,-45,0,134,-213,409.3,-142.3,-65.465,-181.535,-139,-226.8,0,0,0,0
Cash Flow from Operations,1268,1654,1047,857,997,1186,1139,1220,1246,1969,2813,1038,443,64,561,770,347,513,417,594,501,113,252.6,240,-42,1268,,801,467,1050,604,704,343,536,321,676,321,710,476,626,513,533,687,750,496,978,991,1722,1091,461,577,116,327,-87,151,161,400,232,538,57,290,321,192,191,226,490,104,397.6,103.4,134.536,-21.536,159.8,92.8,0,0,0,0
,,,,,,,,,,,,,,,,,,,,,,,,,,,,,,,,,,,,,,,,,,,,,,,,,,,,,,,,,,,,,,,,,,,,,,,,,,,,,
"Purchase Of Property, Plant, Equipment",-1028,-702,-703,-575,-675,-711,-667,-849,-1431,-1758,-1393,-973,-1019,-1194,-1015,-811,-710,-571,-339,-271,-298,-304,-217.6,-174,-219.3,-1027,,-598,-429,-395,-307,-439,-264,-282,-293,-284,-391,-432,-279,-354,-313,-451,-398,-596,-835,-1072,-686,-837,-556,-592,-381,-520,-499,-636,-558,-529,-486,-474,-337,-399,-311,-334,-237,-211,-128,-153,-118,-156.3,-141.7,-210.294,-93.706,332.9,-550.5,0,0,0,0
"Sale Of Property, Plant, Equipment",25,3,3,10,3,4,6,31,10,5,19,69,1142,39,29,57,12,10,6,1,115,8,2.5,73,16.8,26,,24,2,3,0,1,2,-300,310,1,2,2,2,3,3,4,27,3,7,3,2,11,8,66,3,247,895,7,32,14,15,47,10,0,0,5,5,3,3,-140,141,4.9,110.1,6.534,1.466,0,0,0,0,0,0
Purchase Of Business,0,0,-11,-8,-27,-11,-18,-65,-472,-715,-126,-44,-354,0,0,0,0,0,0,0,0,0,0,0,0,0,,0,0,0,0,-9,-2,-3,-5,-7,-20,-8,-3,-12,-6,-14,-51,-198,-274,-604,-111,-66,-60,0,0,0,0,0,0,0,0,0,0,0,0,0,0,0,0,0,0,0,0,0,0,0,0,0,0,0,0
Sale Of Business,2,29,0,0,0,10,820,105,8,31,9,1,0,48,0,0,0,0,0,0,0,0,0,0,0,2,,0,2,27,2,0,0,0,0,0,0,10,0,820,0,0,105,1,7,11,20,0,9,0,1,0,0,0,0,0,0,0,0,0,0,0,0,0,0,0,0,0,0,0,0,0,0,0,0,0,0
Purchase Of Investment,-4,-8,-9,-13,-8,-73,-86,-79,-91,-97,-147,-114,-89,-578,-27,-20,-27,-30,-1,-34,-3,0,0,0,0,-5,,0,-5,-4,-4,-9,0,73,-86,46,-54,-32,-41,-31,-55,-31,-48,-35,-56,-35,-62,-85,-62,-55,-59,-67,-22,0,0,-19,-8,-17,-3,-25,-2,0,0,0,0,-2,-32,-2.8,-0.2,0,-0.176,0,0,0,0,0,0
Sale Of Investment,0,9,3,7,3,61,81,73,81,86,91,142,81,88,47,158,1,0,56,158,0,0,0,0,0,0,,0,0,0,9,0,3,-69,76,-43,46,28,33,33,48,30,43,32,49,31,55,49,42,118,24,56,25,47,41,41,6,152,6,0,0,0,0,0,0,0,158,0,0,0,1.158,0,215.3,0,0,0,0
Net Intangibles Purchase And Sale,24,2,3,10,3,4,3,31,10,5,19,0,0,0,0,0,0,0,0,0,0,0,0,0,0,25,,23,2,2,0,1,2,-300,310,2,1,2,2,0,3,4,27,3,7,0,0,0,0,0,0,0,0,0,0,0,0,0,0,0,0,0,0,0,0,0,0,0,0,0,0,0,0,0,0,0,0
Cash From Discontinued Investing Activities,0,-31,-54,226,-151,0,-59,-170,-138,0,0,0,0,0,0,0,0,0,0,0,0,0,0,0,0,0,,0,0,-14,-17,-25,-29,0,0,0,0,0,0,-10,-49,-88,-82,0,0,0,0,0,0,0,0,0,0,0,0,0,2,0,5,0,0,0,0,0,0,0,0,0,0,0,0,0,0,0,0,0,0
Cash From Other Investing Activities,41,222,25,8,-10,14,0,-20,-17,-332,-194,-968,-29,4,-65,5,100,-404,15,55,38,-337,-249.8,2,-28.5,40,,7,33,227,-5,4,21,531,-297,-165,4,5,9,3,-3,-23,3,-130,-25,-235,-92,-161,-14,-1105,93,-276,-107,-545,19,-72,5,-10,10,193,-80,-319,-115,70,0,45,10,21.4,16.6,-337.981,-0.001,-461.3,-1.3,0,0,0,0
Cash Flow from Investing,-940,-476,-743,-335,-862,-702,80,-943,-2040,-2775,-1722,-1887,-268,-1593,-1031,-611,-624,-995,-263,-91,-148,-633,-464.9,-99,-231,-939,,-544,-395,-154,-322,-476,-267,-350,15,-450,-412,-425,-277,452,-372,-569,-374,-920,-1120,-1901,-874,-1089,-633,-1568,-319,-560,292,-1127,-466,-565,-466,-302,-309,-231,-393,-648,-347,-138,-125,-250,159,-132.8,-15.2,-541.741,-91.259,-128.4,-336.5,0,0,0,0
,,,,,,,,,,,,,,,,,,,,,,,,,,,,,,,,,,,,,,,,,,,,,,,,,,,,,,,,,,,,,,,,,,,,,,,,,,,,,
Issuance of Stock,0,0,0,0,0,0,0,0,0,2,10,798,306,1722,34,512,9,3,10,18,7,2,3.5,1,0,0,,0,0,0,0,0,0,0,0,0,0,0,0,0,0,0,0,0,0,1,1,9,1,794,4,292,14,1711,11,15,19,3,509,6,3,1,2,8,2,10,8,3,4,0.534,1.466,3,0.5,0,0,0,0
Repurchase of Stock,0,0,0,0,0,0,0,0,0,0,0,0,0,0,0,0,0,0,0,0,0,0,0,0,0,0,,0,0,0,0,0,0,0,0,0,0,0,0,0,0,0,0,0,0,0,0,0,0,0,0,0,0,0,0,0,0,0,0,0,0,0,0,0,0,0,0,0,0,0,0,0,0,0,0,0,0
Net Issuance of Preferred Stock,0,0,0,0,0,0,0,0,0,0,0,0,0,0,0,0,0,0,0,0,0,0,0,0,0,0,,0,0,0,0,0,0,0,0,0,0,0,0,0,0,0,0,0,0,0,0,0,0,0,0,0,0,0,0,0,0,0,0,0,0,0,0,0,0,0,0,0,0,0,0,0,0,0,0,0,0
  Issuance of Debt,822,2226,168,753,815,787,421,611,2344,1652,227,2316,2774,853,843,158,305,268,225,0,0,261,475.2,0,27.3,822,,815,7,700,1526,14,154,470,283,484,331,586,201,231,190,521,90,1878,466,1282,150,103,6,924,1029,-201,1961,336,407,239,84,94,0,109,196,0,334,258,0,31,0,4.2,0,305.185,0,0,489.5,0,0,0,0
  Payments of Debt,-883,-2357,-165,-967,-767,-1333,-1288,-755,-1480,-437,-386,-1642,-2731,-748,-520,-552,0,0,0,-114,-138,0,0,-21,0,-884,,-847,-37,-1524,-833,-63,-102,-467,-500,-600,-167,-1004,-329,-1076,-212,-456,-299,-1312,-168,-209,-8,-113,-155,36,-1315,-582,-1135,-613,-25,0,0,0,-488,0,0,-66,0,0,-33,0,-145,0,-142.2,0,-44.185,-14.3,0,0,0,0,0
Net Issuance of Debt,-61,-131,3,-214,48,-546,-867,-144,864,1215,-159,674,43,105,323,-394,305,268,225,-114,-138,261,475.2,-21,27.3,-62,,-32,-30,-824,693,-49,52,3,-217,-116,164,-418,-128,-845,-22,65,-209,566,298,1073,142,-10,-149,960,-286,-783,826,-277,382,239,84,94,-488,109,196,-66,334,258,-33,31,-145,4.2,-142.2,305.185,-44.185,-14.3,489.5,0,0,0,0
Cash Flow for Dividends,-240,-47,-43,-39,-58,-15,-5,-17,-62,-236,-169,-67,-45,-41,-144,-132,-169,-198,-314,-260,-167,0,0,0,-75,-241,,-34,-207,-3,-44,0,-43,0,-39,0,-58,-9,-6,-1,-4,-14,-3,-9,-53,-89,-147,-126,-43,-32,-35,-27,-18,-16,-25,-41,-103,-92,-40,-82,-87,-76,-122,-124,-190,0,0,0,0,0,0,0,0,0,0,0,0
Other Financing,-155,-151,-137,-140,-138,-202,-314,-260,-242,-390,-145,-1175,-1,-71,249,133,55,203,0,0,0,-3,8.3,-41,74.8,-154,,-100,-54,-62,-89,-64,-73,-74,-66,-71,-67,-118,-84,-194,-120,-133,-127,-137,-105,-146,-244,-134,-11,-1011,-164,-218,217,-35,-36,283,-34,191,-58,102,-47,221,-18,0,0,-249,-11,-167,0,-14.669,11.669,8.6,-0.3,0,0,0,0
Cash Flow from Financing,-456,-329,-177,-393,-148,-763,-1186,-421,560,591,-463,230,303,1715,462,119,200,276,-79,-356,-298,260,487,-61,27.1,-457,,-166,-291,-889,560,-113,-64,-71,-322,-187,39,-545,-218,-1040,-146,-82,-339,420,140,839,-248,-261,-202,711,-481,-736,1039,1383,332,496,-34,196,-77,135,65,80,196,142,-221,-208,-148,-159.8,-138.2,291.05,-31.05,-2.7,489.7,0,0,0,0
,,,,,,,,,,,,,,,,,,,,,,,,,,,,,,,,,,,,,,,,,,,,,,,,,,,,,,,,,,,,,,,,,,,,,,,,,,,,,
Beginning Cash Position,1330,456,329,205,215,484,468,628,892,1112,586,1100,575,477,471,196,276,469,342,191,195,493,253.6,240,480.6,1330,,1081,1330,0,456,0,329,215,205,164,215,470,484,0,468,0,628,0,892,0,1112,0,586,0,1100,0,575,1,476,-23,494,-12,208,-13,289,-36,505,-71,413,0,191,0.1,194.9,48.654,444.346,-1,254.6,0,0,0,0
  Effect of Exchange Rate Changes,-48,25,0,-5,3,10,-17,-16,-30,-5,-102,105,47,-88,14,-3,-3,13,52,75,-59,-38,-35.8,-66,4.4,-48,,-18,-30,31,-6,-1,1,-1,-4,2,1,5,5,-13,-4,-14,-2,-5,-25,-11,6,-99,-3,116,-11,-25,72,-62,-26,10,4,14,-17,2,-5,4,9,34,18,43,32,-63.5,4.5,-46.884,8.884,-19.5,-16.3,0,0,0,0
Net Change in Cash,-176,874,127,124,-10,-269,16,-160,-264,-220,526,-514,525,98,6,275,-80,-193,127,222,-4,-298,238.9,14,-241.5,-176,,73,-249,38,836,114,13,114,10,41,-51,-255,-14,25,-9,-132,-28,245,-509,-95,-125,273,253,-280,-234,-1205,1730,107,-9,102,-96,140,135,-37,-43,-243,50,229,-102,75,147,41.5,-45.5,-163.039,-134.961,9.2,229.7,0,0,0,0
Ending Cash Position,1154,1330,456,329,205,215,484,468,628,892,1112,586,1100,575,477,471,196,276,469,413,191,195,492.5,254,239.1,1154,,1154,1081,38,1292,114,342,329,215,205,164,215,470,25,459,-132,600,245,383,-95,987,273,839,-280,866,-1205,2305,108,467,79,398,128,343,-50,246,-279,555,158,311,75,338,41.6,149.4,-114.385,309.385,8.2,484.3,0,0,0,0
,,,,,,,,,,,,,,,,,,,,,,,,,,,,,,,,,,,,,,,,,,,,,,,,,,,,,,,,,,,,,,,,,,,,,,,,,,,,,
Capital Expenditure,-1028,-702,-703,-575,-675,-711,-667,-849,-1431,-2004,-1567,-973,-1019,-1194,-1015,-811,-710,-571,-339,-271,-298,-304,-217.6,-174,-219.3,-1027,,-598,-429,-395,-307,-439,-264,-282,-293,-284,-391,-432,-279,-354,-313,-451,-398,-596,-835,-1290,-714,-1011,-556,-592,-381,-520,-499,-636,-558,-529,-486,-474,-337,-399,-311,-334,-237,-211,-128,-153,-118,-156.3,-141.7,-210.294,-93.706,332.9,-550.5,0,0,0,0
Free Cash Flow,240,952,344,282,322,475,472,371,-185,-35,1246,65,-576,-1130,-454,-41,-363,-58,78,323,203,-191,35,66,-261.3,241,,203,38,655,297,265,79,254,28,392,-70,278,197,272,200,82,289,154,-339,-312,277,711,535,-131,196,-404,-172,-723,-407,-368,-86,-242,201,-342,-21,-13,-45,-20,98,337,-14,241.3,-38.3,-75.758,-115.242,492.7,-457.7,0,0,0,0
,,,,,,,,,,,,,,,,,,,,,,,,,,,,,,,,,,,,,,,,,,,,,,,,,,,,,,,,,,,,,,,,,,,,,,,,,,,,,
Valuation Ratios,,,,,,,,,,,,,,,,,,,,,,,,,,,,,,,,,,,,,,,,,,,,,,,,,,,,,,,,,,,,,,,,,,,,,,,,,,,,,
PE Ratio,13.98,10.14,0,39.84,0,73.5,0,0,0,17.21,11.81,159.7,0,0,0,0,0,83.47,40.51,19,0,17.58,12.59,13.77,22.09,11.64,,13.98,0,10.14,9999,0,9999,39.84,9999,0,9999,73.5,47.32,0,9999,0,9999,0,9999,17.21,10.03,11.81,23.12,159.7,9999,0,9999,0,9999,0,59.1,0,9999,0,48.36,83.47,33.79,40.51,17.69,19,9999,0,27.46,17.58,15.9,9999,9999,9999,9999,9999,9999
PE Ratio without NRI,13.98,10.23,25.26,24.51,27.97,73.5,88.55,0,0,17.21,11.81,159.7,0,0,0,0,0,83.47,40.51,19,0,17.58,12.59,13.77,22.09,11.64,,13.98,0,10.23,9999,25.26,9999,24.51,9999,27.97,9999,73.5,48.49,88.55,9999,0,9999,0,9999,17.21,10.03,11.81,23.12,159.7,9999,0,9999,0,9999,0,63.37,0,9999,0,41.65,83.47,31.95,40.51,17.73,19,9999,0,27.24,17.58,15.9,9999,9999,9999,9999,9999,9999
Price-to-Owner-Earnings,12.41,10.98,0,78.44,0,350.33,78.89,0,0,80.44,11.54,0,0,0,0,0,0,0,88.11,17.3,7.17,0,0,0,0,9.61,,12.41,0,10.98,0,0,0,78.44,0,0,0,350.33,200.67,78.89,0,0,0,0,0,80.44,9.41,11.54,23.78,0,0,0,0,0,0,0,27.81,0,0,0,38.01,0,100.5,88.11,12.71,17.3,9.55,7.17,0,0,0,0,0,0,0,0,0
PB Ratio,2.18,2.55,3.51,1.95,1.57,1.58,1.18,1.24,1.53,2.21,3.27,4.23,4.43,2.98,4.65,3.93,4.13,2.5,5.96,4.19,3.48,2.2,3.27,3.21,0.56,1.66,,2.18,2.03,2.55,4.07,3.51,2.69,1.95,1.3,1.57,1.53,1.58,2.8,1.18,1.38,1.24,2.27,1.53,1.54,2.21,2.28,3.27,3.15,4.23,4.76,4.43,4.22,2.98,5.85,4.65,3.36,3.93,4.98,4.13,3.1,2.5,2.44,5.96,4.38,4.19,4.46,3.48,2.67,2.2,2.66,3.27,3.33,3.21,0,0.56,0
Price-to-Tangible-Book,2.25,2.65,3.69,2.05,1.65,1.67,1.27,1.34,1.68,2.34,3.41,4.43,4.69,3.12,6.06,4.74,5,2.95,7.43,5.17,5.34,3.05,3.77,3.21,0.56,1.72,,2.25,2.1,2.65,4.24,3.69,2.81,2.05,1.37,1.65,1.62,1.67,2.97,1.27,1.48,1.34,2.49,1.68,1.66,2.34,2.37,3.41,3.28,4.43,5.02,4.69,4.45,3.12,7.6,6.06,3.89,4.74,5.86,5,3.57,2.95,2.74,7.43,5.81,5.17,6.4,5.34,3.61,3.05,3.19,3.77,3.76,3.21,0,0.56,0
Price-to-Free-Cash-Flow,36.2,10.14,26.72,18.87,12.63,9.63,6.15,9.72,0,0,14.16,275.17,0,0,0,0,0,0,129.04,20.88,17.86,0,156.51,66.37,0,28.4,,36.2,0,10.14,0,26.72,0,18.87,0,12.63,0,9.63,12.78,6.15,11.96,9.72,19.19,0,0,0,15.39,14.16,48.1,275.17,0,0,0,0,0,0,0,0,0,0,0,0,0,129.04,12.72,20.88,20.9,17.86,0,0,16.64,0,0,0,0,0,0
Price-to-Operating-Cash-Flow,6.85,5.84,8.78,6.21,4.08,3.86,2.55,2.96,3.86,6.53,6.27,17.24,33.37,124.26,19.83,15.55,35.31,16.44,24.13,11.35,7.24,26.01,21.69,18.25,0,5.54,,6.85,0,5.84,0,8.78,0,6.21,0,4.08,0,3.86,6.2,2.55,3.46,2.96,4.98,3.86,4.09,6.53,5.5,6.27,11.11,17.24,23.15,33.37,26.18,124.26,32.32,19.83,15.07,15.55,22.74,35.31,15.63,16.44,17.07,24.13,7.75,11.35,10.07,7.24,16.53,26.01,36.01,0,0,0,0,0,0
PS Ratio,2.16,2.18,2.61,1.59,1.2,1.08,0.72,0.73,0.93,2.02,2.69,3.35,3.91,2.18,3.65,4.46,4.93,3.92,6.03,3.75,1.78,1.33,2.48,1.95,0.31,1.77,,2.16,0,2.18,0,2.61,0,1.59,0,1.2,0,1.08,2,0.72,0.84,0.73,1.38,0.93,1.09,2.02,2.15,2.69,2.75,3.35,3.32,3.91,3.14,2.18,3.06,3.65,3.18,4.46,5.09,4.93,3.88,3.92,3.9,6.03,2.77,3.75,2.97,1.78,1.85,1.33,1.99,0,0,0,0,0,0
PEG Ratio,1.06,1.04,4.18,0,0,0,0,0,0,0,0,0,0,0,0,0,0,0,3.77,1.3,0,0,0,0,0,0.88,,1.06,0,1.04,0,4.18,0,0,0,0,0,0,0,0,0,0,0,0,0,0,0,0,0,0,0,0,0,0,0,0,0,0,0,0,0,0,5.06,3.77,1.79,1.3,0,0,0,0,0,0,0,0,0,0,0
EV-to-Revenue,2.39,2.35,3.09,2.1,1.8,1.54,1.29,1.38,1.56,2.27,2.68,3.88,4.22,2.88,4.13,4.93,5.66,4.69,7.54,4.07,2.07,1.76,2.65,1.68,0.25,2.02,,2.39,0,2.35,0,3.09,0,2.1,0,1.8,0,1.54,2.59,1.29,1.59,1.38,2.04,1.56,1.64,2.27,2.2,2.68,2.92,3.88,3.52,4.22,3.34,2.88,4.42,4.13,3.7,4.93,5.66,5.66,4.5,4.69,5.06,7.54,3.05,4.07,3.18,2.07,2.26,1.76,2.19,0,0,0,0,0,0
EV-to-EBITDA,6.23,4.49,7.96,6.06,5.32,5.21,4.06,7.01,-5.77,6.36,5.25,16.95,-77.88,33.53,663.14,19.45,21.03,15.53,23.36,9.82,4,6.52,10.59,7.17,2.58,5.44,,6.23,0,4.49,0,7.96,0,6.06,0,5.32,0,5.21,8,4.06,5.89,7.01,6.3,-5.77,-4.96,6.36,4.29,5.25,7.99,16.95,-39.7,-77.88,24.63,33.53,-27.16,663.14,8.73,19.45,139.12,21.03,17.62,15.53,16.61,23.36,7.88,9.82,6.37,4,8.38,6.52,7.21,0,0,0,0,0,0
EV-to-EBIT,9.01,5.96,13.85,11.68,13.32,14.8,10.44,35.14,-3.71,10.06,6.96,41.36,-19.47,-34.97,-19.81,-696.12,185.15,49.4,43.11,17.77,6.17,10.82,16.45,9.99,12.06,8.02,,9.01,0,5.96,0,13.85,0,11.68,0,13.32,0,14.8,21.55,10.44,16.18,35.14,11.38,-3.71,-3.39,10.06,5.6,6.96,12.29,41.36,-15.54,-19.47,61.58,-34.97,-16.35,-19.81,19.29,-696.12,-29.14,185.15,94.16,49.4,38.11,43.11,14.94,17.77,11.09,6.17,15.96,10.82,10.65,0,0,0,0,0,0
Earnings Yield (Joel Greenblatt) %,11.1,16.78,7.22,8.56,7.51,6.76,9.58,2.85,-26.95,9.94,14.37,2.42,-5.14,-2.86,-5.05,-0.14,0.54,2.02,2.32,5.63,16.21,9.24,6.08,10.01,8.29,12.47,,11.1,0,16.78,0,7.22,0,8.56,0,7.51,0,6.76,4.64,9.58,6.18,2.85,8.79,-26.95,-29.5,9.94,17.86,14.37,8.14,2.42,-6.44,-5.14,1.62,-2.86,-6.12,-5.05,5.18,-0.14,-3.43,0.54,1.06,2.02,2.62,2.32,6.69,5.63,9.02,16.21,6.27,9.24,9.39,0,0,0,0,0,0
Forward Rate of Return (Yacktman) %,17.73,14.67,10.01,0,0,0,0,0,-1.44,-2.21,-3.58,-4.32,-7.71,-33.66,-44.54,-19.4,-15.58,-3.91,12.01,14,0,0,0,0,0,19.08,,17.73,0,14.67,0,10.01,0,0,0,0,0,0,0,0,0,0,-1.55,-1.44,-1.76,-2.21,-2.66,-3.58,-4.29,-4.32,-3.85,-7.71,-2.35,-33.66,0.05,-44.54,-22.33,-19.4,-32.13,-15.58,-8.58,-3.91,9.62,12.01,12.23,14,0,0,0,0,0,0,0,0,0,0,0
Shiller PE Ratio,0,769.02,0,0,0,0,0,0,0,0,0,0,0,0,121.59,67.19,0,0,0,0,0,0,0,0,0,0,,0,0,769.02,0,0,0,0,0,0,0,0,0,0,0,0,0,0,0,0,14051.15,0,0,0,0,0,0,0,229,121.59,48.8,67.19,0,0,0,0,0,0,0,0,0,0,0,0,0,0,0,0,0,0,0
Dividend Yield %,2.51,0.41,0.3,0.48,0.97,0,0,0,0.94,1.74,0.81,0.38,0.32,0.47,1.08,0.84,1.14,2.01,2.79,2.71,4.66,9.35,5.16,4.47,0,1.31,,2.51,2.51,0.41,0.32,0.3,0.38,0.48,0.73,0.97,0,0,0,0,0,0,0,0.94,0,1.74,0,0.81,0,0.38,0,0.32,0,0.47,0,1.08,0,0.84,0,1.14,0,2.01,0,2.79,0,2.71,0,4.66,0,9.35,0,5.16,0,4.47,0,0,0
,,,,,,,,,,,,,,,,,,,,,,,,,,,,,,,,,,,,,,,,,,,,,,,,,,,,,,,,,,,,,,,,,,,,,,,,,,,,,
Valuation and Quality,,,,,,,,,,,,,,,,,,,,,,,,,,,,,,,,,,,,,,,,,,,,,,,,,,,,,,,,,,,,,,,,,,,,,,,,,,,,,
Market Cap,8759.181,9430.054,9277.829,5180.264,4178.457,4290.432,2877.384,3514.89,4722.846,12075.528,16270.759,18904.823,14707.314,9904.949,11877.954,13007.96,13069.412,9613.226,12342.887,7627.03,3887.742,3197.79,5477.862,3828.009,754.75,6629.767,,8759.181,7754.276,9430.054,12267.811,9277.829,7385.032,5180.264,3379.329,4178.457,3968.911,4290.432,7368.547,2877.384,3623.126,3514.89,6953.79,4722.846,5495.918,12075.528,13171.188,16270.759,16099.53,18904.823,15663.669,14707.314,13116.995,9904.949,11902.003,11877.954,10625.604,13007.96,13241.112,13069.412,9454.568,9613.226,8503.213,12342.887,7106.847,7627.03,5792.747,3887.742,3838.752,3197.79,4400.444,5477.862,4207.679,3828.009,3962.642,754.75,945.205
Enterprise Value ($M),9751.181,10229.054,11051.829,6937.264,6275.457,6287.432,5166.384,6793.89,8012.846,14787.528,17783.759,21189.823,15694.314,11353.949,13346.954,14102.96,14872.412,11082.226,13047.887,8180.03,4470.742,4186.79,5840.162,3758.009,658.45,7569.767,,9751.181,8825.276,10229.054,13896.811,11051.829,9317.032,6937.264,5245.329,6275.457,6194.911,6287.432,9589.547,5166.384,6925.126,6793.89,10197.79,8012.846,8621.918,14787.528,14797.188,17783.759,17896.53,21189.823,16612.669,15694.314,13599.995,11353.949,13716.003,13346.954,11913.604,14102.96,14334.112,14872.412,10981.568,11082.226,9720.213,13047.887,7727.847,8180.03,6060.747,4470.742,4718.452,4186.79,4897.666,5840.162,4576.479,3758.009,3962.642,658.45,945.205
Month End Stock Price,20.98,22.62,22.34,12.55,10.19,10.51,7.1,8.7,11.72,31.37,42.45,49.23,40.18,27.71,42.81,47.09,49.33,36.35,46.7,34.26,18.06,14.94,25.69,19.56,19.22,15.94,,20.98,18.58,22.62,29.49,22.34,17.81,12.55,8.21,10.19,9.72,10.51,18.06,7.1,8.95,8.7,17.21,11.72,14.3,31.37,34.34,42.45,42.09,49.23,43.18,40.18,36.63,27.71,33.94,42.81,37.82,47.09,48.12,49.33,35.73,36.35,32.16,46.7,31.9,34.26,26.08,18.06,17.91,14.94,20.56,25.69,21.5,19.56,20.25,19.22,24.07
Net Cash per Share,-6.72,-6.35,-9.05,-8.86,-10.59,-10.33,-10.78,-14.41,-14.76,-16.56,-12.14,-13.92,-17.06,-15.54,-26.5,-20.76,-21.72,-19.94,-11.37,-10.53,-8.12,-10.17,-9.4,-6.79,-38.88,-6.72,,-6.72,-6.63,-6.35,-8.58,-9.05,-9.19,-8.86,-9.18,-10.59,-10.79,-10.33,-10.61,-10.78,-14.15,-14.41,-14.69,-14.76,-16.11,-16.56,-12.8,-12.14,-12.57,-13.92,-16.85,-17.06,-12.33,-15.54,-21.98,-26.5,-19.93,-20.76,-20,-21.72,-17.01,-19.94,-16.99,-11.37,-9.75,-10.53,-7.21,-8.12,-9.24,-10.17,-8.06,-9.4,-8.93,-6.79,,-38.88,
Net Current Asset Value,-4.35,-3.94,-5.4,-6.7,-7.47,-8.02,-8.65,-11.48,-11.11,-12.09,-8.52,-10.22,-12.53,-8.9,-20.6,-15.67,-17.17,-15.63,-7.95,-7.72,-6.6,-8.11,-7.37,-5.31,-30.66,-4.35,,-4.35,-4.25,-3.94,-4.89,-5.4,-7.03,-6.7,-6.95,-7.47,-8.38,-8.02,-8.33,-8.65,-11.8,-11.48,-11.28,-11.11,-11.47,-12.09,-8.42,-8.52,-9.06,-10.22,-12.43,-12.53,-7.7,-8.9,-17.24,-20.6,-15.26,-15.67,-14.51,-17.17,-12.66,-15.63,-13.03,-7.95,-6.56,-7.72,-5.24,-6.6,-6.81,-8.11,-5.97,-7.37,-7.09,-5.31,,-30.66,
Net-Net Working Capital,-5.78,-5.37,-8.2,-8.01,-9.71,-9.45,-9.92,-13.19,-13.31,-14.69,-10.75,-12.67,-15.95,-14.55,-24.64,-20.01,-20.95,-19.18,-10.86,-10.06,-7.58,-9.72,-8.96,-6.48,-36.37,-5.41,,-5.41,-5.31,-5.37,-7.28,-8.2,-7.99,-8.01,-7.93,-9.71,-9.43,-9.45,-9.35,-9.92,-12.88,-13.19,-12.79,-13.31,-14.63,-14.69,-11.24,-10.75,-11.34,-12.67,-15.77,-15.95,-10.43,-14.55,-20.41,-24.64,-18.3,-20.01,-18.57,-20.95,-15.41,-19.18,-16.23,-10.86,-8.54,-10.06,-5.94,-7.58,-8.21,-9.72,-7.61,-8.96,-8.48,-6.48,0,-36.37,0
Intrinsic Value: Projected FCF,17.33,16.69,11.83,10.39,13.18,11.03,8.8,4.63,2.27,6.71,4.33,-4.98,-6.46,2.65,7.66,11.46,11.82,17.95,11.21,10.22,0,0,0,0,0,17.33,,17.33,0,16.69,0,11.83,0,10.39,0,13.18,11.66,11.03,11.45,8.8,8.71,4.63,6.51,2.27,3.12,6.71,8.28,4.33,0.45,-4.98,-5.25,-6.46,-5.84,2.65,1.46,7.66,12.77,11.46,11.41,11.82,16.91,17.95,16.05,11.21,11.8,10.22,0,0,0,0,0,0,0,0,0,0,0
Median PS Value,13.96,14.93,12.33,11.34,17.1,23.01,27.4,40.35,46.43,58.71,59.85,55.36,34.64,0,0,0,0,0,0,0,0,0,0,0,0,13.72,,13.96,0,14.93,0,12.33,0,11.34,0,17.1,0,23.01,0,27.4,0,40.35,0,46.43,0,58.71,0,59.85,0,55.36,0,34.64,0,0,0,0,0,0,0,0,0,0,0,0,0,0,0,0,0,0,0,0,0,0,0,0,0
Peter Lynch Fair Value,19.74,21.85,5.35,0,0,0,0,0,0,0,0,0,0,0,0,0,0,0,12.38,26.3,0,0,0,0,0,19.41,,19.74,0,21.85,0,5.35,0,0,0,0,0,0,0,0,0,0,0,0,0,0,52.11,0,21.74,0,0,0,0,0,0,0,0,0,-22.12,0,3.72,0,6.35,12.38,28.1,26.3,0,0,0,0,0,0,0,0,0,0,0
Graham Number,17.61,20.8,10.89,8.47,6.96,4.61,3.17,0,0,23.1,31.54,8.66,0,0,0,0,0,10.39,12.53,15.44,0,9.22,17.68,13.94,25.91,17.61,,17.61,20.91,20.8,15.16,10.89,10.34,8.47,10.78,6.96,0,4.61,6.08,3.17,0,0,0,0,0,23.1,33.94,31.54,21.83,8.66,0,0,0,0,0,0,13.39,0,0,0,11.81,10.39,15.83,12.53,13.04,15.44,0,0,8.68,9.22,13.52,17.68,15.13,13.94,0,25.91,0
Earnings Power Value (EPV),-1.2,0.14,-7.19,-7.47,-12.61,-12.61,-12.78,-16.89,-15.83,-15.87,-10.56,-17.72,-18.93,-18.23,-17.51,-16.71,-21.55,-22.86,2.81,4.62,1.11,0,0,0,0,-1.2,,-1.2,0,0.14,0,-7.19,0,-7.47,0,-12.61,-26.29,-12.61,-18.52,-12.78,-22,-16.89,-22.62,-15.83,-21.21,-15.87,12.58,-10.56,-8.96,-17.72,-17.76,-18.93,-15.79,-18.23,-23.28,-17.51,-20.51,-16.71,-7.09,-21.55,-3.81,-22.86,4.78,2.81,3.59,4.62,0.61,1.11,0,0,0,0,0,0,0,0,0
Altman Z-Score,1.91,3.01,2.3,1.68,1.34,1.47,1.24,1.04,0.34,1.9,3.27,2.17,0.64,0.67,0.43,1.17,1.15,1.05,2.45,2.08,1.91,1.6,1.12,1.17,0,1.61,,1.91,0,3.01,0,2.3,0,1.68,0,1.34,1.28,1.47,1.19,1.24,1.21,1.04,1.55,0.34,-0.38,1.9,2.5,3.27,2.46,2.17,0.85,0.64,1.33,0.67,0.34,0.43,1.39,1.17,1.3,1.15,1.54,1.05,1.13,2.45,2.24,2.08,2.73,1.91,1.95,1.6,2.41,1.12,1.33,1.17,0,0,0
Piotroski F-Score,5,7,5,6,4,6,5,4,4,4,7,7,4,7,3,7,2,4,4,5,8,4,6,9999,9999,5,,5,0,7,0,5,0,6,0,4,6,6,5,5,5,4,4,4,4,4,7,7,7,7,4,4,6,7,4,3,8,7,4,2,6,4,4,4,5,5,7,8,4,4,5,6,0,9999,0,9999,0
Beneish M-Score,-2.47,-3.14,-3.27,-2.8,-3.51,-3.16,-3.39,-2.83,-2.53,-2.32,-2.91,-2.62,-1.77,-1.89,-2.56,-3.8,-1.93,-2.4,-2.4,1.8,-3.16,-1.78,-2.19,0,0,-2.47,,-2.47,0,-3.14,0,-3.27,0,-2.8,0,-3.51,-2.46,-3.16,-3.15,-3.39,-3.48,-2.83,4.06,-2.53,-3.73,-2.32,-2.73,-2.91,-2.39,-2.62,-2.98,-1.77,-2.36,-1.89,-1.51,-2.56,-3.38,-3.8,1.12,-1.93,-0.43,-2.4,-2.79,-2.4,-3.49,1.8,-2.37,-3.16,-2.68,-1.78,-1.45,-2.19,0,0,0,0,0
Scaled Net Operating Assets,0.652,0.655,0.664,0.611,0.665,0.647,0.517,0.633,0.5,0.761,0.625,0.633,0.455,0.46,0.423,0.483,0.529,0.952,0.607,0.719,0.444,0.586,0.734,0.36,0.402,0.652,,0.652,0.637,0.571,0.676,0.639,0.705,0.668,0.619,0.663,0.675,0.634,0.666,0.535,0.649,0.638,0.652,0.626,0.526,0.701,0.689,0.604,0.665,0.657,0.398,0.438,0.38,0.466,0.371,0.439,0.468,0.518,0.412,0.634,0.488,0.623,0.843,0.676,0.49,0.676,0.475,0.476,0.606,0.662,0.516,0.583,0.588,0,0,0,0
Sloan Ratio %,3.99,-2.7,-4.53,-5.6,-4.24,-5.89,-17.7,-3.67,-14.84,13.37,4.61,9.25,-9.38,10.22,-3.31,-3.16,-0.16,6.16,1.67,-3.21,-3.27,17.93,15.5,6.38,14.53,3.68,,3.68,-0.73,-2.7,-2.67,-4.53,-0.59,-5.6,-7.95,-4.24,-4.85,-5.89,-15.5,-17.7,-3.01,-3.67,-5.08,-14.84,-1.8,13.37,7.15,4.61,13.57,9.25,-8.42,-9.38,4.99,10.22,-4.43,-3.31,3.8,-3.16,-8.09,-0.16,7.41,6.16,3.7,1.67,-0.93,-3.21,-6.8,-3.27,13.05,17.93,10.12,15.5,,,,,
Current Ratio,2.69,2.43,1.38,1.55,2.05,1.53,1.91,1.68,1.71,1.33,2.66,1.99,0.62,0.85,0.56,0.76,0.75,0.96,1.17,1.3,0.59,0.81,1.25,1.14,1.23,2.69,,2.69,2.36,2.43,2.65,1.38,0.9,1.55,1.84,2.05,1.57,1.53,1.19,1.91,1.62,1.68,1.89,1.71,0.95,1.33,2.8,2.66,2.59,1.99,0.77,0.62,1.18,0.85,0.4,0.56,0.63,0.76,0.77,0.75,1.2,0.96,1.23,1.17,1.06,1.3,1.08,0.59,0.83,0.81,1.87,1.25,1.64,1.14,0,1.23,0
Quick Ratio,1.8,1.67,0.94,0.73,1.11,0.65,1,0.77,0.86,0.71,1.6,1.11,0.45,0.66,0.3,0.62,0.61,0.79,1,1.13,0.46,0.57,0.99,0.88,0.8,1.8,,1.8,1.58,1.67,1.99,0.94,0.43,0.73,0.79,1.11,0.65,0.65,0.62,1,0.79,0.77,0.93,0.86,0.49,0.71,1.62,1.6,1.61,1.11,0.55,0.45,0.98,0.66,0.26,0.3,0.41,0.62,0.58,0.61,0.87,0.79,1.01,1,0.81,1.13,0.89,0.46,0.58,0.57,1.39,0.99,1.31,0.88,0,0.8,0
Cash Ratio,1.45,1.39,0.32,0.42,0.29,0.29,0.69,0.48,0.53,0.46,1.18,0.57,0.25,0.17,0.13,0.19,0.1,0.19,0.42,0.52,0.33,0.25,0.66,0.53,0.52,1.45,,1.45,1.23,1.39,1.21,0.32,0.25,0.42,0.36,0.29,0.23,0.29,0.4,0.69,0.53,0.48,0.58,0.53,0.18,0.46,1.04,1.18,1,0.57,0.27,0.25,0.68,0.17,0.09,0.13,0.15,0.19,0.14,0.1,0.23,0.19,0.43,0.42,0.32,0.52,0.63,0.33,0.18,0.25,0.76,0.66,0.94,0.53,0,0.52,0
Interest Coverage,7.26,9.47,3.64,3.19,3.57,3.17,1.81,29.24,56.6,9.16,13.39,11.44,6.91,7.33,1.91,2.23,9999,9999,9999,9999,9999,9999,9999,9999,9999,12.5,,39.67,8.05,13.62,6.2,5.54,2.07,1.64,16.75,5.81,2.28,1.56,26.45,1.62,1.95,0,2.74,0,3.32,7.18,11,19.32,9.29,15.38,8.37,24.33,0.49,59.09,0,9999,9999,9999,9999,9999,9999,9999,9999,9999,9999,9999,9999,9999,9999,9999,9999,9999,9999,9999,10000,9999,10000
Highest Stock Price,24.13,41.5,25.17,12.71,14.59,21.84,9.68,17.88,25.75,43.1,48.21,53.76,47.19,35.72,51.47,54,49.33,57.46,48.49,39.39,20.8,24.34,34.5,30.13,29.07,26.96,,22.65,26.46,41.5,30.23,25.17,17.81,12.71,10.26,11.41,13.93,21.84,18.2,8.68,11.83,16.8,20.22,15.47,27.59,36.41,44.36,48.21,51.86,53.76,44.1,45.26,46.56,30.3,41.01,49.39,49.88,51.43,51.29,49.33,36.25,45.85,49.96,46.85,43.88,35.85,31.79,20.8,20.38,19.47,26.72,33.5,24.44,30.13,27.5,29.07,31.88
Lowest Stock Price,13.74,16.02,11.52,6.92,9.27,7.32,4.93,7.87,11.05,30.19,34.24,40.53,31.16,16.71,38.24,36.75,29.4,34.34,29.98,23.98,8.97,12.84,18.06,16.25,15.16,14.57,,13.74,18.33,20.72,14.15,16.71,11.44,7.3,7.34,9.27,9.72,9.23,7.17,4.93,8.03,7.87,11.89,11.05,13.6,30.19,31.44,34.41,40.84,43.52,35.01,35.75,30.74,16.71,29.29,38.24,37.64,40.56,34.91,34.49,27.92,34.34,31.17,34.83,27.14,23.98,20.08,11.51,12.64,12.84,19.15,23.75,18.63,18.75,19.53,15.16,24.07
Shares Buyback Ratio %,-0.15,-0.38,-0.61,-0.66,-0.45,-0.73,-0.31,-0.26,-4.69,-0.43,0.19,-4.91,-2.4,-28.83,-0.44,-4.26,-0.18,-0.06,-18.72,-3.42,-0.57,-0.38,-8.95,-398.37,,-0.146652566,,-0.04,-0.11,-0.21,-0.17,-0.16,-0.46,-0.28,-0.38,-0.42,-0.02,-0.05,-0.68,-0.11,-0.2,0.01,-0.27,-4.85,0.16,-0.36,-0.07,-0.21,0.39,-5.86,0.9,-2.22,-0.18,-1.93,-26.39,1.24,-1.71,-0.39,-3.86,-0.12,-0.06,-0.02,-0.04,-18.64,-0.07,-0.23,-3.18,-0.44,-0.14,-0.01,-0.38,-8.95,0,-0.01,-398.32,0,
Buyback Yield %,0,0,0,0,0,0,0,0,0,-0.02,-0.06,-4.22,-2.08,-17.39,-0.29,-3.94,-0.07,-0.03,-0.08,-0.24,-0.18,-0.06,-0.06,-0.03,0,0,,0,0,0,0,0,0,0,0,0,0,0,0,0,0,0,0,0,0,-0.02,-0.02,-0.11,-0.01,-8.4,-0.05,-3.97,-0.21,-34.55,-0.18,-0.25,-0.36,-0.05,-7.69,-0.09,-0.06,-0.02,-0.05,-0.13,-0.06,-0.26,-0.28,-0.15,-0.21,-0.03,-0.07,-0.11,-0.02,0,0,0,0
YoY Rev. per Sh. Growth,-9.12,25.25,5.42,-2.17,-19.77,3.89,-19.29,-4.77,-15.26,-3.55,9.24,36.35,-10.25,6.2,11.67,4.81,13.13,11.25,-7.97,-14.86,-6.35,-1.69,3.35,-83.72,0,-9.18,,-16.35,-0.07,26.47,23.71,45.98,-21.28,3.86,-5.88,-43.56,7.74,12.9,-5.34,-19.57,-18.93,-1.74,-7.2,-15.2,-14.86,-15.45,9.87,6.88,9.4,22.37,60.86,-15.3,-8.91,45.26,-25.6,20.46,8.24,-0.08,10.47,-0.97,23.79,45.77,-9.17,-34.01,26.86,-3.48,-26.4,-9.07,-4.73,0.04,-10.46,9.35,-6.58,-90.81,-35.98,0,0
YoY EPS Growth,-34.8,7666.67,-109.38,169.57,-406.67,175,-42.86,97.78,-456.5,-50.14,1083.33,113.04,-28.49,38.7,-461.54,52.73,-382.05,-64.86,-30.62,297.53,-205.19,-62.25,43.66,63.22,0,-34.8,,-51.18,-14,523.33,270.37,-225,237.5,900,118.6,-250,-430.77,-86.67,137.14,475,-250,95.18,98.18,-302.44,-502.94,-81.19,-0.73,678.57,6750,109.52,-96.88,-200,179.01,71.01,-276.09,-1013.51,151.69,124.03,-302.27,-1284.62,69.23,-80,-43.48,-29.73,-31.85,170.88,36.36,-825,-16.1,-73.13,-56.93,63.41,35.64,41.38,74.14,0,0
YoY EBITDA Growth (%),-33.3,68.38,17.93,0.4,-8.1,-3.02,29.36,169.53,-164.15,-32.43,143.61,675.66,-156.6,1363.59,-97.25,-1.33,0.94,4,-28.28,-31.85,79.52,6.13,10.52,-60.46,0,-35.33,,-46.56,-19.41,64.76,73.7,8,37.56,-8.35,23.09,8.22,-33.79,12.23,-20.49,66.4,3.96,-48.79,126.58,22.04,-241.4,-65.19,9.4,132.34,153.54,177.71,-30.06,-606.65,245.14,127.95,-70.38,-460.67,-5.74,-57.95,48.55,-13.11,12.09,34.61,-14.39,-48.58,-0.28,-32.11,-31.65,99.26,56.07,24.87,-15.32,139.66,-73.58,15.86,-35.98,0,0
5-Year EBITDA Growth Rate (Per Share),13.15,9.88,6.05,0,0,0,0,0,0,0,0,0,0,-29.97,-44.12,-20.23,-16.13,-5.64,10.74,14.58,0,0,0,0,0,13.2,,13.15,0,9.88,0,6.05,0,0,0,0,0,0,0,0,0,0,0,0,0,0,0,0,0,0,0,0,0,-29.97,0,-44.12,-22.5,-20.23,-33.51,-16.13,-10.59,-5.64,6.31,10.74,9.91,14.58,0,0,0,0,0,0,0,0,0,0,0
Shares Outstanding (Basic Average),419.756,419.034,418.35,417.122,415.44,412.585,409.607,407.729,392.625,386.766,385.962,371.871,361.228,313.158,277.337,272.613,264.636,248.718,222.523,221.884,214.336,213.926,196.922,196.296,43.103,419.756,,419.756,418.99,419.034,418.172,418.35,416.719,418.773,415.471,418.157,412.723,414.839,410.331,409.607,407.553,407.729,406.148,392.625,387.236,386.766,389.359,385.962,385.619,371.871,363.478,361.228,354.589,313.158,282.467,277.337,264.563,272.613,269.068,264.636,264.523,248.718,238.13,222.523,222.738,221.884,222.115,214.336,214.083,213.926,214.029,196.922,194.891,196.296,195.446,43.103,43.103
Shares Outstanding (EOP),417.501,416.89,415.301,412.77,410.055,408.224,405.265,404.01,402.973,384.939,383.292,384.01,366.036,357.45,277.457,276.236,264.938,264.463,264.302,222.622,215.268,214.042,213.229,195.706,39.269,418.34,,417.501,417.345,416.89,415.999,415.301,414.656,412.77,411.611,410.055,408.324,408.224,408.004,405.265,404.818,404.01,404.055,402.973,384.33,384.939,383.552,383.292,382.503,384.01,362.753,366.036,358.094,357.45,350.678,277.457,280.952,276.236,275.169,264.938,264.611,264.463,264.403,264.302,222.785,222.622,222.115,215.268,214.336,214.042,214.029,213.229,195.706,195.706,195.686,39.269,39.269
Beta,0.93,0.63,-0.35,-0.93,-1.8,-1.63,-1.42,-0.21,0.24,0.35,0.54,0.65,0.71,0.84,1.43,1.88,0.47,-0.18,0.14,0.36,0.58,0.82,0.76,0.97,0.94,1.1,,0.93,0.43,0.63,0.79,-0.35,0.05,-0.93,-0.87,-1.8,-1.68,-1.63,-1.78,-1.42,-0.82,-0.21,-0.07,0.24,0.35,0.35,0.49,0.54,0.67,0.65,0.73,0.71,0.63,0.84,0.88,1.43,1.45,1.88,1.56,0.47,-0.15,-0.18,0.02,0.14,0.3,0.36,0.43,0.58,0.91,0.82,0.69,0.76,0.96,0.97,0.6,0.94,0
Restated Filing Date,03/30/22,03/30/22,03/30/22,03/26/21,03/27/20,03/29/19,03/29/18,03/31/17,03/31/16,04/02/15,04/14/14,04/26/13,04/23/12,04/19/10,04/19/10,12/31/08,,,,04/07/03,04/07/03,,,,,03/30/22,,03/30/22,08/06/21,03/30/22,08/06/21,03/30/22,08/07/20,03/26/21,08/08/19,03/27/20,08/20/18,03/29/19,08/21/17,03/29/18,08/15/16,03/31/17,08/17/15,03/31/16,08/11/14,04/02/15,09/13/13,04/14/14,09/05/12,04/26/13,10/03/11,04/23/12,09/07/10,04/19/10,02/09/10,04/19/10,,12/31/08,07/09/07,,,,07/14/05,,,04/07/03,,04/07/03,,,,,,,,,
Filing Date,03/30/22,03/26/21,03/27/20,03/29/19,03/29/18,03/31/17,03/31/16,04/02/15,04/14/14,04/26/13,04/23/12,05/31/11,04/19/10,04/19/10,04/19/10,12/31/08,,,,04/07/03,06/28/02,,,,,03/30/22,,03/30/22,08/06/21,03/26/21,08/07/20,03/27/20,08/08/19,03/29/19,08/20/18,03/29/18,08/21/17,03/31/17,08/15/16,03/31/16,08/17/15,04/02/15,08/11/14,04/14/14,09/13/13,04/26/13,09/05/12,04/23/12,10/03/11,05/31/11,09/07/10,04/19/10,02/09/10,04/19/10,02/09/10,04/19/10,07/09/07,12/31/08,07/09/07,,07/14/05,,07/14/05,,,04/07/03,,06/28/02,,,,,,,,,
Earnings Release Date,02/22/22,02/22/21,02/21/20,02/19/19,02/20/18,02/21/17,02/22/16,02/23/15,02/19/14,02/20/13,02/15/12,,02/17/10,,,,,,,,,,,,,02/22/22,,02/22/22,08/05/21,02/22/21,08/07/20,02/21/20,08/08/19,02/19/19,08/20/18,02/20/18,08/21/17,02/21/17,08/15/16,02/22/16,08/17/15,02/23/15,08/11/14,02/19/14,08/07/13,02/20/13,08/06/12,02/15/12,08/04/11,,,02/17/10,07/31/09,,,,,,,,,,,,,,,,,,,,,,,,
Number of Shareholders,0,0,11837,11342,0,13960,8479,8483,14823,19070,9411,9049,0,15923,19250,0,0,0,0,0,0,0,0,0,0,0,,0,0,0,0,11837,0,11342,0,0,0,13960,0,8479,0,8483,0,14823,0,19070,0,9411,0,9049,0,0,0,15923,0,19250,0,0,0,0,0,0,0,0,0,0,0,0,0,0,0,0,0,0,0,0,0
Number of Employees,30561,36952,34263,29968,36072,52649,52266,58057,66434,65822,61242,62046,63364,62895,61522,61453,63993,65400,55439,53097,70380,84036,86226,82449,128375,30561,,30561,36952,36952,34263,34263,29968,29968,36072,36072,52649,52649,52266,52266,58057,58057,66434,66434,65822,65822,61242,61242,62046,62046,63364,63364,62895,62895,61522,61522,61453,61453,63993,63993,65400,65400,55439,55439,53097,53097,70380,70380,84036,84036,86226,86226,82449,82449,128375,128375,0
,,,,,,,,,,,,,,,,,,,,,,,,,,,,,,,,,,,,,,,,,,,,,,,,,,,,,,,,,,,,,,,,,,,,,,,,,,,,,
Forex Rate,1,1,1,1,1,1,1,1,1,1,1,1,1,1,1,1,1,1,1,1,1,1,1,1,1,,,1,1,1,1,1,1,1,1,1,1,1,1,1,1,1,1,1,1,1,1,1,1,1,1,1,1,1,1,1,1,1,1,1,1,1,1,1,1,1,1,1,1,1,1,1,1,1,1,1,1
,,,,,,,,,,,,,,,,,,,,,,,,,,,,,,,,,,,,,,,,,,,,,,,,,,,,,,,,,,,,,,,,,,,,,,,,,,,,,
