0,1,2,3,4,5,6,7,8,9,10,11,12,13,14,15,16,17,18,19,20,21,22,23,24,25,26,27,28,29,30,31,32,33,34,35,36,37,38,39,40,41,42,43,44,45,46,47,48,49,50,51,52,53,54,55,56,57,58,59,60,61,62,63,64,65,66,67,68,69,70,71,72,73,74,75
Downloaded from http://www.GuruFocus.com on Mon Jun 20 2022 17:06:46 GMT+0700 (GMT+07:00),,,,,,,,,,,,,,,,,,,,,,,,,,,,,,,,,,,,,,,,,,,,,,,,,,,,,,,,,,,,,,,,,,,,,,,,,,,
GuruFocus_NYSE:FNV_Financial_2022-6-20 at 17:6.csv,,,,,,,,,,,,,,,,,,,,,,,,,,,,,,,,,,,,,,,,,,,,,,,,,,,,,,,,,,,,,,,,,,,,,,,,,,,
,,,,,,,,,,,,,,,,,,,,,,,,,,,,,,,,,,,,,,,,,,,,,,,,,,,,,,,,,,,,,,,,,,,,,,,,,,,
NYSE:FNV,"Franco-Nevada Corp, Canada, Basic Materials, Metals & Mining, Gold",,,,,,,,,,,,,,,,,,,,,,,,,,,,,,,,,,,,,,,,,,,,,,,,,,,,,,,,,,,,,,,,,,,,,,,,,,
Key Statistics: ,,,,,,,,,,,,,,,,,,,,,,,,,,,,,,,,,,,,,,,,,,,,,,,,,,,,,,,,,,,,,,,,,,,,,,,,,,,
Price,139,,,,,,,,,,,,,,,,,,,,,,,,,,,,,,,,,,,,,,,,,,,,,,,,,,,,,,,,,,,,,,,,,,,,,,,,,,
Market Cap (Million),26757.435,,,,,,,,,,,,,,,,,,,,,,,,,,,,,,,,,,,,,,,,,,,,,,,,,,,,,,,,,,,,,,,,,,,,,,,,,,
Shares Outstanding (Million),191.48,,,,,,,,,,,,,,,,,,,,,,,,,,,,,,,,,,,,,,,,,,,,,,,,,,,,,,,,,,,,,,,,,,,,,,,,,,
PE Ratio,36.94,,,,,,,,,,,,,,,,,,,,,,,,,,,,,,,,,,,,,,,,,,,,,,,,,,,,,,,,,,,,,,,,,,,,,,,,,,
PB Ratio,4.41,,,,,,,,,,,,,,,,,,,,,,,,,,,,,,,,,,,,,,,,,,,,,,,,,,,,,,,,,,,,,,,,,,,,,,,,,,
PS Ratio,20.73,,,,,,,,,,,,,,,,,,,,,,,,,,,,,,,,,,,,,,,,,,,,,,,,,,,,,,,,,,,,,,,,,,,,,,,,,,
,,,,,,,,,,,,,,,,,,,,,,,,,,,,,,,,,,,,,,,,,,,,,,,,,,,,,,,,,,,,,,,,,,,,,,,,,,,
Growth Rate: ,,,,,,,,,,,,,,,,,,,,,,,,,,,,,,,,,,,,,,,,,,,,,,,,,,,,,,,,,,,,,,,,,,,,,,,,,,,
Annual Rates (per share),10 Years,5 Years,12 Months,,,,,,,,,,,,,,,,,,,,,,,,,,,,,,,,,,,,,,,,,,,,,,,,,,,,,,,,,,,,,,,,,,,,,,,,
Revenue Growth (%),10.7,13.8,18.1,,,,,,,,,,,,,,,,,,,,,,,,,,,,,,,,,,,,,,,,,,,,,,,,,,,,,,,,,,,,,,,,,,,,,,,,
EBITDA  Growth (%),16.1,14.8,24.1,,,,,,,,,,,,,,,,,,,,,,,,,,,,,,,,,,,,,,,,,,,,,,,,,,,,,,,,,,,,,,,,,,,,,,,,
Free Cash Flow Growth (%),0,5.6,0,,,,,,,,,,,,,,,,,,,,,,,,,,,,,,,,,,,,,,,,,,,,,,,,,,,,,,,,,,,,,,,,,,,,,,,,
Book Value Growth (%),7.3,5.1,11.3,,,,,,,,,,,,,,,,,,,,,,,,,,,,,,,,,,,,,,,,,,,,,,,,,,,,,,,,,,,,,,,,,,,,,,,,
,,,,,,,,,,,,,,,,,,,,,,,,,,,,,,,,,,,,,,,,,,,,,,,,,,,,,,,,,,,,,,,,,,,,,,,,,,,
30 Year Financials of NYSE:FNV - Franco-Nevada Corp,,,,,,,,,,,,,,,,,,,,,,,,,,,,,,,,,,,,,,,,,,,,,,,,,,,,,,,,,,,,,,,,,,,,,,,,,,,
,,,,,,,,,,,,,,,,,,,,,,,,,,,,,,,,,,,,,,,,,,,,,,,,,,,,,,,,,,,,,,,,,,,,,,,,,,,
"All Numbers are in Millions except per share data, ratios, and percentage data; All shares outstanding data and per share data are split adjusted",,,,,,,,,,,,,,,,,,,,,,,,,,,,,,,,,,,,,,,,,,,,,,,,,,,,,,,,,,,,,,,,,,,,,,,,,,,
,,,,,,,,,,,,,,,,,,,,,,,,,,,,,,,,,,,,,,,,,,,,,,,,,,,,,,,,,,,,,,,,,,,,,,,,,,,
Annual Data:,,,,,,,,,,,,,,,,,,Quarterly Data:,,,,,,,,,,,,,,,,,,,,,,,,,,,,,,,,,,,,,,,,,,,,,,,,,,,,,,,,,
Fiscal Period:,2021-12,2020-12,2019-12,2018-12,2017-12,2016-12,2015-12,2014-12,2013-12,2012-12,2011-12,2010-12,2009-12,2008-12,2007-12,TTM/current,,2022-03,2021-12,2021-09,2021-06,2021-03,2020-12,2020-09,2020-06,2020-03,2019-12,2019-09,2019-06,2019-03,2018-12,2018-09,2018-06,2018-03,2017-12,2017-09,2017-06,2017-03,2016-12,2016-09,2016-06,2016-03,2015-12,2015-09,2015-06,2015-03,2014-12,2014-09,2014-06,2014-03,2013-12,2013-09,2013-06,2013-03,2012-12,2012-09,2012-06,2012-03,2011-12,2011-09,2011-06,2011-03,2010-12,2010-09,2010-06,2010-03,2009-12,2009-09,2009-06,2009-03,2008-12,2008-09,2008-06,2008-03,2007-12
Per Share Data,,,,,,,,,,,,,,,,,,,,,,,,,,,,,,,,,,,,,,,,,,,,,,,,,,,,,,,,,,,,,,,,,,,,,,,,,,,
Revenue per Share,6.789,5.35,4.49,3.504,3.682,3.459,2.827,2.92,2.712,2.959,3.279,1.974,1.853,1.532,0.038,6.94,,1.767,1.709,1.652,1.813,1.615,1.587,1.467,1.025,1.267,1.364,1.253,0.909,0.96,0.795,0.915,0.866,0.93,0.892,0.925,0.899,0.961,0.882,0.954,0.842,0.789,0.772,0.657,0.693,0.693,0.782,0.706,0.725,0.702,0.677,0.668,0.631,0.736,0.791,0.718,0.703,0.74,0.902,0.87,0.83,0.626,0.651,0.477,0.436,0.41,0.71,0.363,0.436,0.329,0.423,0.396,0.406,0.3,0
EBITDA per Share,6.045,3.046,3.599,2.351,2.795,2.524,1.706,2.123,1.118,1.959,1.372,1.678,1.751,1.271,-0.362,6.15,,1.488,1.78,1.41,1.474,1.37,1.373,1.241,0.83,-0.416,1.081,1.025,0.742,0.756,0.22,0.711,0.667,0.745,0.668,0.723,0.685,0.714,0.437,0.782,0.684,0.627,0.197,0.469,0.523,0.51,0.386,0.558,0.603,0.582,-0.424,0.549,0.421,0.567,0.069,0.67,0.564,0.645,-0.514,0.757,0.645,0.5,0.459,0.322,0.503,0.394,0.569,0.339,0.553,0.286,0.299,0.357,0.352,0.257,0
EBIT per Share,4.481,1.782,2.199,1.023,1.306,0.972,0.328,1.047,0.243,1.081,0.33,0.908,0.926,0.383,-0.39,4.57,,1.099,1.372,1.029,1.071,0.998,1.021,0.943,0.556,-0.756,0.697,0.649,0.428,0.431,-0.11,0.357,0.347,0.419,0.327,0.343,0.316,0.316,0.055,0.377,0.303,0.235,-0.222,0.154,0.212,0.181,0.075,0.306,0.337,0.339,-0.657,0.331,0.23,0.335,-0.158,0.457,0.352,0.421,-0.766,0.49,0.354,0.283,0.226,0.151,0.305,0.226,0.373,0.16,0.326,0.058,-0.003,0.149,0.148,0.088,0
Earnings per Share (Diluted),3.83,1.71,1.83,0.75,1.06,0.69,0.16,0.7,0.08,0.71,-0.05,0.55,0.75,0.41,-0.38,3.89,,0.95,1.15,0.87,0.92,0.9,0.92,0.81,0.5,-0.52,0.6,0.54,0.34,0.35,-0.17,0.28,0.29,0.35,0.23,0.32,0.25,0.25,-0.03,0.3,0.24,0.18,-0.2,0.1,0.14,0.12,-0.01,0.22,0.25,0.24,-0.55,0.24,0.15,0.24,-0.23,0.35,0.25,0.33,-0.85,0.34,0.26,0.18,0.15,0.07,0.19,0.13,0.36,0.11,0.24,0.04,0.15,0.1,0.1,0.06,-21.31
EPS without NRI,3.83,1.71,1.83,0.75,1.06,0.69,0.16,0.7,0.08,0.71,-0.05,0.55,0.75,0.41,-0.38,3.89,,0.95,1.15,0.87,0.92,0.9,0.92,0.81,0.5,-0.52,0.6,0.54,0.34,0.35,-0.17,0.28,0.29,0.35,0.23,0.32,0.25,0.25,-0.03,0.3,0.24,0.18,-0.2,0.1,0.14,0.12,-0.01,0.22,0.25,0.24,-0.55,0.24,0.15,0.24,-0.23,0.35,0.25,0.33,-0.85,0.34,0.26,0.18,0.15,0.07,0.19,0.13,0.36,0.11,0.24,0.04,0.15,0.1,0.1,0.06,-21.31
Owner Earnings per Share (TTM),2.47,-0.12,-0.3,-1.58,-0.41,-0.64,-0.91,-0.19,-0.48,0.6,0,0,0,0,0,2.57,,2.69,2.47,1.83,1.86,1.87,-0.12,-1.25,-1.31,-1.41,-0.3,-1.66,-1.56,-1.55,-1.58,-0.87,-0.92,-0.84,-0.41,-0.86,-0.6,-0.58,-0.64,-0.82,-0.88,-1.15,-0.91,0.2,-0.06,-0.14,-0.19,-0.37,-0.53,-0.47,-0.48,0.24,0.31,0.46,0.6,0.48,0,0,0,0,0,0,0,0,0,0,0,0,0,0,0,0,0,0,0
Free Cash Flow per Share,1.018,2.576,0.918,-2.762,-0.069,-1.565,-4.5,-3.9,0.725,-1.405,1.991,0.992,-0.11,0.02,-14.079,2.03,,1.187,1.355,1.043,-1.559,0.176,0.564,0.4,0.767,0.847,0.933,-0.907,0.43,0.459,-1.011,0.208,0.11,-2.071,-0.013,-0.309,-0.059,0.322,-0.149,0.442,0.353,-2.346,-5.655,0.479,0.327,0.353,-3.777,0.339,0.175,-0.504,-0.22,0.419,0.03,0.496,-2.231,0.463,0.428,-0.08,0.618,0.404,0.378,0.577,0.358,0.05,0.285,0.3,-0.118,0.361,0.146,-0.542,-0.698,0.348,0.279,0.094,0
Operating Cash Flow per Share,4.989,4.216,3.286,2.547,2.666,2.67,2.003,1.762,1.687,2.123,2.295,1.421,1.134,1.105,-0.01,5.02,,1.203,1.455,1.08,1.281,1.173,1.283,1.113,0.788,1.028,0.976,0.906,0.635,0.767,0.525,0.688,0.597,0.738,0.674,0.625,0.695,0.666,0.692,0.675,0.577,0.741,0.54,0.633,0.381,0.44,0.457,0.537,0.334,0.429,0.277,0.429,0.463,0.517,0.604,0.471,0.452,0.593,0.629,0.676,0.383,0.584,0.475,0.353,0.287,0.306,0.352,0.364,0.192,0.211,0.338,0.357,0.286,0.109,0
Cash per Share,2.819,2.797,0.698,0.373,2.749,1.418,0.948,3.786,5.355,5.315,5.86,4.782,4.461,2.142,0.145,3.774,,3.774,2.819,1.813,1.035,2.819,2.797,2.446,1.986,1.105,0.698,0.486,2.307,0.388,0.373,0.413,0.387,0.471,2.749,2.94,3.312,1.584,1.418,1.558,1.268,1.051,0.948,3.908,3.894,3.825,3.786,7.829,4.855,4.618,5.355,5.726,5.427,5.627,5.315,7.715,6.856,6.618,5.86,2.909,2.239,2.166,4.782,5.334,5.195,4.994,4.461,4.739,4.279,1.55,2.142,3.171,2.924,2.76,0.145
Dividends per Share,1.16,1.03,0.99,0.95,0.91,0.87,0.83,0.72,0.72,0.56,0.409,0.321,0.253,0.217,0,1.22,,0.32,0.3,0.3,0.3,0.26,0.26,0.26,0.26,0.25,0.25,0.25,0.25,0.24,0.24,0.24,0.24,0.23,0.23,0.23,0.23,0.22,0.22,0.22,0.22,0.21,0.21,0.21,0.21,0.2,0.2,0.2,0.2,0.12,0.18,0.18,0.18,0.18,0.16,0.15,0.13,0.12,0.12,0.12,0.091,0.078,0.074,0.072,0.024,0.15,0.132,0,0.121,0,0.097,0,0.121,0,0
Book Value per Share,31.49,28.508,26.73,24.81,25.308,23.232,17.842,21.763,20.139,21.462,20.484,17.294,17.216,14.293,14.494,32.409,,32.409,31.49,30.489,30.347,29.332,28.508,27.409,26.604,25.673,26.73,26.013,25.615,25.257,24.81,25.461,25.246,25.194,25.308,25.111,24.659,23.372,23.232,23.502,23.346,23.257,17.842,20.671,21.186,21.131,21.763,22.202,20.578,20.183,20.139,21.167,20.905,21.334,21.462,21.981,21.224,21.313,20.484,19.481,19.597,19.363,17.294,17.798,17.404,17.637,17.216,16.597,15.988,14.188,14.293,15.09,15.325,15.243,14.494
Tangible Book per Share,31.49,28.508,26.73,24.81,25.308,23.232,17.842,21.763,20.139,21.462,20.484,17.294,17.216,14.293,14.494,32.409,,32.409,31.49,30.489,30.347,29.332,28.508,27.409,26.604,25.673,26.73,26.013,25.615,25.257,24.81,25.461,25.246,25.194,25.308,25.111,24.659,23.372,23.232,23.502,23.346,23.257,17.842,20.671,21.186,21.131,21.763,22.202,20.578,20.183,20.139,21.167,20.905,21.334,21.462,21.981,21.224,21.313,20.484,19.481,19.597,19.363,17.294,17.798,17.404,17.637,17.216,16.597,15.988,14.188,14.293,15.09,15.325,15.243,14.494
Total Debt per Share,0,0,0.422,1.112,0,0,2.58,0,0,0,0,0,0,0,0,0,,0,0,0,0,0,0,0,0,0,0.422,1.299,2.321,0.855,1.112,0,0,0,0,0,0,0,0,0,0,0,2.58,0,0,0,0,0,0,0,0,0,0,0,0,0,0,0,0,0,0,0,0,0,0,0,0,0,0,0,0,0,0,0,0
Month End Stock Price,138.29,125.33,103.3,70.17,79.95,59.76,45.75,49.19,40.74,57.17,38.07,33.36,26.95,17.36,0,139,,159.52,138.29,129.91,145.07,125.29,125.33,139.58,139.64,99.52,103.3,91.16,84.88,75.05,70.17,62.55,73.02,68.39,79.95,78.62,72.16,65.51,59.76,69.87,76.06,61.38,45.75,44.02,47.65,48.54,49.19,48.88,57.34,45.86,40.74,45.26,35.77,45.59,57.17,58.93,45.2,42.98,38.07,36.07,37.37,36.66,33.36,31.56,30.66,26.82,26.95,26.24,24.07,21.59,17.36,0,0,0,0
,,,,,,,,,,,,,,,,,,,,,,,,,,,,,,,,,,,,,,,,,,,,,,,,,,,,,,,,,,,,,,,,,,,,,,,,,,,
Ratios,,,,,,,,,,,,,,,,,,,,,,,,,,,,,,,,,,,,,,,,,,,,,,,,,,,,,,,,,,,,,,,,,,,,,,,,,,,
ROE %,12.794,6.21,7.099,2.977,4.399,3.344,0.749,3.35,0.383,3.43,-0.282,3.206,4.809,2.966,-2.57,12.63,,11.904,14.908,11.42,12.299,12.42,13.243,11.952,7.592,-7.953,9.093,8.374,5.373,5.572,-2.67,4.413,4.568,5.502,3.714,5.196,4.17,4.384,-0.432,5.214,4.081,3.289,-3.919,1.851,2.607,2.288,0.14,4.086,4.914,4.771,-10.614,4.568,2.787,4.51,-4.157,6.627,4.82,6.343,-15.841,7.103,5.411,3.833,3.438,1.612,4.471,3.042,8.367,2.705,6.247,1.063,4.174,2.594,2.577,1.478,0
ROE % Adjusted to Book Value,2.91,1.41,1.84,1.05,1.39,1.3,0.29,1.48,0.19,1.29,-0.15,1.66,3.07,2.44,,2.87,,2.42,3.39,2.68,2.57,2.91,3.01,2.35,1.45,-2.05,2.35,2.39,1.62,1.88,-0.94,1.8,1.58,2.03,1.18,1.66,1.43,1.56,-0.17,1.75,1.25,1.25,-1.53,0.87,1.16,1,0.06,1.86,1.76,2.1,-5.25,2.14,1.63,2.11,-1.56,2.47,2.26,3.15,-8.52,3.84,2.84,2.02,1.78,0.91,2.54,2,5.34,1.71,4.15,0.7,3.44,,,,
ROA %,12.4326,5.9999,6.7389,2.86,4.3219,3.0953,0.689,3.2771,0.3721,3.3394,-0.2771,3.1133,4.5893,2.8409,-2.4748,12.28,,11.5461,14.4917,11.1225,11.984,12.0987,12.9091,11.6815,7.4302,-7.702,8.5909,7.6471,4.9403,5.2491,-2.5639,4.3342,4.4883,5.4057,3.6504,5.1062,4.0974,4.3073,-0.4249,5.1437,4.0328,3.0552,-3.5958,1.8141,2.5547,2.2458,0.1373,4.0113,4.8216,4.664,-10.3204,4.4434,2.7119,4.3818,-4.041,6.4514,4.703,6.2002,-15.4407,6.906,5.2469,3.7393,3.3169,1.5251,4.2416,2.8971,8.0109,2.5877,5.9573,1.014,4.0005,2.5022,2.4911,1.4266,0
Return-on-Tangible-Equity,12.7945,6.2098,7.0992,2.9773,4.399,3.3436,0.749,3.3504,0.3828,3.4295,-0.2825,3.2064,4.8087,2.966,-2.5701,12.63,,11.9043,14.9075,11.42,12.2989,12.4198,13.243,11.9524,7.5924,-7.9528,9.0933,8.3742,5.3731,5.5724,-2.6704,4.4129,4.5679,5.5022,3.7142,5.1964,4.17,4.3839,-0.4319,5.2145,4.081,3.2889,-3.9189,1.8509,2.6065,2.2884,0.1397,4.086,4.9139,4.7706,-10.6138,4.5685,2.7866,4.5096,-4.1568,6.6275,4.8204,6.3431,-15.8415,7.1025,5.411,3.8326,3.4383,1.6123,4.4709,3.0422,8.3672,2.7047,6.2466,1.0633,4.1741,2.5944,2.577,1.4776,0
Return-on-Tangible-Asset,12.4326,5.9999,6.7389,2.86,4.3219,3.0953,0.689,3.2771,0.3721,3.3394,-0.2771,3.1133,4.5893,2.8409,-2.4748,12.28,,11.5461,14.4917,11.1225,11.984,12.0987,12.9091,11.6815,7.4302,-7.702,8.5909,7.6471,4.9403,5.2491,-2.5639,4.3342,4.4883,5.4057,3.6504,5.1062,4.0974,4.3073,-0.4249,5.1437,4.0328,3.0552,-3.5958,1.8141,2.5547,2.2458,0.1373,4.0113,4.8216,4.664,-10.3204,4.4434,2.7119,4.3818,-4.041,6.4514,4.703,6.2002,-15.4407,6.906,5.2469,3.7393,3.3169,1.5251,4.2416,2.8971,8.0109,2.5877,5.9573,1.014,4.0005,2.5022,2.4911,1.4266,0
ROC (Joel Greenblatt) %,17.16,7.07,8.66,4.39,6.15,4.82,1.68,6.47,1.63,7.4,2.62,8.18,7.91,3.15,-2.73,16.83,,16.01,19.91,14.81,16.07,15.96,16.8,15.77,9.35,-12.14,10.7,10.15,6.86,6.92,-1.79,5.91,5.77,7.34,6.13,6.52,6.06,6.05,1.03,7.17,5.7,4.38,-4.74,3.78,5.09,4.25,1.91,8.35,8.94,9.21,-17.82,8.86,6.15,8.84,-4.35,13.92,,12.25,-20.28,12.49,8.78,8.09,7.96,4.98,10.07,7.52,12.86,5.72,10.87,1.94,-0.1,6.76,6.58,3.01,0
ROCE %,14.66,6.314,8.161,3.941,5.35,4.376,1.448,4.926,1.162,5.161,1.711,5.235,5.692,2.671,-2.516,14.55,,13.46,17.39,13.288,14.108,13.58,14.437,13.759,8.4,-11.282,10.084,9.405,6.34,6.541,-1.687,5.566,5.443,6.567,5.182,5.462,5.208,5.41,0.923,6.467,5.213,4.033,-4.021,2.92,3.98,3.369,1.358,5.668,6.579,6.694,-12.63,6.244,4.332,6.229,-2.829,8.376,6.551,7.98,-14.973,10.136,7.258,5.918,5.063,3.298,6.696,5.036,8.565,3.811,8.023,1.556,-0.07,3.822,3.781,2.223,0
ROIC %,12.73,11.26,6.95,4.28,4.74,4.05,1.86,5.05,2.88,6.58,-1.97,3.81,5.13,3.46,-1.75,12.3,,12.5,11.35,11.77,13.35,13.46,13.44,12.6,7.76,7.07,8.72,8.12,5.25,5.46,7.57,4.43,4.6,5.72,4.19,5.87,4.53,4.57,-2.79,5.46,3.9,3.07,3.19,2.51,2.95,2.97,0.73,5.8,6.05,6.11,6.26,6.02,5.19,6.68,15.25,8.04,6.85,8,12.14,7.28,8.16,7.24,6.32,2.97,2.77,2.7,13.45,3.09,3.4,0.99,-27.96,2.82,2.84,1.39,0
WACC %,4.86,3.85,2.49,3.65,1.98,6.52,9.06,13.49,10.75,6.12,3.85,5.2,9.42,0,0,4.87,,5.7,4.86,4.12,4.33,4.32,3.85,4.72,4.38,2.36,2.49,1.89,2.41,3.99,3.65,7.08,3.73,4.53,1.98,2.74,4.09,6.61,6.52,5.93,7.08,8.54,9.06,8.87,13.02,10.73,13.49,13.21,10.87,9.74,10.75,10.7,8.69,6.35,6.12,6.24,5.05,6.1,3.85,4.57,5.65,5.84,5.2,8.88,9.3,9.49,9.42,9.37,0,0,0,0,0,0,0
Effective Interest Rate on Debt %,,0.5,5.29,0.72,,0.79,0.63,,,,,,,,,,,,,,,,,,,1.5,3.2,3.06,3.36,5.44,-1.73,,,,,,,,,,,1.14,1.22,,,,,,,,,,,,,,,,,,,,,,,,,,,,,,,,
,,,,,,,,,,,,,,,,,,,,,,,,,,,,,,,,,,,,,,,,,,,,,,,,,,,,,,,,,,,,,,,,,,,,,,,,,,,
Gross Margin %,63.24,60.81,51.66,43.98,38.52,37.79,30.25,46.65,52.73,56.46,52.85,87.02,96.68,94.61,94.67,63.58,,65.11,61.37,63.64,64.13,63.81,62.5,65.23,58.9,55.09,53.89,53.59,49.38,48.11,41.77,41.74,44.58,47.54,40.79,39.65,38.2,35.5,40.18,41.34,36.45,31.89,25.72,30.47,33.18,32.14,40.16,47.12,49.12,51.3,47.7,53.24,54.88,54.5,58.55,56.94,54.63,54.95,-24.89,85.7,77.7,79.89,89.17,85.68,86.41,85.79,97.59,96.33,96.05,95.75,95.86,94.41,94.29,93.47,0
Operating Margin %,60.8692,57.9886,48.2526,40.5236,34.8296,33.8414,26.2399,42.4503,48.1916,51.7799,47.8356,40.2289,43.7455,26.5656,-715.2697,60.99,,62.1901,58.4376,62.1878,61.1351,61.7999,60.9852,62.9736,52.9171,52.5156,49.7482,51.2092,46.0997,44.2714,38.2591,38.687,40.2356,44.5407,36.6029,36.6181,34.1687,31.9629,34.9646,38.8372,32.4718,27.5758,23.413,25.6509,28.245,27.9304,36.3415,43.4944,44.1968,46.7819,42.9,48.583,50.3751,50.2757,52.6731,52.4715,50.1461,51.1429,51.4768,50.7502,42.6152,45.1436,45.9606,42.3318,32.2541,37.15,64.289,37.9387,34.129,14.1382,15.1025,33.2384,33.2374,24.6225,0
Net Margin %,56.4385,31.9741,40.7653,21.2799,28.8444,20.0262,5.5455,24.1184,2.9184,24.0281,-1.6537,27.5968,40.4946,26.7126,-1008.1987,55.96,,53.719,67.4092,52.4818,50.5042,55.5196,58.0296,55.0036,48.3112,-41.0811,43.8977,43.1056,37.5367,36.2625,-21.1201,30.5393,33.23,37.3195,26.0167,34.9854,27.8729,26.4042,-2.8976,31.6279,28.0318,22.7273,-25.8862,14.6577,19.7441,17.5824,0.9756,30.855,34.2618,34.0058,-80.6,35.7287,23.1511,32.5368,-29.0096,49.4297,35.9299,44.5714,-88.9451,38.9232,31.3264,29.0014,23.0423,14.7332,44.4469,31.9116,49.2896,30.0389,55.6556,11.4658,36.1957,24.7183,24.0954,18.8798,0
EBITDA Margin %,89.0538,56.9398,80.1682,67.1004,75.9111,72.9761,60.3472,72.717,41.2073,66.2061,41.8288,84.9912,94.4885,82.9444,-949.1314,88.65,,84.209,104.1807,85.362,81.3022,84.8495,86.5025,84.5961,80.9621,-32.8482,79.2329,81.7989,81.5836,78.7542,27.6653,77.7257,77.0614,80.1271,74.8804,78.2507,76.2225,74.2907,49.5171,81.9186,81.2459,79.4697,25.474,71.3597,75.4113,73.5348,49.3496,79.0892,83.1941,82.9011,-62.7,82.1862,66.6667,77.114,8.7642,93.346,80.2337,87.1429,-56.962,86.9373,77.7338,79.9056,70.592,67.4267,115.2435,96.1862,80.1201,93.378,126.7553,86.8462,70.7389,90.1107,86.7421,85.705,0
FCF Margin %,14.9923,48.1572,20.436,-78.812,-1.8667,-45.2475,-159.1749,-133.5669,26.7398,-47.4941,60.7247,50.2641,-5.9606,1.2798,-36935.477,29.23,,67.1488,79.2798,63.1679,-85.9695,10.9097,35.5337,27.2337,74.8209,66.8191,68.4231,-72.4226,47.2727,47.8309,-127.1255,22.7433,12.7092,-222.8192,-1.4952,-33.4111,-6.5403,33.5263,-16.935,46.3372,41.9483,-297.5758,-732.8937,72.9026,47.1664,51.0073,-482.7642,48.0483,24.1411,-71.854,-32.5,62.753,4.716,67.3713,-282.1209,64.5437,60.8569,-10.7619,68.5232,46.481,45.54,92.2408,54.9747,10.5507,65.3082,73.1926,-16.5906,99.377,33.4879,-164.5398,-165.0331,87.8795,68.8389,31.4251,
,,,,,,,,,,,,,,,,,,,,,,,,,,,,,,,,,,,,,,,,,,,,,,,,,,,,,,,,,,,,,,,,,,,,,,,,,,,
Debt-to-Equity,0,0,0.016,0.045,0,0,0.145,0,0,0,0,0,0,0,0,0,,0,0,0,0,0,0,0,0,0,0.016,0.05,0.091,0.034,0.045,0,0,0,0,0,0,0,0,0,0,0,0.145,0,0,0,0,0,0,0,0,0,0,0,0,0,0,0,0,0,0,0,0,0,0,0,0,0,0,0,0,0,0,0,0
Equity-to-Asset,0.97,0.973,0.959,0.939,0.983,0.982,0.861,0.982,0.973,0.971,0.977,0.987,0.955,0.953,0.963,0.97,,0.97,0.97,0.974,0.974,0.975,0.973,0.976,0.978,0.979,0.959,0.931,0.896,0.945,0.939,0.981,0.983,0.982,0.983,0.983,0.982,0.983,0.982,0.985,0.988,0.989,0.861,0.98,0.98,0.98,0.982,0.983,0.981,0.982,0.973,0.971,0.974,0.973,0.971,0.973,0.973,0.978,0.977,0.972,0.973,0.967,0.987,0.944,0.948,0.95,0.955,0.96,0.954,0.954,0.953,0.963,0.966,0.968,0.963
Debt-to-Asset,0,0,0.015,0.042,0,0,0.124,0,0,0,0,0,0,0,0,0,,0,0,0,0,0,0,0,0,0,0.015,0.046,0.081,0.032,0.042,0,0,0,0,0,0,0,0,0,0,0,0.124,0,0,0,0,0,0,0,0,0,0,0,0,0,0,0,0,0,0,0,0,0,0,0,0,0,0,0,0,0,0,0,0
Liabilities-to-Assets,0.03,0.03,0.04,0.06,0.02,0.02,0.14,0.02,0.03,0.03,0.02,0.01,0.04,0.05,0.04,0.03,,0.03,0.03,0.03,0.03,0.03,0.03,0.02,0.02,0.02,0.04,0.07,0.1,0.06,0.06,0.02,0.02,0.02,0.02,0.02,0.02,0.02,0.02,0.01,0.01,0.01,0.14,0.02,0.02,0.02,0.02,0.02,0.02,0.02,0.03,0.03,0.03,0.03,0.03,0.03,0.03,0.02,0.02,0.03,0.03,0.03,0.01,0.06,0.05,0.05,0.04,0.04,0.05,0.05,0.05,0.04,0.03,0.03,0.04
Gross-Profit-to-Asset %,13.931,11.411,8.541,5.911,5.771,5.841,3.758,6.339,6.723,7.847,8.855,9.817,10.957,10.062,0.232,13.96,,13.995,13.193,13.488,15.218,13.905,13.903,13.852,9.06,10.329,10.547,9.506,6.5,6.964,5.07,5.923,6.021,6.887,5.723,5.787,5.616,5.79,5.892,6.723,5.244,4.287,3.573,3.771,4.293,4.106,5.651,6.126,6.912,7.035,6.108,6.621,6.428,7.34,8.155,7.432,7.15,7.644,-4.322,15.206,13.015,10.301,12.836,8.869,8.246,7.789,15.861,8.298,10.281,8.468,10.595,9.557,9.748,7.063,0
,,,,,,,,,,,,,,,,,,,,,,,,,,,,,,,,,,,,,,,,,,,,,,,,,,,,,,,,,,,,,,,,,,,,,,,,,,,
Asset Turnover,0.22,0.188,0.165,0.134,0.15,0.155,0.124,0.136,0.127,0.139,0.168,0.113,0.113,0.106,0.002,0.22,,0.054,0.054,0.053,0.059,0.054,0.056,0.053,0.038,0.047,0.049,0.044,0.033,0.036,0.03,0.035,0.034,0.036,0.035,0.036,0.037,0.041,0.037,0.041,0.036,0.034,0.035,0.031,0.032,0.032,0.035,0.033,0.035,0.034,0.032,0.031,0.029,0.034,0.035,0.033,0.033,0.035,0.043,0.044,0.042,0.032,0.036,0.026,0.024,0.023,0.041,0.022,0.027,0.022,0.028,0.025,0.026,0.019,0
Dividend Payout Ratio,0.303,0.602,0.541,1.267,0.858,1.261,5.188,1.029,9,0.789,,0.583,0.337,0.53,,0.31,,0.337,0.261,0.345,0.326,0.289,0.283,0.321,0.52,,0.417,0.463,0.735,0.686,,0.857,0.828,0.657,1,0.719,0.92,0.88,,0.733,0.917,1.167,,2.1,1.5,1.667,,0.909,0.8,0.5,,0.75,1.2,0.75,,0.429,0.52,0.364,,0.353,0.352,0.432,0.493,1.034,0.128,1.154,0.368,0,0.502,0,0.644,0,1.207,0,
,,,,,,,,,,,,,,,,,,,,,,,,,,,,,,,,,,,,,,,,,,,,,,,,,,,,,,,,,,,,,,,,,,,,,,,,,,,
Days Sales Outstanding,29.93,34.2,37.47,39.51,37.04,40.74,56.44,61.92,73.47,69.45,70.21,0,0,0,0,34.59,,35.59,37.26,38.01,28.66,28.91,28,28.03,37.71,34.32,32.42,30.27,37.3,36.57,41.93,32.89,34.99,33.55,35.69,31.92,34.64,37.04,42.16,34.17,32.14,39.75,43.29,44.53,44.67,53.48,52.38,60.55,61.98,66.01,65.65,59.94,68.46,66.89,66.7,0,0,68.74,60.91,0,0,0,0,0,0,0,0,0,0,0,0,0,0,0,0
Days Payable,4.58,4.7,6.31,6.73,6.95,7.6,7.31,9.13,11.36,13.25,9.41,33.41,0,0,0,21.31,,17.49,13.69,24.72,24.41,15.22,16.18,33.9,41.99,19.18,15.8,30.65,40.18,21.61,15.07,19.23,21.49,13.87,13.13,18.87,16.83,10.81,14.29,17.54,17.84,12.38,11.7,24.55,27.77,17.73,16.55,31.51,30.31,20.88,41.09,81.08,88.87,43.87,42.73,76.75,0,14.08,12.11,191.49,138.63,16.76,30.36,0,0,0,0,0,0,0,0,0,0,0,
Days Inventory,0.38,2.24,3.94,7.08,4.31,2.6,0,0,0,0,0,0,0,0,0,0.81,,0.42,0.4,0.6,1.36,1.35,0.28,0.33,1.7,2.91,4.14,5.34,0,0,0,3.12,4.34,6.13,3.83,1.06,0.54,1.35,2.65,0,0,0,0,0,0,0,0,0,0,0,0,0,0,0,0,0,0,0,0,0,0,0,0,0,0,0,0,0,0,0,0,0,0,0,
Cash Conversion Cycle,25.73,31.74,35.1,39.86,34.4,35.74,49.13,52.79,62.11,56.2,60.8,-33.41,0,0,0,14.09,,18.53,23.96,13.89,5.6,15.03,12.1,-5.54,-2.57,18.05,20.76,4.96,-2.88,14.95,26.86,16.78,17.84,25.82,26.38,14.12,18.35,27.58,30.52,16.62,14.3,27.37,31.6,19.97,16.89,35.75,35.82,29.04,31.67,45.13,24.57,-21.14,-20.4,23.01,23.97,-76.75,0,54.66,48.8,-191.49,-138.63,-16.76,-30.36,0,0,0,0,0,0,0,0,0,0,0,0
,,,,,,,,,,,,,,,,,,,,,,,,,,,,,,,,,,,,,,,,,,,,,,,,,,,,,,,,,,,,,,,,,,,,,,,,,,,
Inventory Turnover,955.8,163.18,92.73,51.54,84.69,140.59,,,,,,,,,,448.43,,214.91,230.18,153.33,67.3,67.76,326.29,278,53.53,31.3,22.04,17.09,,,,29.24,21.04,14.89,23.86,86.25,168.5,67.52,34.41,,,,,,,,,,,,,,,,,,,,,,,,,,,,,,,,,,,,
COGS-to-Revenue,0.37,0.39,0.48,0.56,0.61,0.62,0.7,0.53,0.47,0.44,0.47,0.13,0.03,0.05,0.05,0.36,,0.35,0.39,0.36,0.36,0.36,0.38,0.35,0.41,0.45,0.46,0.46,0.51,0.52,0.58,0.58,0.55,0.52,0.59,0.6,0.62,0.65,0.6,0.59,0.64,0.68,0.74,0.7,0.67,0.68,0.6,0.53,0.51,0.49,0.52,0.47,0.45,0.45,0.41,0.43,0.45,0.45,1.25,0.14,0.22,0.2,0.11,0.14,0.14,0.14,0.02,0.04,0.04,0.04,0.04,0.06,0.06,0.07,0
Inventory-to-Revenue,0,0.002,0.005,0.011,0.007,0.004,0,0,0,0,0,0,0,0,0,0.001,,0.002,0.002,0.002,0.005,0.005,0.001,0.001,0.008,0.014,0.021,0.027,0,0,0,0.02,0.026,0.035,0.025,0.007,0.004,0.01,0.017,0,0,0,0,0,0,0,0,0,0,0,0,0,0,0,0,0,0,0,0,0,0,0,0,0,0,0,0,0,0,0,0,0,0,0,
Capex-to-Revenue,0.59,0.31,0.53,1.52,0.74,1.22,2.3,1.94,0.35,1.19,0.09,0.22,0.67,0.71,369.1,0.431,,0.01,0.06,0.02,1.57,0.62,0.45,0.49,0.02,0.14,0.03,1.45,0.23,0.32,1.93,0.52,0.56,3.02,0.77,1.01,0.84,0.36,0.95,0.24,0.27,3.92,8.03,0.23,0.08,0.13,5.41,0.28,0.22,1.33,0.74,0.01,0.69,0.03,3.59,0.01,0.03,0.91,0.01,0.31,0.01,0.01,0.18,0.63,0.01,0.02,0.66,0.01,0.11,2.29,2.45,0.02,0.02,0.05,0
Capex-to-Operating-Income,0.96,0.53,1.09,3.74,2.13,3.62,8.77,4.57,0.74,2.3,0.19,0.54,1.54,2.67,0,0.706,,0.01,0.1,0.04,2.56,1,0.74,0.77,0.04,0.27,0.06,2.83,0.49,0.72,5.05,1.35,1.4,6.79,2.1,2.76,2.45,1.12,2.73,0.63,0.82,14.2,34.29,0.91,0.28,0.45,14.89,0.65,0.5,2.84,1.71,0.03,1.36,0.06,6.81,0.02,0.07,1.78,0.02,0.61,0.01,0.02,0.39,1.5,0.02,0.04,1.03,0.02,0.31,16.18,16.22,0.07,0.05,0.2,0
Capex-to-Operating-Cash-Flow,0.8,0.39,0.72,2.08,1.03,1.59,3.25,3.21,0.57,1.66,0.13,0.3,1.1,0.98,0,0.596,,0.01,0.07,0.03,2.22,0.85,0.56,0.64,0.03,0.18,0.04,2,0.32,0.4,2.93,0.7,0.82,3.81,1.02,1.49,1.08,0.52,1.22,0.34,0.39,4.17,11.47,0.24,0.14,0.2,9.26,0.37,0.48,2.18,1.79,0.02,0.94,0.04,4.69,0.02,0.05,1.13,0.02,0.4,0.01,0.01,0.25,0.86,0.01,0.02,1.33,0.01,0.24,3.56,3.06,0.03,0.02,0.13,0
,,,,,,,,,,,,,,,,,,,,,,,,,,,,,,,,,,,,,,,,,,,,,,,,,,,,,,,,,,,,,,,,,,,,,,,,,,,
Income Statement,,,,,,,,,,,,,,,,,,,,,,,,,,,,,,,,,,,,,,,,,,,,,,,,,,,,,,,,,,,,,,,,,,,,,,,,,,,
Revenue,1300,1020.2,844.1,653.2,675,610.2,443.6,442.4,400.9,427,411.2,227.2,199.728,151.041,3.281,1329.9,,338.8,327.7,316.3,347.1,308.9,304.5,279.8,195.4,240.5,258.1,235.7,170.5,179.8,148.2,170.6,161.3,173.1,167.2,171.5,163.6,172.7,155.3,172,150.9,132,121.3,103.7,109.4,109.2,123,107.6,107.7,104.1,100,98.8,93.3,108.8,114.1,105.2,102.7,105,118.5,113.3,106.3,73.1,74.949,55.039,50.251,46.961,80.443,41.09,45.079,33.116,42.483,40.023,40.987,27.548,0
Cost of Goods Sold,477.9,399.8,408,365.9,415,379.6,309.4,236,189.5,185.9,193.9,29.5,6.637,8.137,0.175,484.3,,118.2,126.6,115,124.5,111.8,114.2,97.3,80.3,108,119,109.4,86.3,93.3,86.3,99.4,89.4,90.8,99,103.5,101.1,111.4,92.9,100.9,95.9,89.9,90.1,72.1,73.1,74.1,73.6,56.9,54.8,50.7,52.3,46.2,42.1,49.5,47.3,45.3,46.6,47.3,148,16.2,23.7,14.7,8.115,7.883,6.831,6.671,1.939,1.509,1.782,1.407,1.76,2.238,2.339,1.8,0
Gross Profit,822.1,620.4,436.1,287.3,260,230.6,134.2,206.4,211.4,241.1,217.3,197.7,193.091,142.904,3.106,845.6,,220.6,201.1,201.3,222.6,197.1,190.3,182.5,115.1,132.5,139.1,126.3,84.2,86.5,61.9,71.2,71.9,82.3,68.2,68,62.5,61.3,62.4,71.1,55,42.1,31.2,31.6,36.3,35.1,49.4,50.7,52.9,53.4,47.7,52.6,51.2,59.3,66.8,59.9,56.1,57.7,-29.5,97.1,82.6,58.4,66.834,47.156,43.42,40.29,78.504,39.581,43.297,31.709,40.723,37.785,38.648,25.748,0
Gross Margin %,63.24,60.81,51.66,43.98,38.52,37.79,30.25,46.65,52.73,56.46,52.85,87.02,96.68,94.61,94.67,63.58,,65.11,61.37,63.64,64.13,63.81,62.5,65.23,58.9,55.09,53.89,53.59,49.38,48.11,41.77,41.74,44.58,47.54,40.79,39.65,38.2,35.5,40.18,41.34,36.45,31.89,25.72,30.47,33.18,32.14,40.16,47.12,49.12,51.3,47.7,53.24,54.88,54.5,58.55,56.94,54.63,54.95,-24.89,85.7,77.7,79.89,89.17,85.68,86.41,85.79,97.59,96.33,96.05,95.75,95.86,94.41,94.29,93.47,0
,,,,,,,,,,,,,,,,,,,,,,,,,,,,,,,,,,,,,,,,,,,,,,,,,,,,,,,,,,,,,,,,,,,,,,,,,,,
"Selling, General, & Admin. Expense",30.8,28.8,28.8,22.6,24.9,20.7,15.1,16.4,15.2,17.4,18,15.2,14.531,13.845,24.171,34.5,,9.9,9.6,4.6,10.4,6.2,4.6,6.3,11.7,6.2,10.7,5.6,5.6,6.9,5.2,5.2,7,5.2,7,5.2,6.6,5.3,5.8,3.8,5.7,5.4,2.9,4,4.1,4.1,4.4,3.3,4.5,4.2,3.8,4.1,3.6,3.7,5.8,4.2,3.8,3.6,5.6,4.4,0,0,4.53,3.585,4.072,3.013,3.568,3.418,3.933,3.612,3.594,3.107,3.986,3.158,0
Research & Development,0,0,0,0,3.6,3.4,2.7,2.2,3,2.6,2.6,2.5,2.243,1.409,0.015,0,,0,0,0,0,0,0,0,0,0,0,0,0,0,0,0,0,0,0,0,0,0.8,2.3,0.5,0.3,0.3,-0.1,1,1.3,0.5,0.3,0.6,0.8,0.5,1,0.5,0.6,0.9,0.9,0.5,0.8,0.4,1.3,0.5,0,0,1.028,0.574,0.307,0.591,0.991,0.326,0.48,0.446,0.395,0.335,0.409,0.27,0
Other Operating Expense,0,0,0,0,-3.6,0,0,0,0,0,0,88.6,88.945,87.525,2.388,0,,0,0,0,0,0,0,0,0,0,0,0,0,0,0,0,0,0,0,0,0,0,0,0,0,0,0,0,0,0,0,0,0,0,0,0,0,0,0,0,0,0,-97.4,34.7,37.3,25.4,26.829,19.698,22.833,19.24,22.229,20.248,23.499,22.969,30.318,21.04,20.63,15.537,0
Total Operating Expense,30.8,28.8,28.8,22.6,24.9,24.1,17.8,18.6,18.2,20,20.6,106.3,105.719,102.779,26.574,34.5,,9.9,9.6,4.6,10.4,6.2,4.6,6.3,11.7,6.2,10.7,5.6,5.6,6.9,5.2,5.2,7,5.2,7,5.2,6.6,6.1,8.1,4.3,6,5.7,2.8,5,5.4,4.6,4.7,3.9,5.3,4.7,4.8,4.6,4.2,4.6,6.7,4.7,4.6,4,-90.5,39.6,37.3,25.4,32.387,23.857,27.212,22.844,26.788,23.992,27.912,27.027,34.307,24.482,25.025,18.965,0
Operating Income,791.3,591.6,407.3,264.7,235.1,206.5,116.4,187.8,193.2,221.1,196.7,91.4,87.372,40.125,-23.468,811.1,,210.7,191.5,196.7,212.2,190.9,185.7,176.2,103.4,126.3,128.4,120.7,78.6,79.6,56.7,66,64.9,77.1,61.2,62.8,55.9,55.2,54.3,66.8,49,36.4,28.4,26.6,30.9,30.5,44.7,46.8,47.6,48.7,42.9,48,47,54.7,60.1,55.2,51.5,53.7,61,57.5,45.3,33,34.447,23.299,16.208,17.446,51.716,15.589,15.385,4.682,6.416,13.303,13.623,6.783,0
Operating Margin %,60.8692,57.9886,48.2526,40.5236,34.8296,33.8414,26.2399,42.4503,48.1916,51.7799,47.8356,40.2289,43.7455,26.5656,-715.2697,60.99,,62.1901,58.4376,62.1878,61.1351,61.7999,60.9852,62.9736,52.9171,52.5156,49.7482,51.2092,46.0997,44.2714,38.2591,38.687,40.2356,44.5407,36.6029,36.6181,34.1687,31.9629,34.9646,38.8372,32.4718,27.5758,23.413,25.6509,28.245,27.9304,36.3415,43.4944,44.1968,46.7819,42.9,48.583,50.3751,50.2757,52.6731,52.4715,50.1461,51.1429,51.4768,50.7502,42.6152,45.1436,45.9606,42.3318,32.2541,37.15,64.289,37.9387,34.129,14.1382,15.1025,33.2384,33.2374,24.6225,0
,,,,,,,,,,,,,,,,,,,,,,,,,,,,,,,,,,,,,,,,,,,,,,,,,,,,,,,,,,,,,,,,,,,,,,,,,,,
  Interest Income,3.7,3.7,3.5,3.1,5.4,3.5,5.3,3.9,3.5,9.6,4.3,3.9,1.887,5.323,0,3.7,,0.7,0.7,0.6,1.7,0.7,0.7,1.1,1,0.9,0.8,0.8,1.2,0.7,0.7,0.7,0.7,1,1.8,1.6,1.1,0.9,0.9,0.5,1,1.1,2.1,1.3,1.1,0.8,0.9,1.2,1.1,0.7,1,0.8,0.8,0.9,1.4,3.5,2.5,2.2,1.4,1.3,0,0,0.972,0.699,0.741,1.488,0.647,0.366,0.509,0.365,1.927,1.8,1.266,0.33,0
  Interest Expense,-0.3,-0.4,-7.6,-1.5,-3.4,-3.6,-2.9,-1.6,-1.9,-1.1,-2.3,-2.3,-1.137,-1.745,-0.099,0.4,,-0.9,2.4,-0.8,-0.3,-0.8,2.3,-0.8,-0.8,-0.3,-1.3,-2.6,-2.5,-2.5,0.9,-0.7,-0.8,-0.9,-1,-0.8,-0.8,-0.8,-0.8,-0.7,-0.8,-1.3,-1.4,-0.6,-0.5,-0.4,-0.4,-0.4,-0.4,-0.4,-0.6,-0.2,-0.4,-0.7,-0.2,-0.3,-0.2,-0.4,-0.2,-0.2,0,0,-0.661,-0.557,-0.564,-0.518,-0.336,-0.279,-0.267,-0.255,-0.853,-0.283,-0.297,-0.312,0
Net Interest Income,0.1,0.2,-7.1,-1.5,2,-0.1,2.4,2.3,1.6,8.5,2,1.6,0.75,3.578,-0.099,0,,-0.2,-0.2,-0.2,0.6,-0.1,-0.1,0.3,0.2,-0.2,-1.3,-2.7,-1.3,-1.8,-1.5,0,-0.1,0.1,0.8,0.8,0.3,0.1,0.1,-0.2,0.2,-0.2,0.7,0.7,0.6,0.4,0.5,0.8,0.7,0.3,0.4,0.6,0.4,0.2,1.2,3.2,2.3,1.8,1.2,1.1,0,0,0.311,0.142,0.177,0.97,0.311,0.087,0.242,0.11,1.074,1.517,0.969,0.018,0
Other Income (Expense),66.4,-252.3,5.7,-74.1,-1.1,-38.5,-70.3,-33.1,-160.8,-74.7,-159.6,9.2,10.516,-7.693,-10.061,73.4,,7.5,74.3,-0.3,-8.1,0.5,12.6,2.6,2.3,-269.8,3.4,1.5,0.4,0.4,-74.8,-0.1,-0.1,0.9,-1.6,-0.7,0.5,0.7,-45.5,0.7,4.4,1.9,-65.4,-3.6,1.4,-2.7,-33.8,-1.4,1.3,0.8,-141,0.1,-13.8,-6.1,-84.3,8.3,-2.6,3.9,-163.1,5,-45.3,-33,-9.34,-6.585,18.129,6.996,-10.141,2.166,17.747,0.744,-8.609,-0.078,0.034,0.96,0
Pretax Income,857.8,339.5,405.9,189.1,236,167.9,48.5,157,34,154.9,39.1,102.2,98.638,36.01,-33.628,884.5,,218,265.6,196.2,204.7,191.3,198.2,179.1,105.9,-143.7,130.5,119.5,77.7,78.2,-19.6,65.9,64.7,78.1,60.4,62.9,56.7,56,8.9,67.3,53.6,38.1,-36.3,23.7,32.9,28.2,11.4,46.2,49.6,49.8,-97.7,48.7,33.6,48.8,-23,66.7,51.2,59.4,-100.9,63.6,0,0,25.418,16.856,34.514,25.412,41.886,17.842,33.374,5.536,-1.119,14.742,14.626,7.761,0
Tax Provision,-124.1,-13.3,-61.8,-50.1,-41.3,-45.7,-23.9,-50.3,-22.3,-52.3,-45.9,-39.5,-17.759,4.337,0.549,-140.3,,-36,-44.7,-30.2,-29.4,-19.8,-21.5,-25.2,-11.5,44.9,-17.2,-17.9,-13.7,-13,-11.7,-13.8,-11.1,-13.5,-16.9,-2.9,-11.1,-10.4,-13.4,-12.9,-11.3,-8.1,4.9,-8.5,-11.3,-9,-10.2,-13,-12.7,-14.4,17.1,-13.4,-12,-13.4,-10.1,-14.7,-14.3,-12.6,-4.5,-19.5,0,0,-8.148,-8.747,-12.179,-10.426,-2.236,-5.499,-8.285,-1.739,16.496,-4.849,-4.75,-2.56,0
Tax Rate %,14.47,3.92,15.23,26.49,17.5,27.22,49.28,32.04,65.59,33.76,117.39,38.65,18,-12.04,1.63,15.86,,16.51,16.83,15.39,14.36,10.35,10.85,14.07,10.86,31.25,13.18,14.98,17.63,16.62,-59.69,20.94,17.16,17.29,27.98,4.61,19.58,18.57,150.56,19.17,21.08,21.26,13.5,35.86,34.35,31.91,89.47,28.14,25.6,28.92,17.5,27.52,35.71,27.46,-43.91,22.04,27.93,21.21,-4.46,30.66,,,32.06,51.89,35.29,41.03,5.34,30.82,24.82,31.41,1474.17,32.89,32.48,32.99,
Net Income (Continuing Operations),733.7,326.2,344.1,139,194.7,122.2,24.6,106.7,11.7,102.6,-6.8,62.7,80.879,40.347,-33.079,744.2,,182,220.9,166,175.3,171.5,176.7,153.9,94.4,-98.8,113.3,101.6,64,65.2,-31.3,52.1,53.6,64.6,43.5,60,45.6,45.6,-4.5,54.4,42.3,30,-31.4,15.2,21.6,19.2,1.2,33.2,36.9,35.4,-80.6,35.3,21.6,35.4,-33.1,52,36.9,46.8,-105.4,44.1,33.3,21.2,17.27,8.109,22.335,14.986,39.65,12.343,25.089,3.797,15.377,9.893,9.876,5.201,0
Net Income (Discontinued Operations),0,0,0,0,0,0,0,0,0,0,0,0,0,0,0,0,,0,0,0,0,0,0,0,0,0,0,0,0,0,0,0,0,0,0,0,0,0,0,0,0,0,0,0,0,0,0,0,0,0,0,0,0,0,0,0,0,0,0,0,0,0,0,0,0,0,0,0,0,0,0,0,0,0,0
  Other Income (Minority Interest),0,0,0,0,0,0,0,0,0,0,0,0,0,0,0,0,,0,0,0,0,0,0,0,0,0,0,0,0,0,0,0,0,0,0,0,0,0,0,0,0,0,0,0,0,0,0,0,0,0,0,0,0,0,0,0,0,0,0,0,0,0,0,0,0,0,0,0,0,0,0,0,0,0,0
Net Income,733.7,326.2,344.1,139,194.7,122.2,24.6,106.7,11.7,102.6,-6.8,62.7,80.879,40.347,-33.079,744.2,,182,220.9,166,175.3,171.5,176.7,153.9,94.4,-98.8,113.3,101.6,64,65.2,-31.3,52.1,53.6,64.6,43.5,60,45.6,45.6,-4.5,54.4,42.3,30,-31.4,15.2,21.6,19.2,1.2,33.2,36.9,35.4,-80.6,35.3,21.6,35.4,-33.1,52,36.9,46.8,-105.4,44.1,33.3,21.2,17.27,8.109,22.335,14.986,39.65,12.343,25.089,3.797,15.377,9.893,9.876,5.201,0
Net Margin %,56.4385,31.9741,40.7653,21.2799,28.8444,20.0262,5.5455,24.1184,2.9184,24.0281,-1.6537,27.5968,40.4946,26.7126,-1008.1987,55.96,,53.719,67.4092,52.4818,50.5042,55.5196,58.0296,55.0036,48.3112,-41.0811,43.8977,43.1056,37.5367,36.2625,-21.1201,30.5393,33.23,37.3195,26.0167,34.9854,27.8729,26.4042,-2.8976,31.6279,28.0318,22.7273,-25.8862,14.6577,19.7441,17.5824,0.9756,30.855,34.2618,34.0058,-80.6,35.7287,23.1511,32.5368,-29.0096,49.4297,35.9299,44.5714,-88.9451,38.9232,31.3264,29.0014,23.0423,14.7332,44.4469,31.9116,49.2896,30.0389,55.6556,11.4658,36.1957,24.7183,24.0954,18.8798,0
,,,,,,,,,,,,,,,,,,,,,,,,,,,,,,,,,,,,,,,,,,,,,,,,,,,,,,,,,,,,,,,,,,,,,,,,,,,
Preferred Dividends,0,0,0,0,0,0,0,0,0,0,0,0,0,0,0,0,,0,0,0,0,0,0,0,0,0,0,0,0,0,0,0,0,0,0,0,0,0,0,0,0,0,0,0,0,0,0,0,0,0,0,0,0,0,0,0,0,0,0,0,0,0,0,0,0,0,0,0,0,0,0,0,0,0,0
EPS (Basic),3.84,1.71,1.83,0.75,1.06,0.7,0.16,0.71,0.08,0.72,-0.05,0.55,0.76,0.41,-0.38,3.9,,0.95,1.16,0.87,0.92,0.9,0.92,0.81,0.5,-0.52,0.6,0.54,0.34,0.35,-0.17,0.28,0.29,0.35,0.23,0.32,0.25,0.26,-0.02,0.31,0.24,0.18,-0.2,0.1,0.14,0.12,0,0.22,0.25,0.24,-0.55,0.24,0.15,0.24,-0.23,0.36,0.26,0.33,-0.85,0.35,0.27,0.18,0.15,0.07,0.2,0.13,0.37,0.11,0.25,0.04,0.15,0.1,0.1,0.06,-21.345
EPS (Diluted),3.83,1.71,1.83,0.75,1.06,0.69,0.16,0.7,0.08,0.71,-0.05,0.55,0.75,0.41,-0.38,3.89,,0.95,1.15,0.87,0.92,0.9,0.92,0.81,0.5,-0.52,0.6,0.54,0.34,0.35,-0.17,0.28,0.29,0.35,0.23,0.32,0.25,0.25,-0.03,0.3,0.24,0.18,-0.2,0.1,0.14,0.12,-0.01,0.22,0.25,0.24,-0.55,0.24,0.15,0.24,-0.23,0.35,0.25,0.33,-0.85,0.34,0.26,0.18,0.15,0.07,0.19,0.13,0.36,0.11,0.24,0.04,0.15,0.1,0.1,0.06,-21.31
Shares Outstanding (Diluted Average),191.5,190.7,188,186.4,183.3,176.4,156.9,151.5,147.8,144.3,125.4,115.1,107.799,98.593,86.073,191.7,,191.7,191.8,191.5,191.4,191.3,191.9,190.7,190.6,189.8,189.2,188.1,187.5,187.3,186.4,186.4,186.3,186.2,187.5,185.5,182,179.8,176.1,180.2,179.3,167.4,157.2,157.8,157.8,157.6,157.2,152.4,148.5,148.3,147.8,147.9,147.8,147.9,144.3,146.6,146,141.9,131.4,130.2,128.077,116.8,115.205,115.286,115.166,114.51,113.31,113.14,103.349,100.591,100.454,101.039,100.99,91.846,86.073
,,,,,,,,,,,,,,,,,,,,,,,,,,,,,,,,,,,,,,,,,,,,,,,,,,,,,,,,,,,,,,,,,,,,,,,,,,,
EBIT,858.1,339.9,413.5,190.6,239.4,171.5,51.4,158.6,35.9,156,41.4,104.5,99.775,37.755,-33.529,875.9,,210.7,263.2,197,205,190.9,195.9,179.9,105.9,-143.4,131.8,122.1,80.2,80.7,-20.5,66.6,64.7,78.1,61.4,63.7,57.5,56.8,9.7,68,54.4,39.4,-34.9,24.3,33.4,28.6,11.8,46.6,50,50.2,-97.1,48.9,34,49.5,-22.8,67,51.4,59.8,-100.7,63.8,45.3,33,26.079,17.413,35.078,25.93,42.222,18.121,33.641,5.791,-0.266,15.025,14.923,8.073,0
"Depreciation, Depletion and Amortization",299.6,241,263.2,247.7,273,273.8,216.3,163.1,129.3,126.7,130.6,88.6,88.945,87.525,2.388,303,,74.6,78.2,73,77.2,71.2,67.5,56.8,52.3,64.4,72.7,70.7,58.9,60.9,61.5,66,59.6,60.6,63.8,70.5,67.2,71.5,67.2,72.9,68.2,65.5,65.8,49.7,49.1,51.7,48.9,38.5,39.6,36.1,34.4,32.3,28.2,34.4,32.8,31.2,31,31.7,33.2,34.658,37.331,25.411,26.829,19.698,22.833,19.24,22.229,20.248,23.499,22.969,30.318,21.04,20.63,15.537,0
EBITDA,1157.7,580.9,676.7,438.3,512.4,445.3,267.7,321.7,165.2,282.7,172,193.1,188.72,125.28,-31.141,1178.9,,285.3,341.4,270,282.2,262.1,263.4,236.7,158.2,-79,204.5,192.8,139.1,141.6,41,132.6,124.3,138.7,125.2,134.2,124.7,128.3,76.9,140.9,122.6,104.9,30.9,74,82.5,80.3,60.7,85.1,89.6,86.3,-62.7,81.2,62.2,83.9,10,98.2,82.4,91.5,-67.5,98.5,82.631,58.411,52.908,37.111,57.911,45.17,64.451,38.369,57.14,28.76,30.052,36.065,35.553,23.61,0
EBITDA Margin %,89.0538,56.9398,80.1682,67.1004,75.9111,72.9761,60.3472,72.717,41.2073,66.2061,41.8288,84.9912,94.4885,82.9444,-949.1314,88.65,,84.209,104.1807,85.362,81.3022,84.8495,86.5025,84.5961,80.9621,-32.8482,79.2329,81.7989,81.5836,78.7542,27.6653,77.7257,77.0614,80.1271,74.8804,78.2507,76.2225,74.2907,49.5171,81.9186,81.2459,79.4697,25.474,71.3597,75.4113,73.5348,49.3496,79.0892,83.1941,82.9011,-62.7,82.1862,66.6667,77.114,8.7642,93.346,80.2337,87.1429,-56.962,86.9373,77.7338,79.9056,70.592,67.4267,115.2435,96.1862,80.1201,93.378,126.7553,86.8462,70.7389,90.1107,86.7421,85.705,0
,,,,,,,,,,,,,,,,,,,,,,,,,,,,,,,,,,,,,,,,,,,,,,,,,,,,,,,,,,,,,,,,,,,,,,,,,,,
Balance Sheet,,,,,,,,,,,,,,,,,,,,,,,,,,,,,,,,,,,,,,,,,,,,,,,,,,,,,,,,,,,,,,,,,,,,,,,,,,,
  Cash and Cash Equivalents,539.3,534.2,132.1,69.7,511.1,253,149.2,592.5,770,631.7,794.1,413.9,122.649,73.249,12.894,722.7,,722.7,539.3,346.7,197.7,538.5,534.2,466.8,378.5,209.8,132.1,91.7,398.9,72.6,69.7,76.9,72.1,87.7,511.1,533.3,614.3,283,253,277.6,225.8,176.3,149.2,605.4,610.8,598.5,592.5,1221.9,702.1,669.9,770,789.5,758.2,718.5,631.7,951.2,961,847,794.1,333.634,250.218,235.437,413.9,432.023,506.618,396.466,122.649,473.031,437.391,99.564,73.249,159.456,204.553,201.978,12.894
  Marketable Securities,0,0,0,0,0,0,18.8,0,18,148.2,16.7,133.8,377.48,141.576,0,0,,0,0,0,0,0,0,0,0,0,0,0,33.4,0,0,0,0,0,0,12.7,0,0,0,0,0,10.6,18.8,8.5,0,0,0,0,13.9,10.3,18,52.1,38.8,107.3,148.2,179.4,26.1,105.8,16.7,37.939,32.97,38.084,133.8,178.665,86.137,172.844,377.48,58.272,41.736,55.872,141.576,158.599,88.706,74.817,0
"Cash, Cash Equivalents, Marketable Securities",539.3,534.2,132.1,69.7,511.1,253,168,592.5,788,779.9,810.8,547.7,500.129,214.825,12.894,722.7,,722.7,539.3,346.7,197.7,538.5,534.2,466.8,378.5,209.8,132.1,91.7,432.3,72.6,69.7,76.9,72.1,87.7,511.1,546,614.3,283,253,277.6,225.8,186.9,168,613.9,610.8,598.5,592.5,1221.9,716,680.2,788,841.6,797,825.8,779.9,1130.6,987.1,952.8,810.8,371.573,283.188,273.521,547.7,610.688,592.755,569.31,500.129,531.303,479.127,155.436,214.825,318.055,293.259,276.795,12.894
  Accounts Receivable,119.8,93.4,97.8,75.5,65.9,71.1,65.1,72.1,78,83.4,79.1,0,0,0,0,144.5,,144.5,119.8,147.8,115.7,102.3,93.4,93.5,78.4,83.1,97.8,85.6,70.8,68.6,75.5,60.7,62.3,61.4,65.9,64.9,55.1,69.1,71.1,72.4,56.4,49.9,65.1,50,51.2,55.9,72.1,69.1,73.7,72.6,78,65.9,63.9,76.1,83.4,0,0,0,79.1,0,0,0,0,0,0,0,0,0,0,0,0,0,0,0,0
  Notes Receivable,0,0,0,0,0,0,0,0,0,0,0,0,0,0,0,0,,0,0,0,0,0,0,0,0,0,0,0,0,0,0,0,0,0,0,0,0,0,0,0,0,0,0,0,0,0,0,0,0,0,0,0,0,0,0,0,0,0,0,0,0,0,0,0,0,0,0,0,0,0,0,0,0,0,0
  Loans Receivable,39.7,0,0,0,0,0,0,0,0,0,0,0,0,0,0,,,40.4,39.7,39,0,0,0,0,15,0,0,34,0,0,0,0,0,0,0,0,0,0,0,0,0,0,0,0,0,0,0,0,0,0,0,0,0,0,0,0,0,0,0,0,0,0,0,0,0,0,0,0,0,0,0,0,0,0,0
  Other Current Receivables,119.8,93.4,97.8,75.5,65.9,71.1,65.1,72.1,78,83.4,79.1,47.4,26.789,22.866,3.281,144.5,,144.5,119.8,147.8,115.7,102.3,93.4,93.5,78.4,83.1,97.8,85.6,70.8,68.6,75.5,60.7,62.3,61.4,65.9,64.9,55.1,69.1,71.1,72.4,56.4,49.9,65.1,50,51.2,55.9,72.1,69.1,73.7,72.6,78,65.9,63.9,76.1,83.4,77.8,0,0,79.1,78.952,83.189,76.508,47.4,28.654,24.778,22.582,26.789,21.245,18.236,17.043,22.866,25.531,24.012,19.48,3.281
Total Receivables,159.5,93.4,97.8,75.5,65.9,71.1,65.1,72.1,78,83.4,79.1,47.4,26.789,22.866,3.281,184.9,,184.9,159.5,186.8,115.7,102.3,93.4,93.5,93.4,83.1,97.8,119.6,70.8,68.6,75.5,60.7,62.3,61.4,65.9,64.9,55.1,69.1,71.1,72.4,56.4,49.9,65.1,50,51.2,55.9,72.1,69.1,73.7,72.6,78,65.9,63.9,76.1,83.4,77.8,0,0,79.1,78.952,83.189,76.508,47.4,28.654,24.778,22.582,26.789,21.245,18.236,17.043,22.866,25.531,24.012,19.48,3.281
"  Inventories, Raw Materials & Components",0,0,0,0,0,0,0,0,0,0,0,0,0,0,0,0,,0,0,0,0,0,0,0,0,0,0,0,0,0,0,0,0,0,0,0,0,0,0,0,0,0,0,0,0,0,0,0,0,0,0,0,0,0,0,0,0,0,0,0,0,0,0,0,0,0,0,0,0,0,0,0,0,0,0
"  Inventories, Work In Process",0,0,0,0,0,0,0,0,0,0,0,0,0,0,0,0,,0,0,0,0,0,0,0,0,0,0,0,0,0,0,0,0,0,0,0,0,0,0,0,0,0,0,0,0,0,0,0,0,0,0,0,0,0,0,0,0,0,0,0,0,0,0,0,0,0,0,0,0,0,0,0,0,0,0
"  Inventories, Inventories Adjustments",0,0,0,0,0,0,0,0,0,0,0,0,0,0,0,,,0,0,0,0,0,0,0,0,0,0,0,0,0,0,0,0,0,0,0,0,0,0,0,0,0,0,0,0,0,0,0,0,0,0,0,0,0,0,0,0,0,0,0,0,0,0,0,0,0,0,0,0,0,0,0,0,0,0
"  Inventories, Finished Goods",0,0,0,0,0,0,0,0,0,0,0,0,0,0,0,0,,0,0,0,0,0,0,0,0,0,0,0,0,0,0,0,0,0,0,0,0,0,0,0,0,0,0,0,0,0,0,0,0,0,0,0,0,0,0,0,0,0,0,0,0,0,0,0,0,0,0,0,0,0,0,0,0,0,0
"  Inventories, Other",0.5,0.5,4.4,0,7.1,2.7,0,0,0,0,0,0,0,0,0,0.6,,0.6,0.5,0.6,0.9,2.8,0.5,0.2,0.5,2.5,4.4,6.4,0,0,0,0,3.4,5.1,7.1,1.2,0,0.6,2.7,0,0,0,0,0,0,0,0,0,0,0,0,0,0,0,0,0,0,0,0,0,0,0,0,0,0,0,0,0,0,0,0,0,0,0,0
Total Inventories,0.5,0.5,4.4,0,7.1,2.7,0,0,0,0,0,0,0,0,0,0.6,,0.6,0.5,0.6,0.9,2.8,0.5,0.2,0.5,2.5,4.4,6.4,0,0,0,0,3.4,5.1,7.1,1.2,0,0.6,2.7,0,0,0,0,0,0,0,0,0,0,0,0,0,0,0,0,0,0,0,0,0,0,0,0,0,0,0,0,0,0,0,0,0,0,0,0
Other Current Assets,52.1,35.6,44.4,33.3,32.3,34.4,41.6,34.3,46.3,15.9,4.5,4,13.26,10.67,1.79,41.4,,41.4,52.1,50.8,44.6,33.4,35.6,40.5,43.3,44.7,44.4,43.3,37.1,31.7,33.3,34.9,42.1,34.1,32.3,50.8,50.1,35.4,34.4,34.8,36.2,32.5,41.6,55.4,50.6,43.6,34.3,44.3,47.4,38.8,46.3,29.9,18.5,14.4,15.9,21.8,0,0,4.5,6.86,6.72,4.24,4,18.13,16.59,15.92,13.26,13.1,21.25,21.8,10.67,1.39,1.35,1.35,1.79
Total Current Assets,751.4,663.7,278.7,178.5,616.4,361.2,274.7,698.9,912.3,879.2,894.4,599.1,540.181,248.365,17.961,949.6,,949.6,751.4,584.9,358.9,677,663.7,601,515.7,340.1,278.7,261,540.2,172.9,178.5,172.5,179.9,188.3,616.4,662.9,719.5,388.1,361.2,384.8,318.4,269.3,274.7,719.3,712.6,698,698.9,1335.3,837.1,791.6,912.3,937.4,879.4,916.3,879.2,1230.2,987.1,952.8,894.4,457.389,373.1,354.265,599.1,657.477,634.119,607.816,540.181,565.648,518.617,194.278,248.365,344.98,318.625,297.628,17.961
Investments And Advances,235.1,195.6,145.6,136.7,203.1,147.4,94.8,67.1,38.2,108.4,74.4,182.9,106.575,68.683,87.848,259.8,,259.8,235.1,204.1,266.5,207.2,195.6,149.8,141.1,92.9,145.6,143.8,192.8,163.8,136.7,197.7,178.9,169.4,203.1,166.2,140.8,150.6,147.4,131.7,123.4,114,94.8,112,109.8,75.8,67.1,43.1,54.8,45.9,38.2,70.5,68.4,93.6,108.4,121.8,0,0,74.4,62.842,87.203,86.268,182.9,59.934,60.802,84.147,106.575,87.356,80.092,76,68.683,80.326,90.175,83.935,87.848
    Land And Improvements,0,0,0,0,0,0,0,0,0,0,0,0,0,0,0,0,,0,0,0,0,0,0,0,0,0,0,0,0,0,0,0,0,0,0,0,0,0,0,0,0,0,0,0,0,0,0,0,0,0,0,0,0,0,0,0,0,0,0,0,0,0,0,0,0,0,0,0,0,0,0,0,0,0,0
    Buildings And Improvements,0,0,0,0,0,0,0,0,0,0,0,0,0,0,0,0,,0,0,0,0,0,0,0,0,0,0,0,0,0,0,0,0,0,0,0,0,0,0,0,0,0,0,0,0,0,0,0,0,0,0,0,0,0,0,0,0,0,0,0,0,0,0,0,0,0,0,0,0,0,0,0,0,0,0
"    Machinery, Furniture, Equipment",0.2,0.4,0.4,0.5,0.6,0.7,0.7,0.9,1,0,0,0,0,0,0,0.2,,0.2,0.2,0.2,0.3,0.3,0.4,0.5,0.4,0.4,0.4,0.5,0.4,0.5,0.5,0,0.5,0.5,0.6,0.6,0.6,0.6,0.7,0.7,0.7,0.6,0.7,0.7,0.8,0.9,0.9,1,1,0,1,0,0,0,0,0,0,0,0,0,0,0,0,0,0,0,0,0,0,0,0,0,0,0,0
    Construction In Progress,0,0,0,0,0,0,0,0,0,0,0,0,122.272,237.053,0,0,,0,0,0,0,0,0,0,0,0,0,0,0,0,0,0,0,0,0,0,0,0,0,0,0,0,0,0,0,0,0,0,0,0,0,0,0,0,0,0,0,0,0,0,0,0,0,0,0,0,122.272,0,0,0,237.053,0,0,0,0
    Other Gross PPE,8514.6,7766.6,7419.6,6896.3,6001.9,5434.3,4684.2,3853.5,3098.2,3021.7,2516.2,1472.8,1278.09,1017.155,1231.804,8543.7,,8543.7,8514.6,8483.9,8523.4,7961.6,7766.6,7560.2,7404.3,7409.1,7419.6,7299.9,6981,6931.9,6896.3,4436,4414.1,4396.7,6001.9,3890.6,3766.5,3679,5434.3,3699.9,3736,3766.4,4684.2,2447.5,2534.4,2562.8,3853.5,2109,2163.4,2121.1,3098.2,2157.5,2168.7,2172.1,3021.7,1925.2,0,0,2516.2,2020.65,2064.229,2061.165,1472.8,1417.134,1376.583,1399.682,1278.09,1267.753,1243.407,1203.348,1017.155,877.666,899.892,913.411,1231.804
"  Gross Property, Plant and Equipment",8514.8,7767,7420,6896.8,6002.5,5435,4684.9,3854.4,3099.2,3021.7,2516.2,1472.8,1400.362,1254.208,1231.804,8543.9,,8543.9,8514.8,8484.1,8523.7,7961.9,7767,7560.7,7404.7,7409.5,7420,7300.4,6981.4,6932.4,6896.8,4436,4414.6,4397.2,6002.5,3891.2,3767.1,3679.6,5435,3700.6,3736.7,3767,4684.9,2448.2,2535.2,2563.7,3854.4,2110,2164.4,2121.1,3099.2,2157.5,2168.7,2172.1,3021.7,1925.2,0,0,2516.2,2020.65,2064.229,2061.165,1472.8,1417.134,1376.583,1399.682,1400.362,1267.753,1243.407,1203.348,1254.208,877.666,899.892,913.411,1231.804
  Accumulated Depreciation,-3358.4,-3127.5,-2610,-2330.5,-2050,-1752,-1410.3,-1189.6,-1021.4,-798.1,-604.1,-270,-51.662,-86.335,-2.388,-3441.8,,-3441.8,-3358.4,-3352.6,-3294,-3205.9,-3127.5,-3041,-2973.6,-2953.2,-2610,-2442.3,-2372.6,-2314.6,-2330.5,0,0,0,-2050,0,0,0,-1752,0,0,0,-1410.3,0,0,0,-1189.6,0,0,0,-1021.4,0,0,0,-798.1,0,0,0,-604.1,0,0,0,-270,0,0,0,-51.662,0,0,0,-86.335,0,0,0,-2.388
"Property, Plant and Equipment",5156.4,4639.5,4810,4566.3,3952.5,3683,3274.6,2664.8,2077.8,2223.6,1912.1,1202.8,1348.7,1167.873,1229.416,5102.1,,5102.1,5156.4,5131.5,5229.7,4756,4639.5,4519.7,4431.1,4456.3,4810,4858.1,4608.8,4617.8,4566.3,4436,4414.6,4397.2,3952.5,3891.2,3767.1,3679.6,3683,3700.6,3736.7,3767,3274.6,2448.2,2535.2,2563.7,2664.8,2110,2164.4,2121.1,2077.8,2157.5,2168.7,2172.1,2223.6,1925.2,0,0,1912.1,2020.65,2064.229,2061.165,1202.8,1417.134,1376.583,1399.682,1348.7,1267.753,1243.407,1203.348,1167.873,877.666,899.892,913.411,1229.416
Intangible Assets,0,0,0,0,0,0,0,0,0,0,0,0,0,0,0,0,,0,0,0,0,0,0,0,0,0,0,0,0,0,0,0,0,0,0,0,0,0,0,0,0,0,0,0,0,0,0,0,0,0,0,0,0,0,0,0,0,0,0,0,0,0,0,0,0,0,0,0,0,0,0,0,0,0,0
  Goodwill,0,0,0,0,0,0,0,0,0,0,0,0,0,0,0,0,,0,0,0,0,0,0,0,0,0,0,0,0,0,0,0,0,0,0,0,0,0,0,0,0,0,0,0,0,0,0,0,0,0,0,0,0,0,0,0,0,0,0,0,0,0,0,0,0,0,0,0,0,0,0,0,0,0,0
Other Long Term Assets,67,94.1,46.3,50.3,16.4,30,30.2,36.1,16.6,32.7,20.1,22.2,25.435,18.865,1.431,88.9,,88.9,67,64.2,100,107,94.1,87,94.3,92.4,46.3,7.2,16.9,50.6,50.3,28.3,8.6,16.9,16.4,24.5,28.1,29.5,30,33.9,31.4,30.9,30.2,32.2,33.8,35,36.1,37.7,38.9,68.6,16.6,37.5,36.1,37.2,32.7,31.7,2152.2,2184.7,20.1,19.018,24.148,26.944,22.2,23.795,23.776,25.608,25.435,17.933,35.119,18.295,18.865,268.228,283.071,284.897,1.431
Total Long-Term Assets,5458.5,4929.2,5001.9,4753.3,4172,3860.4,3399.6,2768,2132.6,2364.7,2006.6,1407.9,1480.71,1255.421,1318.695,5450.8,,5450.8,5458.5,5399.8,5596.2,5070.2,4929.2,4756.5,4666.5,4641.6,5001.9,5009.1,4818.5,4832.2,4753.3,4662,4602.1,4583.5,4172,4081.9,3936,3859.7,3860.4,3866.2,3891.5,3911.9,3399.6,2592.4,2678.8,2674.5,2768,2190.8,2258.1,2235.6,2132.6,2265.5,2273.2,2302.9,2364.7,2078.7,2152.2,2184.7,2006.6,2102.51,2175.58,2174.377,1407.9,1500.863,1461.161,1509.437,1480.71,1373.042,1358.618,1297.643,1255.421,1226.22,1273.138,1282.243,1318.695
Total Assets,6209.9,5592.9,5280.6,4931.8,4788.4,4221.6,3674.3,3466.9,3044.9,3243.9,2901,2007,2020.891,1503.786,1336.656,6400.4,,6400.4,6209.9,5984.7,5955.1,5747.2,5592.9,5357.5,5182.2,4981.7,5280.6,5270.1,5358.7,5005.1,4931.8,4834.5,4782,4771.8,4788.4,4744.8,4655.5,4247.8,4221.6,4251,4209.9,4181.2,3674.3,3311.7,3391.4,3372.5,3466.9,3526.1,3095.2,3027.2,3044.9,3202.9,3152.6,3219.2,3243.9,3308.9,3139.3,3137.5,2901,2559.899,2548.68,2528.642,2007,2158.34,2095.28,2117.253,2020.891,1938.69,1877.235,1491.921,1503.786,1571.2,1591.763,1579.871,1336.656
,,,,,,,,,,,,,,,,,,,,,,,,,,,,,,,,,,,,,,,,,,,,,,,,,,,,,,,,,,,,,,,,,,,,,,,,,,,
  Accounts Payable,8.5,3.5,6.8,7.3,6.2,9.6,6.2,6.2,5.6,6.2,7.3,2.7,0,0,0,36.8,,36.8,8.5,29.5,32.8,33.8,3.5,37,35.3,38.6,6.8,34.4,39.1,36.9,7.3,21.2,20.7,21.4,6.2,22.3,20.5,16.8,9.6,19.5,19.3,18.2,6.2,16.9,21.9,22.6,6.2,20.5,18.8,17.6,5.6,41.5,40.6,41.4,6.2,38.1,0,0,7.3,31.985,36.007,0,2.7,0,0,0,0,0,0,0,0,0,0,0,0
  Total Tax Payable,9.6,12.4,11.6,1.4,1.1,16.6,2.8,3.4,5,12.8,7.4,8,0,0,0,6.9,,6.9,9.6,13.6,3.6,7.5,12.4,4.8,2.8,2,11.6,6.6,2.9,4.9,1.4,1.4,0.8,1.6,1.1,9.1,18.2,15.1,16.6,7.7,2.9,1.7,2.8,4.3,2.4,4.1,3.4,2.5,2.5,3.6,5,4.8,3,7.9,12.8,10.5,0,0,7.4,5.104,0,0,8,0,0,0,0,0,0,0,0,0,0,0,0
  Other Current Payables,0,0,0,0,0,0,0,0,0,0,0,0,0,0,0,,,0,0,0,0,0,0,0,0,0,0,0,0,0,0,0,0,0,0,0,0,0,0,0,0,0,0,0,0,0,0,0,0,0,0,0,0,0,0,0,0,0,0,0,0,0,0,0,0,0,0,0,0,0,0,0,0,0,0
  Current Accrued Expense,25.1,37.3,35,16.3,15.3,11.4,11.8,11.5,40.5,37.8,28.6,15.7,9.481,9.31,3.917,,,0,25.1,0,0,0,37.3,0,0,0,35,0,0,0,16.3,0,0,0,15.3,0,0,0,11.4,0,0,0,11.8,0,0,0,11.5,0,0,0,40.5,0,0,0,37.8,0,0,0,28.6,0,0,42.508,15.7,17.854,12.151,9.689,9.481,6.633,5.677,9.113,9.31,10.536,7.822,6.717,3.917
Accounts Payable & Accrued Expense,43.2,53.2,53.4,25,22.6,37.6,20.8,21.1,51.1,56.8,43.3,26.4,9.481,9.31,3.917,43.7,,43.7,43.2,43.1,36.4,41.3,53.2,41.8,38.1,40.6,53.4,41,42,41.8,25,22.6,21.5,23,22.6,31.4,38.7,31.9,37.6,27.2,22.2,19.9,20.8,21.2,24.3,26.7,21.1,23,21.3,21.2,51.1,46.3,43.6,49.3,56.8,48.6,0,0,43.3,37.089,36.007,42.508,26.4,17.854,12.151,9.689,9.481,6.633,5.677,9.113,9.31,10.536,7.822,6.717,3.917
  Short-Term Debt,0,0,0,0,0,0,0,0,0,0,0,0,0,0,0,0,,0,0,0,0,0,0,0,0,0,0,0,0,0,0,0,0,0,0,0,0,0,0,0,0,0,0,0,0,0,0,0,0,0,0,0,0,0,0,0,0,0,0,0,0,0,0,0,0,0,0,0,0,0,0,0,0,0,0
  Short-Term Capital Lease Obligation,0,0,0,0,0,0,0,0,0,0,0,0,0,0,0,0,,0,0,0,0,0,0,0,0,0,0,0,0,0,0,0,0,0,0,0,0,0,0,0,0,0,0,0,0,0,0,0,0,0,0,0,0,0,0,0,0,0,0,0,0,0,0,0,0,0,0,0,0,0,0,0,0,0,0
Short-Term Debt & Capital Lease Obligation,0,0,0,0,0,0,0,0,0,0,0,0,0,0,0,0,,0,0,0,0,0,0,0,0,0,0,0,160,0,0,0,0,0,0,0,0,0,0,0,0,0,0,0,0,0,0,0,0,0,0,0,0,0,0,0,0,0,0,0,0,0,0,0,0,0,0,0,0,0,0,0,0,0,0
  Current Deferred Revenue,0,0,0,0,0,0,0,0,0,0,0,0,0,0,0,0,,0,0,0,0,0,0,0,0,0,0,0,0,0,0,0,0,0,0,0,0,0,0,0,0,0,0,0,0,0,0,0,0,0,0,0,0,0,0,0,0,0,0,0,0,0,0,0,0,0,0,0,0,0,0,0,0,0,0
  Current Deferred Taxes Liabilities,0,0,0,0,0,0,0,0,0,0,0,0,0,0,0,0,,0,0,0,0,0,0,0,0,0,0,0,0,0,0,0,0,0,0,0,0,0,0,0,0,0,0,0,0,0,0,0,0,0,0,0,0,0,0,0,0,0,0,0,0,0,0,0,0,0,0,0,0,0,0,0,0,0,0
Deferred Tax And Revenue,0,0,0,0,0,0,0,0,0,0,0,0,0,0,0,0,,0,0,0,0,0,0,0,0,0,0,0,0,0,0,0,0,0,0,0,0,0,0,0,0,0,0,0,0,0,0,0,0,0,0,0,0,0,0,0,0,0,0,0,0,0,0,0,0,0,0,0,0,0,0,0,0,0,0
Other Current Liabilities,0,0,0,0,0,0,0,0,0,0,0,0,0,0,0,0,,0,0,0,0,0,0,0,0,0,0,0,0,0,0,0,0,0,0,0,0,0,0,0,0,0,0,0,0,0,0,0,0,0,0,0,0,0,0,0,0,0,0,0,0,5.843,0,0,0,0,0,0,0,0,0,0,0,0,0
Total Current Liabilities,43.2,53.2,53.4,25,22.6,37.6,20.8,21.1,51.1,56.8,43.3,26.4,9.481,9.31,3.917,43.7,,43.7,43.2,43.1,36.4,41.3,53.2,41.8,38.1,40.6,53.4,41,202,41.8,25,22.6,21.5,23,22.6,31.4,38.7,31.9,37.6,27.2,22.2,19.9,20.8,21.2,24.3,26.7,21.1,23,21.3,21.2,51.1,46.3,43.6,49.3,56.8,48.6,0,0,43.3,37.089,36.007,48.351,26.4,17.854,12.151,9.689,9.481,6.633,5.677,9.113,9.31,10.536,7.822,6.717,3.917
  Long-Term Debt,0,0,80,207.6,0,0,457.3,0,0,0,0,0,0,0,0,0,,0,0,0,0,0,0,0,0,0,80,242.4,272.2,157.2,207.6,0,0,0,0,0,0,0,0,0,0,0,457.3,0,0,0,0,0,0,0,0,0,0,0,0,0,0,0,0,0,0,0,0,0,0,0,0,0,0,0,0,0,0,0,0
  Long-Term Capital Lease Obligation,0,0,2.6,0,0,0,0,0,0,0,0,0,0,0,0,0,,0,0,0,0,0,0,0,0,0,2.6,2.6,2.8,2.8,0,0,0,0,0,0,0,0,0,0,0,0,0,0,0,0,0,0,0,0,0,0,0,0,0,0,0,0,0,0,0,0,0,0,0,0,0,0,0,0,0,0,0,0,0
Long-Term Debt & Capital Lease Obligation,0,0,80,207.6,0,0,457.3,0,0,0,0,0,0,0,0,0,,0,0,0,0,0,0,0,0,0,80,245,275,160,207.6,0,0,0,0,0,0,0,0,0,0,0,457.3,0,0,0,0,0,0,0,0,0,0,0,0,0,0,0,0,0,0,0,0,0,0,0,0,0,0,0,0,0,0,0,0
Debt-to-Equity,0,0,0.016,0.045,0,0,0.145,0,0,0,0,0,0,0,0,0,,0,0,0,0,0,0,0,0,0,0.016,0.05,0.091,0.034,0.045,0,0,0,0,0,0,0,0,0,0,0,0.145,0,0,0,0,0,0,0,0,0,0,0,0,0,0,0,0,0,0,0,0,0,0,0,0,0,0,0,0,0,0,0,0
Pension And Retirement Benefit,0,0,0,0,0,0,0,0,0,0,0,0,0,0,0,0,,0,0,0,0,0,0,0,0,0,0,0,0,0,0,0,0,0,0,0,0,0,0,0,0,0,0,0,0,0,0,0,0,0,0,0,0,0,0,0,0,0,0,0,0,0,0,0,0,0,0,0,0,0,0,0,0,0,0
NonCurrent Deferred Liabilities,135.4,91.5,82.4,67.3,60.3,37.5,33.2,40.3,30,38,23.5,0,81.142,60.877,45.685,145.1,,145.1,135.4,108.4,115.1,98.4,91.5,80.9,69.4,60.4,82.4,78.5,81.4,74.8,67.3,67,60.3,61.7,60.3,49.5,43.6,41,37.5,35.7,29.8,27.1,33.2,43.6,44.2,39.2,40.3,37.8,39,33.4,30,45.3,38.8,39.1,38,39.1,31.1,28.6,23.5,34.267,33.973,35.671,0,102.85,97.264,96.943,81.142,71.342,81.49,59.73,60.877,47.161,46.863,44.314,45.685
Other Long-Term Liabilities,6.1,4.4,2.6,0,0,0,0,0,0,0,0,0,0,0,0,5.9,,5.9,6.1,4,4.1,4.4,4.4,4.3,4.3,4.3,2.6,0,-0.1,0,0,0,0,0,0,0,0,0,0,0,0,0,0,0,0,0,0,0,0,0,0,0,0,0,0,0,52.5,40.6,0,0,0,0,0,0,0,0,0,0,0,0,0,0,0,0,0
Total Long-Term Liabilities,141.5,95.9,165,274.9,60.3,37.5,490.5,40.3,30,38,23.5,0,81.142,60.877,45.685,151,,151,141.5,112.4,119.2,102.8,95.9,85.2,73.7,64.7,165,323.5,356.3,234.8,274.9,67,60.3,61.7,60.3,49.5,43.6,41,37.5,35.7,29.8,27.1,490.5,43.6,44.2,39.2,40.3,37.8,39,33.4,30,45.3,38.8,39.1,38,39.1,83.6,69.2,23.5,34.267,33.973,35.671,0,102.85,97.264,96.943,81.142,71.342,81.49,59.73,60.877,47.161,46.863,44.314,45.685
Total Liabilities,184.7,149.1,218.4,299.9,82.9,75.1,511.3,61.4,81.1,94.8,66.8,26.4,90.623,70.187,49.602,194.7,,194.7,184.7,155.5,155.6,144.1,149.1,127,111.8,105.3,218.4,364.5,558.3,276.6,299.9,89.6,81.8,84.7,82.9,80.9,82.3,72.9,75.1,62.9,52,47,511.3,64.8,68.5,65.9,61.4,60.8,60.3,54.6,81.1,91.6,82.4,88.4,94.8,87.7,83.6,69.2,66.8,71.356,69.98,84.022,26.4,120.704,109.415,106.632,90.623,77.975,87.167,68.843,70.187,57.697,54.685,51.031,49.602
,,,,,,,,,,,,,,,,,,,,,,,,,,,,,,,,,,,,,,,,,,,,,,,,,,,,,,,,,,,,,,,,,,,,,,,,,,,
Common Stock,5628.5,5580.1,5390.7,5158.3,5107.8,4666.2,3709,3656.6,3133,3116.7,2803.6,0,0,0,0,5647.2,,5647.2,5628.5,5611.1,5600,5588.2,5580.1,5565.4,5531.9,5448.7,5390.7,5316.2,5210.9,5196.5,5158.3,5136.3,5125.1,5115.5,5107.8,5093.4,5078.9,4675.6,4666.2,4654,4643.9,4626.7,3709,3684,3674.4,3664.6,3656.6,3641.9,3147.5,3137.8,3133,3127.6,3122.2,3117.1,3116.7,0,0,0,2803.6,0,0,0,0,0,0,0,0,0,0,0,0,1549.41,1549.41,1550.311,0
Preferred Stock,0,0,0,0,0,0,0,0,0,0,0,0,0,0,0,0,,0,0,0,0,0,0,0,0,0,0,0,0,0,0,0,0,0,0,0,0,0,0,0,0,0,0,0,0,0,0,0,0,0,0,0,0,0,0,0,0,0,0,0,0,0,0,0,0,0,0,0,0,0,0,0,0,0,0
Retained Earnings,484.9,-34.4,-164.4,-321.7,-310,-336.8,-302.2,-197.8,-212.5,-120.6,-135.5,-71.5,38.135,-14.512,-33.079,605.3,,605.3,484.9,321.3,212.9,93.8,-34.4,-160.5,-265.8,-310.3,-164.4,-231.5,-286.1,-304.6,-321.7,-245.5,-252.6,-261.6,-310,-310.3,-327.5,-330.6,-336.8,-292.6,-307.7,-310.7,-302.2,-238.5,-220.6,-209.7,-197.8,-166.9,-169.4,-176.4,-212.5,-105.5,-115,-110.4,-120.6,-60.8,0,0,-135.5,-13.376,-42.227,-65.341,-71.5,61.024,56.862,45.916,38.135,13.192,0.849,-10.715,-14.512,-19.947,-29.84,-27.878,-33.079
Accumulated other comprehensive income (loss),-104.3,-115.9,-178.3,-220.3,-106.5,-224.5,-288.1,-98.8,-2.5,105.8,66.6,79.9,-8.765,-127.679,9.857,-63,,-63,-104.3,-121.9,-30.5,-94.5,-115.9,-190.6,-210.8,-277.2,-178.3,-196.4,-142.2,-180.2,-220.3,-164.6,-189.4,-182.5,-106.5,-135.2,-194.3,-213.3,-224.5,-216.5,-220.3,-224.3,-288.1,-247.7,-178.6,-194.7,-98.8,-56.8,10.5,-34.7,-2.5,43.1,15.1,76.1,105.8,120.8,0,0,66.6,35.513,98.251,92.268,79.9,10.853,-24.401,13.862,-8.765,-52.282,-107.412,-142.912,-127.679,-41.835,-7.46,-17.5,9.857
Additional Paid-In Capital,16.1,14,14.2,15.6,14.2,41.6,44.3,45.5,45.8,47.2,99.5,1972.2,1900.898,1575.79,1310.276,16.2,,16.2,16.1,18.7,17.1,15.6,14,16.2,15.1,15.2,14.2,17.3,17.8,16.8,15.6,18.7,17.1,15.7,14.2,16,16.1,43.2,41.6,43.2,42,42.5,44.3,49.1,47.7,46.4,45.5,47.1,46.3,45.9,45.8,46.1,47.9,48,47.2,3161.2,0,0,99.5,2466.406,2422.676,2417.693,1972.2,1965.759,1953.404,1950.843,1900.898,1899.805,1896.631,1576.705,1575.79,25.875,24.968,23.907,1310.276
Treasury Stock,0,0,0,0,0,0,0,0,0,0,0,0,0,0,0,0,,0,0,0,0,0,0,0,0,0,0,0,0,0,0,0,0,0,0,0,0,0,0,0,0,0,0,0,0,0,0,0,0,0,0,0,0,0,0,0,0,0,0,0,0,0,0,0,0,0,0,0,0,0,0,0,0,0,0
Other Stockholders Equity,0,0,0,0,0,0,0,0,0,0,0,0,0,0,0,0,,0,0,0,0,0,0,0,0,0,0,0,0,0,0,0,0,0,0,0,0,0,0,0,0,0,0,0,0,0,0,0,0,0,0,0,0,0,0,0,3055.7,3068.3,0,0,0,0,0,0,0,0,0,0,0,0,0,0,0,0,0
Total Stockholders Equity,6025.2,5443.8,5062.2,4631.9,4705.5,4146.5,3163,3405.5,2963.8,3149.1,2834.2,1980.6,1930.268,1433.599,1287.054,6205.7,,6205.7,6025.2,5829.2,5799.5,5603.1,5443.8,5230.5,5070.4,4876.4,5062.2,4905.6,4800.4,4728.5,4631.9,4744.9,4700.2,4687.1,4705.5,4663.9,4573.2,4174.9,4146.5,4188.1,4157.9,4134.2,3163,3246.9,3322.9,3306.6,3405.5,3465.3,3034.9,2972.6,2963.8,3111.3,3070.2,3130.8,3149.1,3221.2,3055.7,3068.3,2834.2,2488.543,2478.7,2444.62,1980.6,2037.636,1985.865,2010.621,1930.268,1860.715,1790.068,1423.078,1433.599,1513.503,1537.078,1528.84,1287.054
Minority Interest,0,0,0,0,0,0,0,0,0,0,0,0,0,0,0,0,,0,0,0,0,0,0,0,0,0,0,0,0,0,0,0,0,0,0,0,0,0,0,0,0,0,0,0,0,0,0,0,0,0,0,0,0,0,0,0,0,0,0,0,0,0,0,0,0,0,0,0,0,0,0,0,0,0,0
Total Equity,6025.2,5443.8,5062.2,4631.9,4705.5,4146.5,3163,3405.5,2963.8,3149.1,2834.2,1980.6,1930.268,1433.599,1287.054,6205.7,,6205.7,6025.2,5829.2,5799.5,5603.1,5443.8,5230.5,5070.4,4876.4,5062.2,4905.6,4800.4,4728.5,4631.9,4744.9,4700.2,4687.1,4705.5,4663.9,4573.2,4174.9,4146.5,4188.1,4157.9,4134.2,3163,3246.9,3322.9,3306.6,3405.5,3465.3,3034.9,2972.6,2963.8,3111.3,3070.2,3130.8,3149.1,3221.2,3055.7,3068.3,2834.2,2488.543,2478.7,2444.62,1980.6,2037.636,1985.865,2010.621,1930.268,1860.715,1790.068,1423.078,1433.599,1513.503,1537.078,1528.84,1287.054
Equity-to-Asset,0.97,0.973,0.959,0.939,0.983,0.982,0.861,0.982,0.973,0.971,0.977,0.987,0.955,0.953,0.963,0.97,,0.97,0.97,0.974,0.974,0.975,0.973,0.976,0.978,0.979,0.959,0.931,0.896,0.945,0.939,0.981,0.983,0.982,0.983,0.983,0.982,0.983,0.982,0.985,0.988,0.989,0.861,0.98,0.98,0.98,0.982,0.983,0.981,0.982,0.973,0.971,0.974,0.973,0.971,0.973,0.973,0.978,0.977,0.972,0.973,0.967,0.987,0.944,0.948,0.95,0.955,0.96,0.954,0.954,0.953,0.963,0.966,0.968,0.963
,,,,,,,,,,,,,,,,,,,,,,,,,,,,,,,,,,,,,,,,,,,,,,,,,,,,,,,,,,,,,,,,,,,,,,,,,,,
Cashflow Statement,,,,,,,,,,,,,,,,,,,,,,,,,,,,,,,,,,,,,,,,,,,,,,,,,,,,,,,,,,,,,,,,,,,,,,,,,,,
Net Income From Continuing Operations,733.7,326.2,344.1,139,194.7,122.2,24.6,106.7,11.7,102.6,-6.8,62.7,80.879,40.347,-33.079,744.2,,182,220.9,166,175.3,171.5,176.7,153.9,94.4,-98.8,113.3,101.6,64,65.2,-31.3,52.1,53.6,64.6,43.5,60,45.6,45.6,-4.5,54.4,42.3,30,-31.4,15.2,21.6,19.2,1.2,33.2,36.9,35.4,-80.6,35.3,21.6,35.4,-33.1,52,36.9,46.8,-105.4,44.065,33.311,21.224,17.27,8.109,22.335,14.986,39.65,12.343,25.089,3.797,15.377,9.893,9.876,5.201,0
"Cash Flow Depreciation, Depletion and Amortization",299.6,241,263.2,247.7,273,273.8,216.3,163.1,129.3,126.7,130.6,88.6,88.945,87.525,2.388,303,,74.6,78.2,73,77.2,71.2,67.5,56.8,52.3,64.4,72.7,70.7,58.9,60.9,61.5,66,59.6,60.6,63.8,70.5,67.2,71.5,67.2,72.9,68.2,65.5,65.8,49.7,49.1,51.7,48.9,38.5,39.6,36.1,34.4,32.3,28.2,34.4,32.8,31.2,31,31.7,33.2,34.658,37.331,25.411,26.829,19.698,22.833,19.24,22.229,20.248,23.499,22.969,30.318,21.04,20.63,15.537,0
  Change In Receivables,-26.4,4.4,-22.3,-9.6,5.2,-6,7,5.9,5.4,-4.3,16.7,-20.6,-3.923,-19.585,-3.281,-34.3,,-16.8,28,-32.1,-13.4,-8.9,0.1,-15.1,4.7,14.7,-12.2,-14.8,-2.2,6.9,-14.8,1.6,-0.9,4.5,-1,-9.8,14,2,1.3,-16,-6.5,15.2,-15.1,1.2,4.7,16.2,-3,4.6,-1.1,5.4,-12.1,-2,12.1,7.4,-5.5,-5.1,-5.4,11.7,-0.1,6.851,-9.285,19.234,-18.735,-3.876,-2.196,4.207,-5.544,-3.009,-1.193,5.823,2.665,-1.519,-4.532,-16.199,0
  Change In Inventory,0,0,0,0,0,0,0,0,0,0,0,0,0,0,0,0,,0,0,0,0,0,0,0,0,0,0,0,0,0,0,0,0,0,0,0,0,0,0,0,0,0,0,0,0,0,0,0,0,0,0,0,0,0,0,0,0,0,0,0,0,0,0,0,0,0,0,0,0,0,0,0,0,0,0
  Change In Prepaid Assets,-13.1,1.4,-14.3,11.6,3.3,-4.5,-3.8,-67.1,-43,-14,1,22,-2.589,-8.888,-1.064,-11.2,,5.3,-4.1,3,-15.4,3.4,2.4,-3.3,-4.8,7.1,1.9,-10.8,-3.9,-1.5,1.3,12.8,-1.8,-0.7,13.2,-0.6,-13.4,4.1,-3.1,2.9,-5.5,1.2,3,36.2,-20.2,-22.8,-18.3,-3.4,-30.2,-15.2,-24.6,-13.2,-4.2,-1,4.7,-6.2,-10.7,-1.8,1.6,0.897,-3.763,2.266,26.872,-1.549,-0.662,-2.661,-0.163,8.154,0.545,-11.125,-9.876,0.172,0.074,0.742,0
  Change In Payables And Accrued Expense,0,0,0,0,0,0,0,-3.8,-5.8,3.6,-1,16.9,0.171,5.393,3.917,0,,0,0,0,0,0,0,0,0,0,0,0,0,0,0,0,0,0,0,0,0,0,0,0,0,0,0,0,0,0,0,0,0,0,4.3,2.7,-5.6,-7.2,3.8,-4.7,7.2,-2.7,6.3,1.054,-12.344,3.99,8.527,5.703,2.462,0.208,2.848,0.956,-3.436,-0.197,-1.226,3.931,-0.112,2.8,0
  Change In Other Working Capital,-1.5,-4.8,22.8,2.4,-15.5,16.8,-0.3,0,0,0,0,0,0,0,0,2.4,,1.6,-0.1,6.6,-5.7,-2.3,6,-0.6,-1.7,-8.5,8.6,8,2.6,3.6,2.4,1.1,-1.5,0.4,-9.3,-6.7,6.2,-5.7,10.5,4.9,2.3,-0.9,-0.4,4.4,-2.4,-1.9,-0.7,0.6,0.1,-3.8,0,0,0,0,0,0,0,0,0,0,0,0,0,0,0,0,0,0,0,0,0,0,0,0,0
Change In Working Capital,-41,1,-13.8,4.4,-7,6.3,2.9,-65,-43.4,-14.7,16.7,18.3,-6.341,-23.08,-0.428,-43.1,,-9.9,23.8,-22.5,-34.5,-7.8,8.5,-19,-1.8,13.3,-1.7,-17.6,-3.5,9,-11.1,15.5,-4.2,4.2,2.9,-17.1,6.8,0.4,8.7,-8.2,-9.7,15.5,-12.5,41.8,-17.9,-8.5,-22,1.8,-31.2,-13.6,-32.4,-12.5,2.3,-0.8,3,-16,-8.9,7.2,7.8,8.802,-25.392,25.49,16.664,0.278,-0.396,1.754,-2.859,6.101,-4.084,-5.499,-8.437,2.584,-4.57,-12.657,0
Deferred Tax,37.1,-35.2,22.7,10,21.8,3.5,-2.2,18.6,-12.6,14,-5.1,10.9,10.918,-9.421,-0.619,46.4,,7,26.9,-1.7,14.2,-2.3,4.4,18.3,1.4,-59.3,3.3,14.1,2,3.3,2.5,-4.3,5.7,6.1,11.6,4.2,3.4,2.6,0.9,0.3,-0.3,2.6,-10.2,1.1,5.2,1.7,3.3,5.7,4,5.6,-21,5.2,3,0.2,-0.5,8.8,4.4,1.3,-14.3,7.624,2.19,-0.614,-3.62,4.135,4.964,5.421,-1.262,4.865,4.916,2.399,-14.224,1.495,2.193,1.115,0
Stock Based Compensation,8,5.6,4.9,5.2,4.6,5,4.5,3.9,4.6,2.9,4.5,4.9,4.15,4.07,23.18,8.2,,1.6,3.5,1.5,1.6,1.4,1.8,1.3,1.3,1.2,1,1.3,1.2,1.4,1.1,1.5,1.4,1.2,0.6,0.9,1.6,1.5,1.3,1.3,1.1,1.3,0.4,1.4,1.3,1.4,0.2,1.2,1.3,1.2,1.2,1.1,1.1,1.2,0.6,0.6,0.8,0.9,0.8,0.95,1.27,1.49,1.8,1.58,1.15,0.37,1.14,1.1,1,0.92,0.93,1.01,1.08,1.05,0
Asset Impairment Charge,-68,262.1,0,76,4.5,67.5,64.9,31.5,143.6,82.7,168.7,5.6,0,0,0,-75.5,,0,-75.5,0,0,0,-9.6,0,0,271.7,0,0,0,0,0,0,0,0,0,0,0,0,0,0,0,0,62.9,0,0,0,31.3,0,0,0,137.7,0,4.5,1.4,82.7,0,0,0,0,0,0,0,0,0,0,0,0,0,0,0,0,0,0,0,0
Cash from Discontinued Operating Activities,0,0,0,0,0,0,0,0,0,0,0,0,0,0,0,0,,0,0,0,0,0,0,0,0,0,0,0,0,0,0,0,0,0,0,0,0,0,0,0,0,0,0,0,0,0,0,0,0,0,0,0,0,0,0,0,0,0,0,0,0,0,0,0,0,0,0,0,0,0,0,0,0,0,0
Cash Flow from Others,-14,3.2,-3.4,-7.5,-3,-7.3,3.3,8.2,16.2,-7.9,-20.8,-27.4,-56.283,9.526,7.712,-21.5,,-24.7,1.2,-9.4,11.4,-9.7,-3,0.9,2.6,2.7,-4,0.3,-3.5,3.8,75.1,-2.6,-4.8,0.8,3.9,-2.5,1.9,-1.8,48.3,0.9,1.9,9.1,9.9,-9.3,0.8,3.9,9,1.5,-1,-1.1,1.7,2,7.8,4.7,1.7,-7.6,1.8,-3.8,160.5,-8.076,0.282,-4.816,-4.194,6.897,-17.814,-6.689,-19.016,-3.435,-30.527,-3.315,9.993,0.07,-0.287,-0.25,0
Cash Flow from Operations,955.4,803.9,617.7,474.8,488.6,471,314.3,267,249.4,306.3,287.8,163.6,122.268,108.967,-0.846,961.7,,230.6,279,206.9,245.2,224.3,246.3,212.2,150.2,195.2,184.6,170.4,119.1,143.6,97.8,128.2,111.3,137.5,126.3,116,126.5,119.8,121.9,121.6,103.5,124,84.9,99.9,60.1,69.4,71.9,81.9,49.6,63.6,41,63.4,68.5,76.5,87.2,69,66,84.1,82.6,88.023,48.992,68.185,54.749,40.697,33.072,35.082,39.882,41.222,19.893,21.271,33.957,36.092,28.922,9.996,0
,,,,,,,,,,,,,,,,,,,,,,,,,,,,,,,,,,,,,,,,,,,,,,,,,,,,,,,,,,,,,,,,,,,,,,,,,,,
"Purchase Of Property, Plant, Equipment",-760.5,-312.6,-445.2,-989.6,-501.2,-747.1,-1020.4,-857.9,-142.2,-509.1,-38.1,-49.4,-134.173,-107.034,-1211.007,-573,,-3.1,-19.2,-7.1,-543.6,-190.6,-138.1,-136,-4,-34.5,-8,-341.1,-38.5,-57.6,-286.2,-89.4,-90.8,-523.2,-128.8,-173.3,-137.2,-61.9,-148.2,-41.9,-40.2,-516.8,-973.9,-24.3,-8.5,-13.7,-665.7,-30.2,-23.6,-138.4,-73.5,-1.4,-64.1,-3.2,-409.1,-1.1,-3.5,-95.4,-1.4,-35.36,-0.583,-0.757,-13.546,-34.89,-0.254,-0.71,-53.228,-0.388,-4.797,-75.76,-104.068,-0.92,-0.707,-1.339,0
"Sale Of Property, Plant, Equipment",0,0,0,0,0,30.3,0,0,0,0,0,0.9,0,0,0,0,,0,0,0,0,0,0,0,0,0,0,0,0,0,0,0,0,0,0,0,0,0,0,0,0,0,0,0,0,0,0,0,0,0,0,0,0,0,0,0,0,0,0,0,0,0,0,0.622,0,0,0,0,0,0,0,0,0,0,0
Purchase Of Business,0,0,0,0,0,0,0,0,0,0,-379,1.9,-0.1,0,-1210.72,0,,0,0,0,0,0,0,0,0,0,0,0,0,0,0,0,0,0,0,0,0,0,0,0,0,0,0,0,0,0,0,0,0,0,0,0,0,0,0,0,0,0,0,35.006,-35,-379.006,0,8.589,0,0,0,0,0,0,0,0,0,0,0
Sale Of Business,0,0,0,0,0,0,0,0,0,0,0.3,1.881,0,0,0,0,,0,0,0,0,0,0,0,0,0,0,0,0,0,0,0,0,0,0,0,0,0,0,0,0,0,0,0,0,0,0,0,0,0,0,0,0,0,0,0,0,0,0,0,0,0,0,0,0.049,1.832,0,0,0,0,0,0,0,0,0
Purchase Of Investment,-17.2,0,-3.9,0,-12.3,-1.6,-111.3,-54.6,-124.6,-468.6,-90.1,-449.3,-455.862,-158.738,0,0,,0,0,0,0,0,0,0,0,0,0,0,0,0,0,0,0,0,0,0,0,0,0,0,-0.9,-0.7,-14.7,-20.3,-54.7,-21.6,-27.7,0,-16.9,-10,-16.6,-51.3,-42.1,-14.6,-107,-175.9,-10.7,-175,-8.2,-6.203,-41.983,-33.714,-224.703,-112.108,-35.593,-76.896,-311.506,-69.757,-73.805,-0.794,5.557,-75.266,-14.409,-74.62,0
Sale Of Investment,12.7,3.6,13,0.9,12.6,28.6,25.6,45.2,253.4,318.4,281.6,653.3,224.184,0,0,2,,1.5,0,0,0.5,12.2,0,3.4,0,0,6.2,0.5,5,1.3,0,0,0,0,0,0,0,0,4.6,0.4,13,10.6,0,0,24.7,0,0,14,13.6,17.6,49.7,38.8,107.9,57,134.2,28.2,88.4,67.6,28.7,29.411,46.86,176.629,172.463,30.271,134.625,315.941,-12.027,60.545,93.421,82.245,0,0,0,0,0
Net Intangibles Purchase And Sale,0,0,0,0,0,0,0,0,0,0,0,0,0,0,0,0,,0,0,0,0,0,0,0,0,0,0,0,0,0,0,0,0,0,0,0,0,0,0,0,0,0,0,0,0,0,0,0,0,0,0,0,0,0,0,0,0,0,0,0,0,0,0,0,0,0,0,0,0,0,0,0,0,0,0
Cash From Discontinued Investing Activities,0,0,0,0,0,0,0,0,0,0,0,0,0,0,0,0,,0,0,0,0,0,0,0,0,0,0,0,0,0,0,0,0,0,0,0,0,0,0,0,0,0,0,0,0,0,0,0,0,0,0,0,0,0,0,0,0,0,0,0,0,0,0,0,0,0,0,0,0,0,0,0,0,0,0
Cash From Other Investing Activities,0,0,0,0,0,0,0,51.4,12,0,0,-1.881,1.018,0,1210.72,-17.2,,0,-17.2,0,0,0,0.2,15,-15,0,0,-3.9,0,0,0.9,0,0,0,12.6,-12.3,0,0,30.3,0,0,0,0.9,-26.9,12.7,14.2,22.6,9.2,23.4,-3.8,12,0,0,0,0,0,0,0,0.3,0,0,0,-0.012,0,-8.28,0,1.018,-0.1,0,0,0,0,0,0,0
Cash Flow from Investing,-765,-309,-436.1,-988.7,-500.9,-689.8,-1106.1,-815.9,-1.4,-659.3,-225.3,157.4,-364.933,-265.772,-1211.007,-588.2,,-1.6,-36.4,-7.1,-543.1,-178.4,-137.9,-117.6,-19,-34.5,-1.8,-344.5,-33.5,-56.3,-285.3,-89.4,-90.8,-523.2,-116.2,-185.6,-137.2,-61.9,-113.3,-41.5,-28.1,-506.9,-987.7,-71.5,-25.8,-21.1,-670.8,-7,-3.5,-134.6,-28.4,-13.9,1.7,39.2,-381.9,-148.8,74.2,-202.8,19.4,22.854,-30.706,-236.848,-65.798,-107.516,90.547,240.167,-375.743,-9.7,14.819,5.691,-98.511,-76.186,-15.116,-75.959,0
,,,,,,,,,,,,,,,,,,,,,,,,,,,,,,,,,,,,,,,,,,,,,,,,,,,,,,,,,,,,,,,,,,,,,,,,,,,
Issuance of Stock,0,135.7,136,0,0,883.5,0,479.8,0,0,367.4,0,313.285,260.062,1226.775,0,,0,0,0,0,0,0,28.4,69.8,37.5,0,83,0,0,0,0,0,0,0,0,0,0,0,0,0,883.5,0,0,0,0,0,0,0,0,0,0,0,0,0,0,0,0,0,0,0,0,0,0,0,0,0,0,0,0,0,0,0,260.062,0
Repurchase of Stock,0,0,0,0,0,0,0,0,0,0,0,0,0,0,0,0,,0,0,0,0,0,0,0,0,0,0,0,0,0,0,0,0,0,0,0,0,0,0,0,0,0,0,0,0,0,0,0,0,0,0,0,0,0,0,0,0,0,0,0,0,0,0,0,0,0,0,0,0,0,0,0,0,0,0
Net Issuance of Preferred Stock,0,0,0,0,0,0,0,0,0,0,0,0,0,0,0,0,,0,0,0,0,0,0,0,0,0,0,0,0,0,0,0,0,0,0,0,0,0,0,0,0,0,0,0,0,0,0,0,0,0,0,0,0,0,0,0,0,0,0,0,0,0,0,0,0,0,0,0,0,0,0,0,0,0,0
  Issuance of Debt,150,0,435,237,0,0,960,0,0,0,329.2,0,0,0,140,0,,0,0,0,0,0,0,0,0,0,85,190,595,0,264,0,0,0,0,0,0,0,0,0,0,0,0,0,0,0,0,0,0,0,0,0,0,0,0,0,0,0,0,-0.04,0,164.64,0,0,0,0,0,0,0,0,0,0,0,0,0
  Payments of Debt,-150,-80,-565,-27,0,-460,-500,0,0,0,-337.3,0,0,0,-140,0,,0,0,0,0,0,0,0,0,-80,-250,-380,-320,-50,-54,0,0,0,0,0,0,0,0,0,0,-460,0,0,0,0,0,0,0,0,0,0,0,0,0,0,0,0,0,-0.014,0,-172.686,0,0,0,0,0,0,0,0,0,0,0,0,0
Net Issuance of Debt,0,-80,-130,210,0,-460,460,0,0,0,-8.1,0,0,0,0,0,,0,0,0,0,0,0,0,0,-80,-165,-190,275,-50,210,0,0,0,0,0,0,0,0,0,0,-460,0,0,0,0,0,0,0,0,0,0,0,0,0,0,0,0,0,-0.054,0,-8.046,0,0,0,0,0,0,0,0,0,0,0,0,0
Cash Flow for Dividends,-179.6,-154.9,-138.2,-136.1,-125.8,-118.1,-94.1,-90.7,-101.8,-77.9,-49.2,-33.3,-28.232,-21.78,0,-187.9,,-50.1,-46.2,-46.4,-45.2,-41.8,-39.8,-39.1,-39.8,-36.2,-35.3,-32.9,-35.1,-34.9,-31.6,-33.9,-35,-35.6,-31.8,-31.8,-32.1,-30.1,-30.7,-29.9,-29.2,-28.3,-23.7,-23.2,-23.3,-23.9,-23.1,-22.2,-22.9,-22.5,-23.6,-25.9,-26.2,-26.1,-22.1,-21.7,-17.1,-17,-15.4,-15.088,-9.737,-8.975,-8.431,-8.263,-16.606,0,0,0,0,0,0,0,0,0,0
Other Financing,-0.6,7.4,12.4,3.7,365.5,16.3,8.2,5.6,7.8,257.9,13.6,3.2,4.49,0,-2.18,2,,2.5,0.1,-0.9,0.3,-0.1,0.1,1.3,4.8,1.2,57.7,6,1.5,0.2,4.1,0.1,0,-0.5,-0.2,2.5,364.1,-0.9,0.2,0.5,5.4,10.2,468.9,0,-1,0.3,3.1,480.3,1.8,0.2,1.5,3.8,2.2,0.3,2.1,75.3,0,180.5,367.9,8.711,3.215,1.174,1.243,0.127,3.431,0,0,0,0,0,0,0,0,0,0
Cash Flow from Financing,-180.2,-91.8,-119.8,77.6,239.7,321.7,374.1,394.7,-94,180,323.7,-30.1,289.543,238.282,1224.595,-185.9,,-47.6,-46.1,-47.3,-44.9,-41.9,-39.7,-9.4,34.8,-77.5,-142.6,-133.9,241.4,-84.7,182.5,-33.8,-35,-36.1,-32,-29.3,332,-31,-30.5,-29.4,-23.8,405.4,445.2,-23.2,-24.3,-23.6,-20,458.1,-21.1,-22.3,-22.1,-22.1,-24,-25.8,-20,53.6,-17.1,163.5,352.5,-6.431,-6.522,-15.847,-7.188,-8.136,-13.175,-1.601,-15.062,2.619,301.986,0,-9.942,0,-11.838,260.062,0
,,,,,,,,,,,,,,,,,,,,,,,,,,,,,,,,,,,,,,,,,,,,,,,,,,,,,,,,,,,,,,,,,,,,,,,,,,,
Beginning Cash Position,534.2,132.1,69.7,511.1,253,149.2,592.5,770,631.7,794.1,413.9,122.6,73.249,12.894,0,538.5,,539.3,346.7,197.7,538.5,534.2,466.8,378.5,209.8,132.1,91.7,398.9,72.6,69.7,76.9,72.1,87.7,511.1,533.3,614.3,283,253,277.6,225.8,176.3,149.2,605.4,610.8,598.5,592.5,1221.9,702.1,669.9,770,789.5,758.2,718.5,631.7,951.2,961,847,794.1,333.6,250.231,235.437,413.887,431.974,506.618,396.466,122.649,473.031,437.391,99.564,73.249,159.456,204.553,201.978,12.894,0
  Effect of Exchange Rate Changes,-5.1,-1,0.6,-5.1,30.7,0.9,-25.6,-23.3,-15.7,10.6,-6,0.4,2.522,-21.122,0.152,-3.4,,2,-3.9,-3.5,2,0.3,-1.3,3.1,2.7,-5.5,0.2,0.8,-0.7,0.3,-2.2,-0.2,-1.1,-1.6,-0.3,17.9,10,3.1,-2.7,1.1,-2.1,4.6,1.4,-10.6,2.3,-18.7,-10.5,-13.2,7.2,-6.8,-10,3.9,-6.5,-3.1,-4.8,16.4,-9.1,8.1,6,-21.077,3.017,6.06,0.163,0.36,-0.292,0.169,0.541,1.499,1.129,-0.647,-11.711,-5.003,0.607,-5.015,0
Net Change in Cash,5.1,402.1,62.4,-441.4,258.1,103.8,-443.3,-177.5,138.3,-162.4,380.2,291.3,49.4,60.355,12.894,184.2,,183.4,192.6,149,-340.8,4.3,67.4,88.3,168.7,77.7,40.4,-307.2,326.3,2.9,-7.2,4.8,-15.6,-423.4,-22.2,-81,331.3,30,-24.6,51.8,49.5,27.1,-456.2,-5.4,12.3,6,-629.4,519.8,32.2,-100.1,-19.5,31.3,39.7,86.8,-319.5,-9.8,114,52.9,460.5,83.369,14.781,-178.45,-18.074,-74.595,110.152,273.817,-350.382,35.64,337.827,26.315,-86.207,-45.097,2.575,189.084,0
Ending Cash Position,539.3,534.2,132.1,69.7,511.1,253,149.2,592.5,770,631.7,794.1,413.9,122.649,73.249,12.894,722.7,,722.7,539.3,346.7,197.7,538.5,534.2,466.8,378.5,209.8,132.1,91.7,398.9,72.6,69.7,76.9,72.1,87.7,511.1,533.3,614.3,283,253,277.6,225.8,176.3,149.2,605.4,610.8,598.5,592.5,1221.9,702.1,669.9,770,789.5,758.2,718.5,631.7,951.2,961,847,794.1,333.6,250.218,235.437,413.9,432.023,506.618,396.466,122.649,473.031,437.391,99.564,73.249,159.456,204.553,201.978,0
,,,,,,,,,,,,,,,,,,,,,,,,,,,,,,,,,,,,,,,,,,,,,,,,,,,,,,,,,,,,,,,,,,,,,,,,,,,
Capital Expenditure,-760.5,-312.6,-445.2,-989.6,-501.2,-747.1,-1020.4,-857.9,-142.2,-509.1,-38.1,-49.4,-134.173,-107.034,-1211.007,-573,,-3.1,-19.2,-7.1,-543.6,-190.6,-138.1,-136,-4,-34.5,-8,-341.1,-38.5,-57.6,-286.2,-89.4,-90.8,-523.2,-128.8,-173.3,-137.2,-61.9,-148.2,-41.9,-40.2,-516.8,-973.9,-24.3,-8.5,-13.7,-665.7,-30.2,-23.6,-138.4,-73.5,-1.4,-64.1,-3.2,-409.1,-1.1,-3.5,-95.4,-1.4,-35.36,-0.583,-0.757,-13.546,-34.89,-0.254,-0.71,-53.228,-0.388,-4.797,-75.76,-104.068,-0.92,-0.707,-1.339,0
Free Cash Flow,194.9,491.3,172.5,-514.8,-12.6,-276.1,-706.1,-590.9,107.2,-202.8,249.7,114.2,-11.905,1.933,-1211.853,388.7,,227.5,259.8,199.8,-298.4,33.7,108.2,76.2,146.2,160.7,176.6,-170.7,80.6,86,-188.4,38.8,20.5,-385.7,-2.5,-57.3,-10.7,57.9,-26.3,79.7,63.3,-392.8,-889,75.6,51.6,55.7,-593.8,51.7,26,-74.8,-32.5,62,4.4,73.3,-321.9,67.9,62.5,-11.3,81.2,52.663,48.409,67.428,41.203,5.807,32.818,34.372,-13.346,40.834,15.096,-54.489,-70.111,35.172,28.215,8.657,0
,,,,,,,,,,,,,,,,,,,,,,,,,,,,,,,,,,,,,,,,,,,,,,,,,,,,,,,,,,,,,,,,,,,,,,,,,,,
Valuation Ratios,,,,,,,,,,,,,,,,,,,,,,,,,,,,,,,,,,,,,,,,,,,,,,,,,,,,,,,,,,,,,,,,,,,,,,,,,,,
PE Ratio,35.69,72.88,55.64,94.97,74.19,87.26,289.04,70.89,509.29,80.77,0,60.04,35.57,42.06,9999,36.94,,40.59,35.69,36.28,39.93,38.8,72.88,102.57,130.16,114.22,55.64,85.8,105.16,101.61,94.97,54.12,63.08,59.71,74.19,94.76,91.74,87.38,87.26,137.63,241.97,295.41,289.04,132.16,107.53,94.14,70.89,281.9,304.73,597.65,509.29,111,73.11,75.15,80.77,1016.67,822.14,809.25,0,41.12,55.13,59.71,60.04,41.45,39.13,30.24,35.57,44.94,45.69,61.31,42.06,9999,9999,9999,9999
PE Ratio without NRI,35.69,72.88,55.64,94.97,74.19,87.26,289.04,70.89,509.29,80.77,0,60.04,35.57,42.06,9999,36.94,,40.59,35.69,36.28,39.93,38.8,72.88,102.57,130.16,114.22,55.64,85.8,105.16,101.61,94.97,54.12,63.08,59.71,74.19,94.76,91.74,87.38,87.26,137.63,241.97,295.41,289.04,132.16,107.53,94.14,70.89,281.9,304.73,597.65,509.29,111,73.11,75.15,80.77,1016.67,822.14,809.25,0,41.12,55.13,59.71,60.04,41.45,39.13,30.24,35.57,44.94,45.69,61.31,42.06,9999,9999,9999,9999
Price-to-Owner-Earnings,55.99,0,0,0,0,0,0,0,0,95.28,0,0,0,0,0,53.99,,59.3,55.99,70.99,77.99,67,0,0,0,0,0,0,0,0,0,0,0,0,0,0,0,0,0,0,0,0,0,220.1,0,0,0,0,0,0,0,188.58,115.39,99.11,95.28,122.77,0,0,0,0,0,0,0,0,0,0,0,0,0,0,0,0,0,0,0
PB Ratio,4.39,4.4,3.86,2.83,3.16,2.57,2.56,2.26,2.02,2.66,1.86,1.93,1.57,1.21,0,4.41,,4.92,4.39,4.26,4.78,4.27,4.4,5.09,5.25,3.88,3.86,3.5,3.31,2.97,2.83,2.46,2.89,2.71,3.16,3.13,2.93,2.8,2.57,2.97,3.26,2.64,2.56,2.13,2.25,2.3,2.26,2.2,2.79,2.27,2.02,2.14,1.71,2.14,2.66,2.68,2.13,2.02,1.86,1.85,1.91,1.89,1.93,1.77,1.76,1.52,1.57,1.58,1.51,1.52,1.21,0,0,0,0
Price-to-Tangible-Book,4.39,4.4,3.86,2.83,3.16,2.57,2.56,2.26,2.02,2.66,1.86,1.93,1.57,1.21,0,4.41,,4.92,4.39,4.26,4.78,4.27,4.4,5.09,5.25,3.88,3.86,3.5,3.31,2.97,2.83,2.46,2.89,2.71,3.16,3.13,2.93,2.8,2.57,2.97,3.26,2.64,2.56,2.13,2.25,2.3,2.26,2.2,2.79,2.27,2.02,2.14,1.71,2.14,2.66,2.68,2.13,2.02,1.86,1.85,1.91,1.89,1.93,1.77,1.76,1.52,1.57,1.58,1.51,1.52,1.21,0,0,0,0
Price-to-Free-Cash-Flow,134.26,48.36,111,0,0,0,0,0,56.08,0,19.03,33.26,0,886.67,0,68.24,,74.99,134.26,457.08,0,62.7,48.36,46.75,84.33,78.99,111,0,1134.18,0,0,0,0,0,0,0,127.48,68.76,0,0,0,0,0,0,0,0,0,0,0,0,56.08,0,0,0,0,40.08,32.93,32.32,19.03,22.31,26.75,27.96,33.26,60.96,37.28,36.92,0,0,0,0,886.67,0,0,0,0
Price-to-Operating-Cash-Flow,27.39,29.56,30.99,27.97,29.51,22.54,23.04,28.15,24.12,27.03,16.51,23.21,23.51,15.6,0,28.65,,31.48,27.39,27.19,29.23,27.83,29.56,35.37,38.01,29.51,30.99,31.99,32.03,29.38,27.97,23.12,28.5,25.06,29.51,27.56,25.82,25.3,22.54,27.36,29.72,26.31,23.04,24.57,27.76,30.13,28.15,31.87,38.86,30.02,24.12,22.81,18.22,22.59,27.03,26.87,19.39,18.78,16.51,18.04,20.13,20.79,23.21,24.03,23.55,21.04,23.51,21.69,21.86,20.12,15.6,0,0,0,0
PS Ratio,20.13,23.29,22.68,20.33,21.37,17.4,16.33,16.99,15,19.39,11.56,16.71,14.4,11.26,0,20.73,,22.78,20.13,19.66,21.89,21.31,23.29,26.99,28.68,21.86,22.68,23.13,23.39,21.4,20.33,17.3,20.8,18.82,21.37,20.17,19.06,18.16,17.4,20.66,24.21,20.83,16.33,16.78,17.47,18.39,16.99,17.95,20.58,17.87,15,16.23,13.03,15.65,19.39,18.8,14.15,12.84,11.56,12.85,14,16.08,16.71,15.32,16.1,13.29,14.4,15.42,15.13,15.38,11.26,0,0,0,0
PEG Ratio,2.51,9.86,4.69,3.92,3.52,5.26,68.17,0,0,0,0,0,0,0,0,2.5,,2.39,2.51,3.1,3.99,4.59,9.86,12.6,14.18,10.9,4.69,6.46,6.58,5.07,3.92,2.12,2.54,2.57,3.52,4.56,4.59,4.81,5.26,11.96,29.62,50.41,68.17,52.03,430.12,0,0,0,0,0,0,37.63,20.42,0,0,0,0,0,0,0,0,0,0,0,0,0,0,0,0,0,0,0,0,0,0
EV-to-Revenue,19.7,22.8,22.78,20.57,20.91,17.19,19.1,16.21,12.97,17.89,10.78,14.22,12.47,10.03,0,20.16,,22.22,19.7,19.35,21.71,20.81,22.8,26.62,28.45,21.75,22.78,23.48,23.45,21.6,20.57,17.16,20.67,18.76,20.91,19.95,18.76,17.69,17.19,20.99,25.56,22.7,19.1,15.25,16.1,17.19,16.21,15.83,18.73,16,12.97,14.19,11.11,13.77,17.89,17.01,12.62,11.8,10.78,12.27,13.9,16.51,14.22,12.72,13.44,11.07,12.47,13.59,13.82,14.21,10.03,0,0,0,0
EV-to-EBITDA,22.12,40.04,28.42,30.66,27.55,23.55,31.65,22.29,31.48,27.02,25.77,16.73,13.19,12.09,0,22.71,,25.03,22.12,22.91,25.77,24.62,40.04,50.82,56.68,44.09,28.42,33.55,34.6,32.52,30.66,22.15,26.63,24.25,27.55,28.57,26.47,24.6,23.55,30.48,39.34,36.54,31.65,22.67,23.4,24.44,22.29,32.9,39.29,37.94,31.48,24.59,18.38,21.54,27.02,36.45,27.34,25.97,25.77,15.42,18.64,20.24,16.73,14.47,14.29,11.47,13.19,14.36,14.72,17.15,12.09,0,0,0,0
EV-to-EBIT,29.85,68.43,46.51,70.51,58.97,61.16,164.84,45.21,144.85,48.96,107.05,30.92,24.96,40.13,0,30.56,,33.68,29.85,31.3,34.85,33.71,68.43,98.31,127.91,109.32,46.51,65.89,76.11,74.87,70.51,42.6,51.87,48.61,58.97,70.93,64.96,61.16,61.16,97.66,161.35,179.09,164.84,68.35,60.35,57.04,45.21,124.91,144.43,176.58,144.85,52.72,36.56,40.67,48.96,98.82,76.73,80.97,107.05,26.81,35.42,37.43,30.92,24.52,24.27,19.64,24.96,39.92,42.62,66.56,40.13,0,0,0,0
Earnings Yield (Joel Greenblatt) %,3.35,1.46,2.15,1.42,1.7,1.64,0.61,2.21,0.69,2.04,0.93,3.23,4.01,2.49,0,3.27,,2.97,3.35,3.19,2.87,2.97,1.46,1.02,0.78,0.91,2.15,1.52,1.31,1.34,1.42,2.35,1.93,2.06,1.7,1.41,1.54,1.64,1.64,1.02,0.62,0.56,0.61,1.46,1.66,1.75,2.21,0.8,0.69,0.57,0.69,1.9,2.74,2.46,2.04,1.01,1.3,1.24,0.93,3.73,2.82,2.67,3.23,4.08,4.12,5.09,4.01,2.51,2.35,1.5,2.49,0,0,0,0
Forward Rate of Return (Yacktman) %,14.44,6.32,9.69,16.66,17.27,13.54,1.55,-5.59,-1.52,0,0,0,0,0,0,17.37,,17.33,14.44,11.83,10.03,8.33,6.32,7.21,8.25,9.15,9.69,10.72,13.43,16.97,16.66,16.47,16.98,16.78,17.27,17.25,17.3,15.3,13.54,8.95,5.74,2.9,1.55,2.17,-0.22,-2.84,-5.59,-5.94,-5.67,-4.34,-1.52,3.69,4.59,0,0,0,0,0,0,0,0,0,0,0,0,0,0,0,0,0,0,0,0,0,0
Shiller PE Ratio,114.31,162.52,163.33,144.95,166.27,0,0,0,0,0,0,0,0,0,0,108.88,,119.66,114.31,129.65,151.58,144.45,162.52,211.76,242.64,191.6,163.33,153.62,152.47,140.9,144.95,114.35,140.73,134.8,166.27,203.43,0,0,0,0,0,0,0,0,0,0,0,0,0,0,0,0,0,0,0,0,0,0,0,0,0,0,0,0,0,0,0,0,0,0,0,0,0,0,0
Dividend Yield %,0.84,0.82,0.96,1.35,1.14,1.46,1.81,1.46,1.77,0.98,1.07,1.03,0.94,1.26,0,0.89,,0.76,0.84,0.86,0.74,0.83,0.82,0.73,0.72,1,0.96,1.08,1.14,1.28,1.35,1.5,1.27,1.35,1.14,1.14,1.23,1.34,1.46,1.23,1.12,1.37,1.81,1.86,1.7,1.65,1.46,1.43,1.19,1.44,1.77,1.55,1.87,1.36,0.98,0.88,1.08,1.05,1.07,1.08,0.91,0.74,1.03,1.2,1,1.5,0.94,0.83,0.91,1.01,1.26,0,0,0,0
,,,,,,,,,,,,,,,,,,,,,,,,,,,,,,,,,,,,,,,,,,,,,,,,,,,,,,,,,,,,,,,,,,,,,,,,,,,
Valuation and Quality,,,,,,,,,,,,,,,,,,,,,,,,,,,,,,,,,,,,,,,,,,,,,,,,,,,,,,,,,,,,,,,,,,,,,,,,,,,
Market Cap,26459.634,23932.576,19563.099,13100.211,14865.13,10666.093,8110.668,7697.262,5995.481,8388.572,5267.506,3820.658,3021.728,1741.208,0,26757.435,,30545.164,26459.634,24837.783,27723.695,23933.322,23932.576,26636.294,26613.777,18903.374,19563.099,17191.055,15907.24,14050.405,13100.211,11657.005,13594.755,12723.548,14865.13,14601.915,13382.651,11701.787,10666.093,12450.834,13546.269,10910.938,8110.668,6914.368,7473.71,7595.549,7697.262,7629.088,8456.5,6754.353,5995.481,6652.665,5253.319,6690.346,8388.572,8636.038,6507.656,6187.634,5267.506,4607.583,4726.703,4628.407,3820.658,3613.123,3498.413,3057.566,3021.728,2941.78,2694.998,2165.477,1741.208,0,0,0,0
Enterprise Value ($M),25920.334,23398.376,19510.999,13238.111,14354.03,10413.093,8399.968,7104.762,5207.481,7608.672,4456.706,3272.958,2521.599,1526.383,0,26034.735,,29822.464,25920.334,24491.083,27525.995,23394.822,23398.376,26169.494,26235.277,18693.574,19510.999,17344.355,15909.94,14137.805,13238.111,11580.105,13522.655,12635.848,14354.03,14055.915,12768.351,11418.787,10413.093,12173.234,13320.469,10724.038,8399.968,6300.468,6862.91,6997.049,7104.762,6407.188,7740.5,6074.153,5207.481,5811.065,4456.319,5864.546,7608.672,7505.438,5520.556,5234.834,4456.706,4236.01,4443.515,4354.886,3272.958,3002.435,2905.658,2488.256,2521.599,2410.477,2215.871,2010.041,1526.383,0,0,0,0
Month End Stock Price,138.29,125.33,103.3,70.17,79.95,59.76,45.75,49.19,40.74,57.17,38.07,33.36,26.95,17.36,0,139,,159.52,138.29,129.91,145.07,125.29,125.33,139.58,139.64,99.52,103.3,91.16,84.88,75.05,70.17,62.55,73.02,68.39,79.95,78.62,72.16,65.51,59.76,69.87,76.06,61.38,45.75,44.02,47.65,48.54,49.19,48.88,57.34,45.86,40.74,45.26,35.77,45.59,57.17,58.93,45.2,42.98,38.07,36.07,37.37,36.66,33.36,31.56,30.66,26.82,26.95,26.24,24.07,21.59,17.36,0,0,0,0
Net Cash per Share,1.85,2.02,-0.46,-1.23,2.3,1,-1.94,3.39,4.8,4.67,5.38,4.55,3.65,1.44,-0.41,2.76,,2.76,1.85,1,0.22,2.06,2.02,1.78,1.4,0.55,-0.46,-1.45,-0.67,-1.09,-1.23,-0.07,-0.05,0.02,2.3,2.5,2.87,1.18,1,1.2,0.98,0.79,-1.94,3.5,3.46,3.4,3.39,7.44,4.45,4.25,4.8,5.1,4.87,5.02,4.67,7.12,6.28,6.14,5.38,2.35,1.69,1.5,4.55,4.28,4.24,4.06,3.65,4.04,3.5,0.86,1.44,2.6,2.38,2.25,-0.41
Net Current Asset Value,2.96,2.69,0.32,-0.65,2.87,1.6,-1.33,4.07,5.65,5.35,5.98,5,4.01,1.78,-0.36,3.94,,3.94,2.96,2.25,1.06,2.79,2.69,2.48,2.12,1.24,0.32,-0.55,-0.1,-0.55,-0.65,0.44,0.53,0.56,2.87,3.13,3.44,1.76,1.6,1.81,1.5,1.25,-1.33,4.17,4.11,4.04,4.07,8.17,5.27,5,5.65,5.75,5.43,5.64,5.35,7.8,6.28,6.14,5.98,3.02,2.4,2.14,5,4.69,4.6,4.4,4.01,4.35,3.85,1.25,1.78,2.86,2.63,2.46,-0.36
Net-Net Working Capital,2.32,2.38,-0.06,-0.93,2.59,1.3,-1.66,3.74,5.2,5.1,5.81,4.55,3.65,1.44,-0.41,3.32,,3.32,2.32,1.58,0.68,2.47,2.38,2.15,1.71,0.88,-0.06,-1.09,-0.39,-0.81,-0.93,0.18,0.21,0.28,2.59,2.77,3.09,1.47,1.3,1.51,1.21,1,-1.66,3.73,3.7,3.67,3.74,7.77,4.82,4.62,5.2,5.44,5.19,5.41,5.1,7.12,6.28,6.14,5.81,2.35,1.69,1.5,4.55,4.28,4.24,4.06,3.65,4.04,3.5,0.86,1.44,2.6,2.38,2.25,-0.41
Intrinsic Value: Projected FCF,16,8.21,2.06,-1.83,4.43,5.61,4.89,11.99,18.41,0,0,0,0,0,0,29.68,,29.68,16,12.97,10.62,14.29,8.21,7.3,6.78,3.94,2.06,0.48,2.13,1.42,-1.83,-0.15,-0.1,-0.76,4.43,4.58,6.89,5.64,5.61,5.5,4.55,4.33,4.89,15.16,14.62,13.4,11.99,20.07,18.74,18.06,18.41,19.73,0,0,0,0,0,0,0,0,0,0,0,0,0,0,0,0,0,0,0,0,0,0,0
Median PS Value,134.78,107.83,84.9,59.78,0,0,0,0,0,0,0,0,0,0,0,135.75,,141.77,134.78,131.27,130.51,114.36,107.83,98.28,91.61,84.85,84.9,72.21,65.67,62.85,59.78,63.9,61.89,0,0,0,0,0,0,0,0,0,0,0,0,0,0,0,0,0,0,0,0,0,0,0,0,0,0,0,0,0,0,0,0,0,0,0,0,0,0,0,0,0,0
Peter Lynch Fair Value,54.2,12.78,22.17,17.23,22.68,11.12,0,0,0,0,0,0,0,0,0,63.82,,66.65,54.2,41.92,36.37,27.29,12.78,11.08,9.85,9.13,22.17,14.11,12.89,14.79,17.23,28.9,28.73,26.64,22.68,17.24,15.71,13.63,11.12,5.85,2.57,1.22,0,0,0,0,0,0,0,0,0,0,3.34,0,0,0,0,0,0,0,0,0,0,0,0,0,0,0,0,0,0,0,0,0,0
Graham Number,52.09,33.12,33.18,20.46,24.57,18.99,8.01,18.51,6.02,18.52,0,14.63,17.04,11.48,0,53.26,,53.26,52.16,49.76,49.23,45.45,33.12,29.28,25.89,23.55,33.18,24.91,21.47,20.64,20.46,25.67,26,25.53,24.45,21.13,20.67,19.99,18.99,16.58,12.96,10.73,8.01,12.76,14.97,16.61,18.51,8.94,9.13,6.03,6.02,13.8,15.49,17.11,18.39,6.29,5.78,6.19,0,20.19,17.06,16.03,14.5,17.33,17.59,18.26,17.04,14.2,13.81,11.16,11.48,0,0,0,0
Earnings Power Value (EPV),-5.2,-12.71,-27.24,-31.12,-21.61,-21.95,-18.72,-3.9,3.71,-1.15,0,0,0,0,0,-2.05,,-2.05,-5.2,-10.31,-12.94,-8.04,-12.71,-22.71,-22.66,-23.53,-27.24,-34.37,-30.85,-30.81,-31.12,-29.08,-28.48,-28.85,-21.61,-24.22,-21.04,-21.17,-21.95,-19.75,-20.62,-21.84,-18.72,-2.25,-2.85,-3.04,-3.9,7.32,4.16,3.65,3.71,-1.02,-1.43,-0.43,-1.15,5.93,0,0,0,0,0,0,0,0,0,0,0,0,0,0,0,0,0,0,0
Altman Z-Score,85.85,96.26,53.41,26.81,106.24,86.07,9.73,76.28,44.71,53.82,47.47,86.46,20.41,15.12,0,85.34,,93.69,85.85,96.63,109.26,100.41,96.26,127.23,143.49,109.29,53.41,28.6,17.1,30.63,26.81,77.65,100.12,89.86,106.24,108.79,95.51,95.96,86.07,119.1,156.74,136.97,9.73,64.85,66.58,69.7,76.28,77.44,83.42,74.41,44.71,44.03,39.57,45.64,53.82,60,46.87,54.4,47.47,41.07,40.29,33.18,86.46,18.52,20.23,17.76,20.41,22.95,19.64,19.12,15.12,20.15,0,0,0
Piotroski F-Score,9,7,7,5,7,7,4,7,5,6,4,4,7,9999,9999,8,,8,9,7,7,8,7,8,8,8,7,5,5,4,5,6,6,6,7,7,8,7,7,7,5,4,4,6,6,6,7,6,6,5,5,6,6,6,6,6,6,6,4,6,5,4,4,6,5,7,7,9999,9999,9999,9999,9999,9999,9999,9999
Beneish M-Score,-2.06,-2.37,-2.43,-5.57,-2.68,-2.41,-8.98,-2.08,-2.77,-2.72,-1.85,-2.42,-2.39,0,0,-2.03,,-2.03,-2.06,-1.88,-2.36,-2.41,-2.37,-2.37,-2.11,-2.28,-2.43,-5.53,-8.74,-4.98,-5.57,-2.64,-2.48,-2.84,-2.68,-2.98,-3.01,-2.65,-2.41,-2.44,-2.52,-2.44,-8.98,-2.24,-2.5,-2.69,-2.08,-2.35,-2.19,-2.35,-2.77,-3.07,0,0,-2.72,-1.8,3.4,3.66,-1.85,-1.74,-1.4,-1.84,-2.42,-2.83,-2.77,-2.45,-2.39,0,0,0,0,0,0,0,0
Scaled Net Operating Assets,0.981,0.93,1.016,0.996,0.994,1.06,0.996,0.924,0.671,0.817,1.008,0.709,0.951,0.912,0.953,0.883,,0.883,0.917,0.921,0.975,0.906,0.916,0.919,0.942,0.884,0.951,0.944,0.96,0.976,0.987,0.976,0.97,0.961,0.884,0.885,0.932,0.922,0.916,0.929,0.94,1.074,1.042,0.776,0.804,0.781,0.798,0.725,0.766,0.753,0.679,0.72,0.706,0.711,0.716,0.666,0.659,0.729,0.79,0.831,0.868,1.082,0.664,0.681,0.658,0.713,0.738,0.708,0.879,0.843,0.776,0.751,0.787,0.937,0.953
Sloan Ratio %,8.75,-3.02,3.08,13.24,4.32,8.08,22.22,18.91,-7.76,14.04,-2.39,-12.87,16.01,13.11,88.19,5.79,,5.79,8.75,10.58,12.2,3.77,-3.02,-5.72,-1.74,-1.5,3.08,7.37,2.35,3.61,13.24,10.96,13.52,14.03,4.32,3.38,0.11,-1.98,8.08,28.83,29.41,30.1,22.22,16.46,15.23,15.42,18.91,-1.07,-0.33,-1.64,-7.76,3.7,8.39,6.52,14.04,-0.4,-6.75,-2.99,-2.39,6.5,12.09,7.59,-12.87,4.12,-0.25,4.08,16.01,1.44,5.17,6.89,13.11,,,,
Current Ratio,17.39,12.48,5.22,7.14,27.27,9.61,13.21,33.12,17.85,15.48,20.66,22.69,56.98,26.68,4.59,21.73,,21.73,17.39,13.57,9.86,16.39,12.48,14.38,13.54,8.38,5.22,6.37,2.67,4.14,7.14,7.63,8.37,8.19,27.27,21.11,18.59,12.17,9.61,14.15,14.34,13.53,13.21,33.93,29.33,26.14,33.12,58.06,39.3,37.34,17.85,20.25,20.17,18.59,15.48,25.31,0,0,20.66,12.33,10.36,7.33,22.69,36.83,52.19,62.73,56.98,85.28,91.35,21.32,26.68,32.74,40.73,44.31,4.59
Quick Ratio,17.38,12.47,5.14,7.14,26.96,9.53,13.21,33.12,17.85,15.48,20.66,22.69,56.98,26.68,4.59,21.72,,21.72,17.38,13.56,9.84,16.32,12.47,14.37,13.52,8.32,5.14,6.21,2.67,4.14,7.14,7.63,8.21,7.97,26.96,21.07,18.59,12.15,9.53,14.15,14.34,13.53,13.21,33.93,29.33,26.14,33.12,58.06,39.3,37.34,17.85,20.25,20.17,18.59,15.48,25.31,0,0,20.66,12.33,10.36,7.33,22.69,36.83,52.19,62.73,56.98,85.28,91.35,21.32,26.68,32.74,40.73,44.31,4.59
Cash Ratio,12.48,10.04,2.47,2.79,22.62,6.73,8.08,28.08,15.42,13.73,18.73,20.75,52.75,23.07,3.29,16.54,,16.54,12.48,8.04,5.43,13.04,10.04,11.17,9.93,5.17,2.47,2.24,2.14,1.74,2.79,3.4,3.35,3.81,22.62,17.39,15.87,8.87,6.73,10.21,10.17,9.39,8.08,28.96,25.14,22.42,28.08,53.13,33.62,32.08,15.42,18.18,18.28,16.75,13.73,23.26,0,0,18.73,10.02,7.86,5.66,20.75,34.2,48.78,58.76,52.75,80.1,84.4,17.06,23.07,30.19,37.49,41.21,3.29
Interest Coverage,2637.67,1479,53.59,176.47,69.15,57.36,40.14,117.38,101.68,201,85.52,39.74,76.84,22.99,0,,,234.11,0,245.87,707.33,238.63,0,220.25,129.25,421,98.77,46.42,31.44,31.84,0,94.29,81.13,85.67,61.2,78.5,69.88,69,67.87,95.43,61.25,28,20.29,44.33,61.8,76.25,111.75,117,119,121.75,71.5,240,117.5,78.14,300.5,184,257.5,134.25,305,287.5,10000,10000,52.11,41.83,28.74,33.68,153.92,55.87,57.62,18.36,7.52,47.01,45.87,21.74,10000
Highest Stock Price,159.76,171.73,103.99,73.64,86.74,77.45,53,57.1,54.02,60.52,45.94,35.66,29.68,20.15,0,169.32,,168.11,148.22,159.56,151.05,134.14,154.31,164.05,156.32,114.58,103.99,100.84,86.86,78.12,71.66,76.49,73.4,78.16,86.74,84.31,78.56,67.42,67.96,79.31,76.06,66.78,51.63,46.36,52.62,57.99,54.76,59.05,57.34,53.37,45.28,48.13,43.41,56.43,60.52,60.24,47.28,46.42,43.89,44.53,39.37,37.3,35.66,32.56,32.25,30.07,29.58,28.91,26.61,23.99,17.36,0,0,0,0
Lowest Stock Price,106.29,95.8,70.09,56.6,63.89,44.74,37.07,37.22,31.62,38.82,27.32,25.48,18.38,10.52,0,124.95,,129.01,127.38,129.64,131.45,106.97,125.33,136.24,107.43,86.34,92.67,82.57,71.36,68.15,58.38,59.78,65.58,67.39,76.8,72.02,68.48,60.37,54.39,69.35,60.92,46.25,41.06,38.39,47.07,45.24,44.09,47.97,46.56,39.08,37.48,34.71,31.92,44.62,55.17,46.82,37.86,38.86,35.93,33.91,36.23,28.67,32.05,29.49,25.82,25,24.74,23.39,20.55,15.2,10.52,0,0,0,0
Shares Buyback Ratio %,-0.2,-0.83,-1.44,-0.41,-4.17,-0.68,-13.29,-6.33,-0.3,-6.05,-20.81,-2.14,-11.79,-12.95,,-0.239928721,,-0.08,-0.07,-0.05,-0.04,-0.04,-0.07,-0.13,-0.34,-0.3,-0.42,-0.63,-0.1,-0.28,-0.18,-0.1,-0.07,-0.06,-0.11,-0.15,-3.82,-0.08,-0.16,-0.06,-0.19,-0.27,-12.87,-0.14,-0.23,0,-0.26,-5.83,-0.13,-0.08,-0.12,-0.08,-0.08,-0.01,-0.12,-1.79,-0.01,-4.05,-8.32,-0.99,-0.18,-10.24,-0.04,-0.33,-0.09,-1.68,-0.01,-0.13,-11.63,0,0,0,0,-12.95,
Buyback Yield %,0,-0.57,-0.7,0,0,-8.28,0,-6.23,0,0,-6.97,0,-10.37,-14.94,0,0,,0,0,0,0,0,0,-0.43,-1.05,-0.79,0,-1.93,0,0,0,0,0,0,0,0,0,0,0,0,0,-32.39,0,0,0,0,0,0,0,0,0,0,0,0,0,0,0,0,0,0,0,0,0,0,0,0,0,0,0,0,0,0,0,0,0
YoY Rev. per Sh. Growth,26.89,19.15,28.13,-4.84,6.46,22.35,-3.18,7.66,-8.34,-9.76,66.12,6.54,20.94,3918.92,0,21.97,,9.45,7.68,12.57,76.89,27.43,16.32,17.09,12.74,32,71.58,36.91,5.03,3.26,-10.84,-1.01,-3.68,-3.21,1.12,-3.14,6.81,21.81,14.29,45.25,21.39,13.8,-1.38,-6.92,-4.41,-1.29,15.65,5.69,14.89,-4.58,-14.43,-6.91,-10.26,-0.58,-12.32,-17.54,-15.25,18.23,38.62,82.27,90.21,52.61,-8.36,31.45,0.04,24.57,67.87,-8.31,7.47,9.76,0,0,0,0,0
YoY EPS Growth,123.98,-6.56,144,-29.25,53.62,331.25,-77.14,775,-88.73,1520,-109.09,-26.67,82.93,207.89,0,24.28,,5.56,25,7.41,84,273.08,53.33,50,47.06,-248.57,452.94,92.86,17.24,0,-173.91,-12.5,16,40,866.67,6.67,4.17,38.89,85,200,71.43,50,-1900,-54.55,-44,-50,98.18,-8.33,66.67,0,-139.13,-31.43,-40,-27.27,72.94,2.94,-3.85,83.33,-666.67,385.71,36.84,38.46,-58.33,-36.36,-20.83,225,140,10,140,-33.33,100.7,0,0,0,0
YoY EBITDA Growth (%),98.46,-15.37,53.08,-15.88,10.74,47.95,-19.65,89.98,-42.95,42.83,-18.24,-4.17,37.77,451.21,0,27.86,,8.62,29.68,13.59,77.64,429.17,26.99,21.1,11.88,-155.06,391.4,44.09,11.19,1.49,-67.06,-1.67,-2.62,4.39,52.91,-7.48,0.2,13.87,122.16,66.74,30.79,22.99,-49.09,-16.02,-13.35,-12.44,191.02,1.71,43.37,2.58,-712.15,-18.04,-25.43,-12.03,113.49,-11.46,-12.52,28.94,-211.86,135.02,28.3,26.78,-19.26,-5.08,-9.05,37.97,90.13,-4.99,57.05,11.22,0,0,0,0,0
5-Year EBITDA Growth Rate (Per Share),14.2,7.39,11.87,24.21,21.05,16.6,4.24,-4.88,-2.06,0,0,0,0,0,0,14.8,,16.96,14.2,11.71,10.01,8.45,7.39,8.14,9.18,10.48,11.87,13.28,15.97,20.03,24.21,25.48,24.82,23.26,21.05,20.77,19.97,18.17,16.6,11.51,8.17,5.86,4.24,2.54,0.25,-2.35,-4.88,-6.84,-6.41,-4.91,-2.06,2.95,3.58,0,0,0,0,0,0,0,0,0,0,0,0,0,0,0,0,0,0,0,0,0,0
Shares Outstanding (Basic Average),191.1,190.3,187.7,186.1,182.9,175.2,156.9,150.5,146.8,143.1,125.4,114,106.683,98.006,86.073,191.3,,191.3,191.4,191.1,191,191,191.5,190.3,190.2,189.4,188.9,187.7,187.2,187,186.1,186.1,186,185.9,185.9,185.5,181.6,178.5,175.2,178.1,177.8,166.8,157.2,156.9,156.7,156.5,156.2,151.1,147.3,147.2,146.8,146.9,146.8,146.7,143.1,145.3,144,139.9,131.4,127.1,121.6,116.8,114.048,114.132,114.038,113.435,112.176,111.986,102.143,100.3,100.19,100.3,100.3,91.201,86.073
Shares Outstanding (EOP),191.334,190.956,189.381,186.692,185.93,178.482,177.282,156.48,147.164,146.73,138.364,114.528,112.124,100.3,88.8,191.48,,191.482,191.334,191.192,191.106,191.023,190.956,190.832,190.588,189.945,189.381,188.581,187.409,187.214,186.692,186.363,186.179,186.044,185.93,185.728,185.458,178.626,178.482,178.2,178.1,177.76,177.282,157.073,156.846,156.48,156.48,156.078,147.48,147.282,147.164,146.988,146.864,146.75,146.73,146.547,143.975,143.965,138.364,127.74,126.484,126.252,114.528,114.484,114.104,114.003,112.124,112.111,111.965,100.3,100.3,100.3,100.3,100.3,88.8
Beta,0.85,0.58,0.03,-0.09,-0.12,-0.09,-0.04,0.54,0.85,0.7,0.37,0,0,0,0,0.91,,0.79,0.85,0.7,0.63,0.61,0.58,0.7,0.68,0.28,0.03,-0.01,0.11,0.07,-0.09,0.31,0.16,0.26,-0.12,-0.11,0.05,0.1,-0.09,-0.15,-0.06,0.08,-0.04,-0.48,-0.17,0.03,0.54,0.63,0.6,0.63,0.85,0.92,0.81,0.58,0.7,0.73,0.68,0.7,0.37,0.41,0,0,0,0,0,0,0,0,0,0,0,0,0,0,0
Restated Filing Date,03/17/22,03/17/22,03/18/21,03/18/20,03/27/19,03/28/18,03/22/17,03/10/16,03/25/15,03/20/14,09/19/13,03/30/12,03/24/11,03/25/10,03/26/09,05/04/22,,05/04/22,03/17/22,11/03/21,08/11/21,05/04/22,03/17/22,11/03/21,08/11/21,05/05/21,03/18/21,11/04/20,08/05/20,05/07/20,03/18/20,11/12/19,08/07/19,05/08/19,03/27/19,11/05/18,08/08/18,05/09/18,03/28/18,11/06/17,08/08/17,05/09/17,03/22/17,11/08/16,08/08/16,05/04/16,03/10/16,11/12/15,08/10/15,05/06/15,03/25/15,11/05/14,08/06/14,05/07/14,03/20/14,11/06/13,08/07/13,05/08/13,09/19/13,11/07/12,08/08/12,05/08/12,03/30/12,11/08/11,08/09/11,05/12/11,03/24/11,11/11/10,08/11/10,05/12/10,03/25/10,11/09/09,08/11/09,05/11/09,03/26/09
Filing Date,03/17/22,03/17/22,03/18/20,03/27/19,03/28/18,03/22/17,03/10/16,03/25/15,03/20/14,03/20/13,03/30/12,03/24/11,03/25/10,03/26/09,03/28/08,05/04/22,,05/04/22,03/17/22,11/03/21,08/11/21,05/04/22,03/17/22,11/04/20,08/05/20,05/07/20,03/18/20,11/12/19,08/07/19,05/08/19,03/27/19,11/05/18,08/08/18,05/09/18,03/28/18,11/06/17,08/08/17,05/09/17,03/22/17,11/08/16,08/08/16,05/04/16,03/10/16,11/12/15,08/10/15,05/06/15,03/25/15,11/05/14,08/06/14,05/07/14,03/20/14,11/06/13,08/07/13,05/08/13,03/20/13,11/07/12,08/08/12,05/08/12,03/30/12,11/08/11,08/09/11,05/12/11,03/24/11,11/11/10,08/11/10,05/12/10,03/25/10,11/09/09,08/11/09,05/11/09,03/26/09,11/11/08,08/08/08,05/12/08,03/28/08
Earnings Release Date,03/10/22,03/11/21,03/10/20,03/20/19,03/08/18,03/23/17,,03/26/15,03/20/14,03/20/13,,,03/25/10,,,05/05/22,,05/05/22,03/10/22,11/04/21,08/12/21,05/06/21,03/11/21,11/05/20,08/06/20,05/07/20,03/10/20,11/12/19,08/08/19,05/09/19,03/20/19,11/06/18,08/09/18,05/10/18,03/08/18,11/06/17,08/09/17,05/10/17,03/23/17,11/08/16,08/09/16,,,11/12/15,08/11/15,05/07/15,03/26/15,11/06/14,08/07/14,05/08/14,03/20/14,11/06/13,08/08/13,05/08/13,03/20/13,11/07/12,08/09/12,05/08/12,,,,,,,08/12/10,05/12/10,03/25/10,11/09/09,08/11/09,05/11/09,,,,,
Number of Shareholders,0,0,0,0,0,0,0,0,0,0,0,0,0,0,0,0,,0,0,0,0,0,0,0,0,0,0,0,0,0,0,0,0,0,0,0,0,0,0,0,0,0,0,0,0,0,0,0,0,0,0,0,0,0,0,0,0,0,0,0,0,0,0,0,0,0,0,0,0,0,0,0,0,0,0
Number of Employees,35,35,38,34,32,31,29,28,30,24,24,20,20,0,0,35,,35,35,35,35,35,35,38,38,38,38,34,34,34,34,32,32,32,32,31,31,31,31,29,29,29,29,28,28,28,28,30,30,30,30,24,24,24,24,24,24,24,24,20,20,20,20,20,20,20,20,0,0,0,0,0,0,0,0
,,,,,,,,,,,,,,,,,,,,,,,,,,,,,,,,,,,,,,,,,,,,,,,,,,,,,,,,,,,,,,,,,,,,,,,,,,,
Forex Rate,1,1,1,1,1,1,1,1,1,1,1,1,1,1,1,,,1,1,1,1,1,1,1,1,1,1,1,1,1,1,1,1,1,1,1,1,1,1,1,1,1,1,1,1,1,1,1,1,1,1,1,1,1,1,1,1,1,1,1,1,1,1,1,1,1,1,1,1,1,1,1,1,1,1
,,,,,,,,,,,,,,,,,,,,,,,,,,,,,,,,,,,,,,,,,,,,,,,,,,,,,,,,,,,,,,,,,,,,,,,,,,,
