0,1,2,3,4,5,6,7,8,9,10,11,12,13,14,15,16,17,18,19,20,21,22,23,24,25,26,27,28,29,30,31,32,33,34,35,36,37,38,39,40,41,42,43,44,45,46,47,48,49
Downloaded from http://www.GuruFocus.com on Mon Jun 20 2022 17:47:28 GMT+0700 (GMT+07:00),,,,,,,,,,,,,,,,,,,,,,,,,,,,,,,,,,,,,,,,,,,,,,,,,
GuruFocus_ASX:GOR_Financial_2022-6-20 at 17:47.csv,,,,,,,,,,,,,,,,,,,,,,,,,,,,,,,,,,,,,,,,,,,,,,,,,
,,,,,,,,,,,,,,,,,,,,,,,,,,,,,,,,,,,,,,,,,,,,,,,,,
ASX:GOR,"Gold Road Resources Ltd, Australia, Basic Materials, Metals & Mining, Gold",,,,,,,,,,,,,,,,,,,,,,,,,,,,,,,,,,,,,,,,,,,,,,,,
Key Statistics: ,,,,,,,,,,,,,,,,,,,,,,,,,,,,,,,,,,,,,,,,,,,,,,,,,
Price,1.21,,,,,,,,,,,,,,,,,,,,,,,,,,,,,,,,,,,,,,,,,,,,,,,,
Market Cap (Million),774.479,,,,,,,,,,,,,,,,,,,,,,,,,,,,,,,,,,,,,,,,,,,,,,,,
Shares Outstanding (Million),883.71,,,,,,,,,,,,,,,,,,,,,,,,,,,,,,,,,,,,,,,,,,,,,,,,
PE Ratio,30,,,,,,,,,,,,,,,,,,,,,,,,,,,,,,,,,,,,,,,,,,,,,,,,
PB Ratio,2.51,,,,,,,,,,,,,,,,,,,,,,,,,,,,,,,,,,,,,,,,,,,,,,,,
PS Ratio,4.06,,,,,,,,,,,,,,,,,,,,,,,,,,,,,,,,,,,,,,,,,,,,,,,,
,,,,,,,,,,,,,,,,,,,,,,,,,,,,,,,,,,,,,,,,,,,,,,,,,
Growth Rate: ,,,,,,,,,,,,,,,,,,,,,,,,,,,,,,,,,,,,,,,,,,,,,,,,,
Annual Rates (per share),10 Years,5 Years,12 Months,,,,,,,,,,,,,,,,,,,,,,,,,,,,,,,,,,,,,,,,,,,,,,
Revenue Growth (%),0,0,-6.9,,,,,,,,,,,,,,,,,,,,,,,,,,,,,,,,,,,,,,,,,,,,,,
EBITDA  Growth (%),0,0,-29.8,,,,,,,,,,,,,,,,,,,,,,,,,,,,,,,,,,,,,,,,,,,,,,
Free Cash Flow Growth (%),0,-70.9,0,,,,,,,,,,,,,,,,,,,,,,,,,,,,,,,,,,,,,,,,,,,,,,
Book Value Growth (%),27.1,16.3,5,,,,,,,,,,,,,,,,,,,,,,,,,,,,,,,,,,,,,,,,,,,,,,
,,,,,,,,,,,,,,,,,,,,,,,,,,,,,,,,,,,,,,,,,,,,,,,,,
30 Year Financials of ASX:GOR - Gold Road Resources Ltd,,,,,,,,,,,,,,,,,,,,,,,,,,,,,,,,,,,,,,,,,,,,,,,,,
,,,,,,,,,,,,,,,,,,,,,,,,,,,,,,,,,,,,,,,,,,,,,,,,,
"All Numbers are in Millions except per share data, ratios, and percentage data; All shares outstanding data and per share data are split adjusted",,,,,,,,,,,,,,,,,,,,,,,,,,,,,,,,,,,,,,,,,,,,,,,,,
,,,,,,,,,,,,,,,,,,,,,,,,,,,,,,,,,,,,,,,,,,,,,,,,,
Annual Data:,,,,,,,,,,,,,,,,,,,Quarterly Data:,,,,,,,,,,,,,,,,,,,,,,,,,,,,,,
Fiscal Period:,2021-12,2020-12,2019-12,2018-12,2017-06,2016-06,2015-06,2014-06,2013-06,2012-06,2011-06,2010-06,2009-06,2008-06,2007-06,2006-03,TTM/current,,2021-12,2021-06,2020-12,2020-06,2019-12,2019-06,2018-12,2018-06,2017-12,2017-06,2016-12,2016-06,2015-12,2015-06,2014-12,2014-06,2013-12,2013-06,2012-12,2012-06,2011-12,2011-06,2010-12,2010-06,2009-12,2009-06,2008-12,2008-06,2007-12,2007-06,2006-12
Per Share Data,,,,,,,,,,,,,,,,,,,,,,,,,,,,,,,,,,,,,,,,,,,,,,,,,
Revenue per Share,0.31,0.333,0.086,0,0,0,0,0,0,0,0,0,0,0,0,,0.31,,0.164,0.146,0.18,0.153,0,0,0,0,0,0,0,0,0.001,0,0,0,0.001,0,0.001,0,0.001,0,0,0,0,0,0,0,0.001,0,0.002
EBITDA per Share,0.132,0.188,0.01,-0.037,-0.022,-0.016,-0.008,-0.006,-0.056,-0.009,-0.014,-0.011,-0.04,-0.042,-0.011,0,0.13,,0.064,0.067,0.119,0.069,0.035,-0.026,-0.031,-0.003,-0.008,-0.006,-0.016,-0.011,-0.005,-0.004,-0.004,-0.004,-0.002,-0.047,-0.006,-0.005,-0.004,-0.007,-0.008,-0.007,-0.004,-0.018,-0.022,-0.025,-0.017,-0.006,-0.005
EBIT per Share,0.062,0.132,-0.004,-0.037,-0.023,-0.017,-0.008,-0.007,-0.057,-0.01,-0.015,-0.012,-0.04,-0.043,-0.012,0,0.06,,0.027,0.035,0.09,0.042,0.022,-0.026,-0.031,-0.003,-0.008,-0.006,-0.016,-0.011,-0.005,-0.004,-0.004,-0.004,-0.003,-0.048,-0.007,-0.006,-0.004,-0.007,-0.008,-0.007,-0.004,-0.018,-0.022,-0.026,-0.017,-0.006,-0.005
Earnings per Share (Diluted),0.042,0.091,-0.005,-0.027,0.261,-0.013,-0.007,0.001,-0.054,-0.008,-0.012,-0.011,-0.039,-0.043,-0.012,0,0.04,,0.02,0.022,0.065,0.027,0.014,-0.02,-0.024,-0.003,-0.003,-0.005,0.266,-0.009,-0.004,-0.003,-0.003,-0.001,0.002,-0.048,-0.007,-0.003,-0.004,-0.004,-0.008,-0.007,-0.004,-0.017,-0.022,-0.025,-0.017,-0.007,-0.005
EPS without NRI,0.042,0.091,-0.005,-0.027,0.261,-0.013,-0.007,0.001,-0.054,-0.008,-0.012,-0.011,-0.039,-0.043,-0.012,0,0.04,,0.02,0.022,0.065,0.027,0.014,-0.02,-0.024,-0.003,-0.003,-0.005,0.266,-0.009,-0.004,-0.003,-0.003,-0.001,0.002,-0.048,-0.007,-0.003,-0.004,-0.004,-0.008,-0.007,-0.004,-0.017,-0.022,-0.025,-0.017,-0.007,-0.005
Owner Earnings per Share (TTM),0.021,0.064,-0.069,-0.098,0.231,-0.037,-0.029,-0.019,-0.072,-0.023,-0.023,-0.021,0,0,0,0,0.02,,0.021,0,0.064,0,-0.069,0,-0.098,0,0,0.231,0,-0.037,0,-0.029,0,-0.019,0,-0.072,0,-0.023,0,-0.023,0,-0.021,0,0,0,0,0,0,0
Free Cash Flow per Share,0.032,0.11,-0.008,-0.237,-0.169,-0.045,-0.039,-0.026,-0.028,-0.052,-0.033,-0.017,-0.024,-0.034,-0.041,,0.03,,-0.131,0.163,0.064,0.047,0.034,-0.043,-0.125,-0.111,-0.014,-0.143,-0.025,-0.023,-0.021,-0.018,-0.021,-0.018,-0.007,-0.009,-0.02,-0.025,-0.027,-0.019,-0.014,-0.008,-0.009,-0.012,-0.012,-0.015,-0.019,-0.02,-0.021
Operating Cash Flow per Share,0.101,0.161,0.039,-0.024,-0.096,-0.003,-0.004,0.002,-0.005,-0.004,-0.007,-0.005,-0.01,-0.01,-0.009,0,0.1,,-0.096,0.197,0.094,0.067,0.053,-0.015,-0.021,-0.001,-0.001,-0.09,-0.006,-0.002,-0.001,-0.001,-0.003,0,0.003,-0.001,-0.004,-0.001,-0.004,-0.003,-0.003,-0.002,-0.003,-0.005,-0.005,-0.004,-0.006,-0.005,-0.005
Cash per Share,0.15,0.145,0.115,0.05,0.173,0.104,0.072,0.019,0.019,0.033,0.031,0.009,0.014,0.02,0.057,0.119,0.15,,0.15,0.142,0.145,0.084,0.115,0.072,0.05,0.183,0.271,0.173,0.387,0.104,0.053,0.072,0.036,0.019,0.016,0.019,0.013,0.033,0.059,0.031,0.041,0.009,0.016,0.014,0.008,0.02,0.035,0.057,0.05
Dividends per Share,0.02,0,0,0,0,0,0,0,0,0,0,0,0,0,0,0,0.02,,0.005,0.015,0,0,0,0,0,0,0,0,0,0,0,0,0,0,0,0,0,0,0,0,0,0,0,0,0,0,0,0,0
Book Value per Share,0.501,0.477,0.382,0.386,0.446,0.181,0.134,0.07,0.056,0.105,0.068,0.034,0.035,0.076,0.094,0.176,0.501,,0.501,0.485,0.477,0.42,0.382,0.368,0.386,0.439,0.441,0.446,0.448,0.181,0.131,0.134,0.095,0.07,0.059,0.056,0.098,0.105,0.108,0.068,0.068,0.034,0.039,0.035,0.057,0.076,0.096,0.094,0.101
Tangible Book per Share,0.501,0.477,0.382,0.386,0.446,0.181,0.134,0.07,0.056,0.105,0.068,0.034,0.035,0.076,0.094,0.176,0.501,,0.501,0.485,0.477,0.42,0.382,0.368,0.386,0.439,0.441,0.446,0.448,0.181,0.131,0.134,0.095,0.07,0.059,0.056,0.098,0.105,0.108,0.068,0.068,0.034,0.039,0.035,0.057,0.076,0.096,0.094,0.101
Total Debt per Share,0.131,0.132,0.228,0.134,0,0,0,0,0,0,0,0,0,0,0.028,0,0.131,,0.131,0.127,0.132,0.161,0.228,0.212,0.134,0,0,0,0,0,0,0,0,0,0,0,0,0,0,0,0,0,0,0,0,0,0.001,0.028,0.001
Month End Stock Price,1.57,1.325,1.34,0.65,0.67,0.66,0.42,0.29,0.04,0.19,0.6,0.1,0.04,0.08,0.47,0,1.21,,1.57,1.26,1.325,1.67,1.34,0.99,0.65,0.74,0.7,0.67,0.58,0.66,0.38,0.42,0.24,0.29,0.1,0.04,0.13,0.19,0.31,0.6,0.38,0.1,0.11,0.04,0.05,0.08,0.23,0.47,0.2
,,,,,,,,,,,,,,,,,,,,,,,,,,,,,,,,,,,,,,,,,,,,,,,,,
Ratios,,,,,,,,,,,,,,,,,,,,,,,,,,,,,,,,,,,,,,,,,,,,,,,,,
ROE %,8.546,21.392,-1.379,-6.556,84.206,-7.399,-6.045,1.324,-68.092,-9.309,-21.717,-32.442,-49.675,-52.185,-12.62,0,8.57,,8.125,9.045,29.107,13.269,7.455,-10.237,-11.899,-1.199,-1.28,-1.389,169.756,-10.652,-5.718,-5.218,-8.369,-3.438,7.23,-125.067,-13.066,-7.147,-8.9,-12.736,-29.043,-36.552,-22.285,-46.727,-66.043,-58.867,-37.825,-14.26,-10.642
ROE % Adjusted to Book Value,2.72,7.7,-0.39,-3.9,56,-2.03,-1.93,0.32,-95.75,-5.12,-2.46,-11.05,-43.46,-49.28,-2.51,,3.41,,2.59,3.48,10.47,3.34,2.13,-3.8,-7.07,-0.71,-0.81,-0.92,131.27,-2.92,-1.97,-1.66,-3.3,-0.83,4.27,-175.86,-9.9,-3.93,-3.09,-1.44,-5.21,-12.44,-7.92,-40.88,-75.88,-55.59,-15.75,-2.84,-5.35
ROA %,5.7503,13.097,-0.8445,-4.815,141.1271,-7.1238,-5.7498,1.2436,-64.3983,-8.7802,-20.367,-30.9906,-48.7362,-44.0985,-10.9387,0,5.78,,5.5086,6.0972,18.8388,7.8094,4.1678,-6.3498,-9.3124,-1.0815,-1.1646,-1.1151,143.455,-10.2735,-5.4925,-5.0371,-8.0295,-3.2553,6.9192,-119.7028,-12.4574,-6.848,-8.5565,-12.2017,-28.0176,-35.0339,-21.9988,-45.7514,-64.1971,-57.4993,-32.4929,-12.2233,-10.3876
Return-on-Tangible-Equity,8.5459,21.3918,-1.3791,-6.5562,84.2063,-7.3989,-6.0455,1.3241,-68.0919,-9.3093,-21.7165,-32.4422,-49.6748,-52.1853,-12.6201,0,8.57,,8.1248,9.0448,29.1072,13.2688,7.4546,-10.2368,-11.8994,-1.1993,-1.2799,-1.3894,169.7556,-10.6521,-5.7182,-5.2176,-8.3689,-3.4384,7.2299,-125.0665,-13.0662,-7.1467,-8.8997,-12.7362,-29.0433,-36.5524,-22.2845,-46.7267,-66.0426,-58.8667,-37.8249,-14.26,-10.6417
Return-on-Tangible-Asset,5.7503,13.097,-0.8445,-4.815,141.1271,-7.1238,-5.7498,1.2436,-64.3983,-8.7802,-20.367,-30.9906,-48.7362,-44.0985,-10.9387,0,5.78,,5.5086,6.0972,18.8388,7.8094,4.1678,-6.3498,-9.3124,-1.0815,-1.1646,-1.1151,143.455,-10.2735,-5.4925,-5.0371,-8.0295,-3.2553,6.9192,-119.7028,-12.4574,-6.848,-8.5565,-12.2017,-28.0176,-35.0339,-21.9988,-45.7514,-64.1971,-57.4993,-32.4929,-12.2233,-10.3876
ROC (Joel Greenblatt) %,11.62,24.89,-0.73,-12.36,-22.6,-20.73,-13.22,-14.31,-98.45,-17.89,-42.92,-47.11,-73.74,-71.54,-23.98,0,11.65,,10.24,13.11,34.25,15.7,8.27,-10.16,-17.46,-2.56,-10.24,-13.21,-41.92,-26.15,-14.47,-12.09,-15.11,-16.22,-13.86,-160.42,-16.01,-19,-17.85,-40.48,-56.38,-55.32,-36.7,-66.43,-81.23,-84.55,-55.47,-22.06,-20.47
ROCE %,9.424,21.713,-0.662,-14.189,-27.619,-9.643,-7.602,-10.744,-71.193,-12.142,-26.749,-33.675,-50.442,-51.617,-12.056,0,9.46,,8.265,10.725,28.821,14.044,7.555,-9.106,-13.574,-1.355,-7.125,-5.783,-10.179,-13.429,-8.066,-6.598,-10.47,-12.579,-10.14,-131.496,-13.061,-11.388,-8.9,-19.917,-29.043,-38.715,-22.285,-48.508,-66.043,-58.665,-36.976,-13.2,-10.487
ROIC %,6.82,13.69,0.84,-14.94,0,-18.41,-13.12,2.27,-95.01,-17.75,-38.52,-47.02,-73.68,-61.99,-23.74,0,6.87,,6.84,6.96,16.49,11.37,4.66,-4.17,-9.49,-3.92,-295.92,0,-20.51,-25.94,-10.16,-12.02,-15.02,-7.22,9.77,-154.34,-15.9,-18.85,-17.68,-31.97,-56.16,-55.18,-36.66,-66.4,-81.15,-91.79,-45.72,-26.49,-20.33
WACC %,4.27,3.09,4.28,-0.3,2.81,3.88,9.29,11.61,11.4,12.88,12.26,12.59,13.5,11.16,11.96,0,4.14,,4.27,0,3.09,0,4.28,0,-0.3,0,0,2.81,0,3.88,0,9.29,0,11.61,0,11.4,0,12.88,0,12.26,0,12.59,0,13.5,0,11.16,0,11.96,0
Effective Interest Rate on Debt %,3.19,2.33,1.23,0.7,,,,,,,,,,1.17,1.85,,3.22,,-0.41,6.89,-0.91,4.99,1.22,1.03,0.94,,,,,,,,,,,,,,,,,,,,,3.77,4.36,6.6,9.52
,,,,,,,,,,,,,,,,,,,,,,,,,,,,,,,,,,,,,,,,,,,,,,,,,
Gross Margin %,58.07,63.58,59.6,0,0,0,0,0,0,0,0,0,0,0,0,0,58.07,,56.83,59.46,64.65,62.32,0,0,0,0,0,0,0,0,0,0,0,0,0,0,0,0,0,0,0,0,0,0,0,0,0,0,0
Operating Margin %,17.3432,34.3088,6.2656,0,0,0,0,0,0,0,0,-14233.3333,0,0,0,0,17.34,,16.2514,18.5656,36.7775,31.394,0,0,0,0,0,0,0,0,-436.4817,0,0,0,-318.0523,0,-1266.8293,0,-363.1443,0,-2176.8293,12545.4545,-2903.8462,0,-5290.9091,0,-1244.0367,0,-321.1382
Net Margin %,13.3892,27.4285,-6.1701,0,0,0,0,0,0,0,0,-13713.3333,0,0,0,0,13.39,,12.1572,14.7685,35.9865,17.3238,0,0,0,0,0,0,0,0,-308.9728,0,0,0,226.6033,0,-1266.8293,0,-363.1443,0,-2176.8293,11845.4545,-2903.8462,0,-5290.9091,0,-1265.1376,0,-323.5772
EBITDA Margin %,42.431,56.5905,11.9493,0,0,0,0,0,0,0,0,-14033.3333,0,0,0,0,42.43,,39.1423,46.1131,66.114,45.3458,0,0,0,0,0,0,0,0,-404.9587,0,0,0,-267.4584,0,-1166.3415,0,-326.8041,0,-2140.2439,12381.8182,-2857.6923,0,-5236.3636,0,-1230.2752,0,-313.0081
FCF Margin %,10.3724,33.1295,-9.8603,,,,,,,,,-20800,,,,,10.37,,-79.9093,111.4529,35.3728,30.4807,,,,,,,,,-1729.634,,,,-754.3943,,-3770.7317,,-2327.5773,,-3828.0488,14209.0909,-5984.6154,,-2887.8788,,-1355.0459,,-1237.3984
,,,,,,,,,,,,,,,,,,,,,,,,,,,,,,,,,,,,,,,,,,,,,,,,,
Debt-to-Equity,0.262,0.276,0.596,0.347,0,0,0,0,0,0,0,0,0,0,0.295,0,0.262,,0.262,0.262,0.276,0.383,0.596,0.577,0.347,0,0,0,0,0,0,0,0,0,0,0,0,0,0,0,0,0,0,0,0,0,0.007,0.295,0.008
Equity-to-Asset,0.677,0.669,0.554,0.684,0,0.965,0.958,0.933,0.948,0.944,0.941,0.928,0.987,0.975,0.758,1,0.677,,0.677,0.679,0.669,0.624,0.554,0.565,0.684,0.896,0.908,0,0.805,0.965,0.963,0.958,0.977,0.933,0.966,0.948,0.963,0.944,0.972,0.941,0.979,0.928,0.987,0.987,0.968,0.975,0.978,0.758,0.976
Debt-to-Asset,0.177,0.185,0.33,0,0,0,0,0,0,0,0,0,0,0,0,0,0.177,,0.177,0.178,0.185,0.239,0,0,0,0,0,0,0,0,0,0,0,0,0,0,0,0,0,0,0,0,0,0,0,0,0.007,0,0.008
Liabilities-to-Assets,0.32,0.33,0.45,0.32,0,0.03,0.04,0.07,0.05,0.06,0.06,0.07,0.01,0.03,0.24,0,0.32,,0.32,0.32,0.33,0.38,0.45,0.44,0.32,0.1,0.09,0,0.2,0.03,0.04,0.04,0.02,0.07,0.03,0.05,0.04,0.06,0.03,0.06,0.02,0.07,0.01,0.01,0.03,0.03,0.02,0.24,0.02
Gross-Profit-to-Asset %,24.94,30.36,8.158,0,0,0,0,0,0,0,0,0.226,0,0,0,0,25.08,,25.751,24.548,33.843,28.095,0,0,0,0,0,0,0,0,1.778,0,0,0,3.053,0,0.983,0,2.356,0,1.287,-0.296,0.758,0,1.213,0,2.568,0,3.21
,,,,,,,,,,,,,,,,,,,,,,,,,,,,,,,,,,,,,,,,,,,,,,,,,
Asset Turnover,0.429,0.477,0.137,0,0,0,0,0,0,0,0,0.002,0,0,0,0,0.43,,0.227,0.206,0.262,0.225,0,0,0,0,0,0,0,0,0.009,0,0,0,0.015,0,0.005,0,0.012,0,0.006,-0.001,0.004,0,0.006,0,0.013,0,0.016
Dividend Payout Ratio,0.482,0,,,0,,,0,,,,,,,,,0.48,,0.251,0.694,0,0,0,,,,,,0,,,,,,0,,,,,,,,,,,,,,
,,,,,,,,,,,,,,,,,,,,,,,,,,,,,,,,,,,,,,,,,,,,,,,,,
Days Sales Outstanding,0,0,0,0,0,0,0,0,0,0,0,0,0,0,0,0,3.74,,3.56,3.99,3.2,3.78,0,0,0,0,0,0,0,0,60.76,0,0,0,44.22,0,48.07,0,298.68,0,262.62,0,428.17,0,237.8,0,112.18,0,139.47
Days Payable,39.52,34.78,79.69,,,,,,,,,,,,,,61.35,,67.92,77.45,59.32,61.3,,,,,,,,,,,,,,,,,,,,,,,,,,,
Days Inventory,95.3,70.87,116.84,,,,,,,,,,,,,,95,,96.96,92.32,78.37,77.71,,,,,,,,,,,,,,,,,,,,,,,,,,,
Cash Conversion Cycle,55.78,36.08,37.15,0,0,0,0,0,0,0,0,0,0,0,0,0,37.39,,32.61,18.86,22.26,20.2,0,0,0,0,0,0,0,0,60.76,0,0,0,44.22,0,48.07,0,298.68,0,262.62,0,428.17,0,237.8,0,112.18,0,139.47
,,,,,,,,,,,,,,,,,,,,,,,,,,,,,,,,,,,,,,,,,,,,,,,,,
Inventory Turnover,3.83,5.15,3.12,0,0,0,0,0,,,,,,,,,3.84,,1.88,1.98,2.33,2.35,0,0,0,0,0,0,0,0,0,0,0,0,,,,,,,,,,,,,,,
COGS-to-Revenue,0.42,0.36,0.4,0,0,0,0,0,0,0,0,0,0,0,0,0,0.42,,0.43,0.41,0.35,0.38,0,0,0,0,0,0,0,0,0,0,0,0,0,0,0,0,0,0,0,0,0,0,0,0,0,0,0
Inventory-to-Revenue,0.109,0.071,0.129,,,,,,,,,0,,,,,0.109,,0.229,0.205,0.152,0.16,,,,,,,,,0.101,,,,0,,0,,0,,0,,0,,0,,0,,0
Capex-to-Revenue,0.22,0.15,0.55,0,0,0,0,0,0,0,0,150.13,0,0,0,0,0.221,,0.21,0.23,0.17,0.14,0,0,0,0,0,0,0,0,16.43,0,0,0,10.46,0,30.92,0,20.03,0,29.59,0,41.08,0,16.48,0,9.24,0,9.53
Capex-to-Operating-Income,1.27,0.45,8.78,0,0,0,0,0,0,0,0,0,0,0,0,0,1.275,,1.29,1.26,0.46,0.43,0.9,0,0,0,0,0,0,0,0,0,0,0,0,0,0,0,0,0,0,0,0,0,0,0,0,0,0
Capex-to-Operating-Cash-Flow,0.68,0.32,1.22,0,0,0,0,11.53,0,0,0,0,0,0,0,0,0.681,,0,0.17,0.32,0.31,0.36,0,0,0,0,0,0,0,0,0,0,0,3.59,0,0,0,0,0,0,0,0,0,0,0,0,0,0
,,,,,,,,,,,,,,,,,,,,,,,,,,,,,,,,,,,,,,,,,,,,,,,,,
Income Statement,,,,,,,,,,,,,,,,,,,,,,,,,,,,,,,,,,,,,,,,,,,,,,,,,
Revenue,274.759,294.65,75.444,0,0,0,0,0,0,0,0,0.015,0,0,0,0,274.76,,145.132,129.627,159.535,135.115,0,0,0,0,0,0,0,0,0.847,0,0,0,0.421,0,0.205,0,0.388,0,0.082,-0.011,0.026,0,0.033,0,0.109,0,0.123
Cost of Goods Sold,115.203,107.305,30.478,0,0,0,0,0,0,0,0,0,0,0,0,0,115.2,,62.652,52.551,56.399,50.906,0,0,0,0,0,0,0,0,0,0,0,0,0,0,0,0,0,0,0,0,0,0,0,0,0,0,0
Gross Profit,159.556,187.345,44.966,0,0,0,0,0,0,0,0,0.015,0,0,0,0,159.56,,82.48,77.076,103.136,84.209,0,0,0,0,0,0,0,0,0.847,0,0,0,0.421,0,0.205,0,0.388,0,0.082,-0.011,0.026,0,0.033,0,0.109,0,0.123
Gross Margin %,58.07,63.58,59.6,0,0,0,0,0,0,0,0,0,0,0,0,0,58.07,,56.83,59.46,64.65,62.32,0,0,0,0,0,0,0,0,0,0,0,0,0,0,0,0,0,0,0,0,0,0,0,0,0,0,0
,,,,,,,,,,,,,,,,,,,,,,,,,,,,,,,,,,,,,,,,,,,,,,,,,
"Selling, General, & Admin. Expense",16.235,11.961,10.329,5.427,4.884,3.854,2.703,1.945,2.12,2.119,1.912,0.529,0.651,0.914,0.311,0,16.23,,7.008,9.227,5.573,6.388,7.587,2.742,2.43,2.997,2.197,0.382,4.502,1.26,2.594,0.989,1.713,0.522,1.423,0.683,1.436,0.916,1.202,0.626,1.287,-0.014,0.543,-0.026,0.676,0.545,0.369,-0.02,0.331
Research & Development,0,0,0,0,0,0,0,0,0,0,0,0,0,0,0,0,0,,0,0,0,0,0,0,0,0,0,0,0,0,0,0,0,0,0,0,0,0,0,0,0,0,0,0,0,0,0,0,0
Other Operating Expense,95.669,74.293,29.91,24.173,14.995,8.184,2.182,1.385,21.618,1.655,1.82,1.621,2.374,2.63,0.797,0,95.67,,51.886,43.783,38.89,35.403,18.7,11.21,21.531,2.642,4.825,5.245,9.75,6.235,1.95,1.466,0.717,1.049,0.337,20.253,1.366,1.061,0.595,1.239,0.58,1.383,0.238,1.272,1.103,1.533,1.096,0.61,0.187
Total Operating Expense,111.904,86.254,40.239,29.6,19.879,12.038,4.885,3.33,23.738,3.774,3.732,2.15,3.025,3.544,1.108,0,111.9,,58.894,53.01,44.463,41.791,26.287,13.952,23.961,5.639,7.022,5.627,14.252,7.495,4.544,2.455,2.43,1.571,1.76,20.936,2.802,1.977,1.797,1.865,1.867,1.369,0.781,1.246,1.779,2.078,1.465,0.59,0.518
Operating Income,47.652,101.091,4.727,-29.6,-19.879,-12.038,-4.885,-3.33,-23.738,-3.774,-3.732,-2.135,-3.025,-3.544,-1.108,0,47.65,,23.586,24.066,58.673,42.418,18.679,-13.952,-23.961,-5.639,-7.022,-5.627,-14.252,-8.342,-3.697,-2.455,-2.43,-1.992,-1.339,-21.141,-2.597,-2.365,-1.409,-1.947,-1.785,-1.38,-0.755,-1.28,-1.746,-2.188,-1.356,-0.713,-0.395
Operating Margin %,17.3432,34.3088,6.2656,0,0,0,0,0,0,0,0,-14233.3333,0,0,0,0,17.34,,16.2514,18.5656,36.7775,31.394,0,0,0,0,0,0,0,0,-436.4817,0,0,0,-318.0523,0,-1266.8293,0,-363.1443,0,-2176.8293,12545.4545,-2903.8462,0,-5290.9091,0,-1244.0367,0,-321.1382
,,,,,,,,,,,,,,,,,,,,,,,,,,,,,,,,,,,,,,,,,,,,,,,,,
  Interest Income,0.499,0.48,0.845,3.85,5.012,1.271,0.563,0.344,0.362,0.881,0.384,0.078,0.046,0.184,0.233,0,0.5,,0.312,0.187,0.191,0.289,0.383,0.462,1.337,2.513,2.953,3.584,1.428,0,0,0,0,0,0,0,0,0,0,0,0,0,0,0,0,0,0,0,0
  Interest Expense,-3.694,-3.678,-1.958,-0.827,0,0,0,0,0,0,0,0,0,-0.024,-0.038,0,-3.69,,0.235,-3.929,0.584,-4.262,-1.175,-0.783,-0.55,-0.277,0,0,0,0,0,0,0,0,0,0,0,0,0,0,0,0,0,0,0,-0.001,-0.023,-0.035,-0.003
Net Interest Income,-7.343,-7.504,-1.113,3.023,5.012,1.271,0.563,0.344,0.362,0.881,0.384,0.078,0.046,0.16,0.196,0,-7.34,,-3.601,-3.742,-3.531,-3.973,-0.792,-0.321,0.787,2.236,2.953,3.584,1.428,0,0,0,0,0,0,0,0,0,0,0,0,0,0,0,0,0.183,-0.023,0.199,-0.003
Other Income (Expense),11.04,19.883,-8.829,-7.011,326.633,0.462,0.442,0.432,0.064,0,0.001,0,0,-0.001,-0.001,0,11.04,,4.54,6.5,25.639,-5.756,0.578,-9.407,-7.371,0.36,0.665,0.419,326.214,1.734,0,0.516,0.49,0.777,0,0.427,0,0.881,0,0.384,0,0.077,0,0.047,0,0,0,-0.001,0
Pretax Income,51.349,113.47,-5.215,-33.588,311.766,-10.305,-3.88,-2.554,-23.312,-2.893,-3.347,-2.057,-2.979,-3.385,-0.913,0,51.35,,24.525,26.824,80.781,32.689,18.465,-23.68,-30.545,-3.043,-3.404,-1.624,313.39,-6.608,-3.697,-1.939,-1.94,-1.215,-1.339,-20.714,-2.597,-1.484,-1.409,-1.563,-1.785,-1.303,-0.755,-1.233,-1.746,-2.005,-1.379,-0.515,-0.398
Tax Provision,-14.561,-32.652,0.56,9.737,-81.949,1.08,0,2.963,0.618,0,0.318,0,0,0,0,0,-14.56,,-6.881,-7.68,-23.37,-9.282,-6.187,6.747,9.008,0.729,0.923,-1.084,-80.865,0,1.08,0,0,0.67,2.293,0.618,0,0,0,0.318,0,0,0,0,0,0,0,0,0
Tax Rate %,28.36,28.78,10.74,28.99,26.29,10.48,0,116.01,2.65,0,9.5,0,0,0,0,,28.35,,28.06,28.63,28.93,28.39,33.51,28.49,29.49,23.96,27.12,-66.75,25.8,0,29.21,0,0,55.14,171.25,2.98,0,0,0,20.35,0,0,0,0,0,0,0,0,0
Net Income (Continuing Operations),36.788,80.818,-4.655,-23.851,229.817,-9.225,-3.88,0.41,-22.693,-2.893,-3.03,-2.057,-2.979,-3.385,-0.913,0,36.79,,17.644,19.144,57.411,23.407,12.278,-16.933,-21.537,-2.314,-2.481,-2.707,232.524,-6.608,-2.617,-1.939,-1.94,-0.544,0.954,-20.096,-2.597,-1.484,-1.409,-1.245,-1.785,-1.303,-0.755,-1.233,-1.746,-2.005,-1.379,-0.515,-0.398
Net Income (Discontinued Operations),0,0,0,0,0,0,0,0,0,0,0,0,0,0,0,0,0,,0,0,0,0,0,0,0,0,0,0,0,0,0,0,0,0,0,0,0,0,0,0,0,0,0,0,0,0,0,0,0
  Other Income (Minority Interest),0,0,0,0,0,0,0,0,0,0,0,0,0,0,0,0,0,,0,0,0,0,0,0,0,0,0,0,0,0,0,0,0,0,0,0,0,0,0,0,0,0,0,0,0,0,0,0,0
Net Income,36.788,80.818,-4.655,-23.851,229.817,-9.225,-3.88,0.41,-22.693,-2.893,-3.03,-2.057,-2.979,-3.385,-0.913,0,36.79,,17.644,19.144,57.411,23.407,12.278,-16.933,-21.537,-2.314,-2.481,-2.707,232.524,-6.608,-2.617,-1.939,-1.94,-0.544,0.954,-20.096,-2.597,-1.484,-1.409,-1.245,-1.785,-1.303,-0.755,-1.233,-1.746,-2.005,-1.379,-0.515,-0.398
Net Margin %,13.3892,27.4285,-6.1701,0,0,0,0,0,0,0,0,-13713.3333,0,0,0,0,13.39,,12.1572,14.7685,35.9865,17.3238,0,0,0,0,0,0,0,0,-308.9728,0,0,0,226.6033,0,-1266.8293,0,-363.1443,0,-2176.8293,11845.4545,-2903.8462,0,-5290.9091,0,-1265.1376,0,-323.5772
,,,,,,,,,,,,,,,,,,,,,,,,,,,,,,,,,,,,,,,,,,,,,,,,,
Preferred Dividends,0,0,0,0,0,0,0,0,0,0,0,0,0,0,0,0,0,,0,0,0,0,0,0,0,0,0,0,0,0,0,0,0,0,0,0,0,0,0,0,0,0,0,0,0,0,0,0,0
EPS (Basic),0.042,0.092,-0.005,-0.027,0.264,-0.013,-0.007,0.001,-0.054,-0.008,-0.012,-0.011,-0.039,-0.043,-0.012,0,0.04,,0.02,0.022,0.065,0.027,0.014,-0.02,-0.024,-0.003,-0.003,-0.003,0.267,-0.009,-0.004,-0.003,-0.003,-0.001,0.002,-0.048,-0.007,-0.003,-0.004,-0.004,-0.008,-0.007,-0.004,-0.017,-0.022,-0.025,-0.017,-0.007,-0.005
EPS (Diluted),0.042,0.091,-0.005,-0.027,0.261,-0.013,-0.007,0.001,-0.054,-0.008,-0.012,-0.011,-0.039,-0.043,-0.012,0,0.04,,0.02,0.022,0.065,0.027,0.014,-0.02,-0.024,-0.003,-0.003,-0.005,0.266,-0.009,-0.004,-0.003,-0.003,-0.001,0.002,-0.048,-0.007,-0.003,-0.004,-0.004,-0.008,-0.007,-0.004,-0.017,-0.022,-0.025,-0.017,-0.007,-0.005
Shares Outstanding (Diluted Average),886.458,885.192,878.902,877.445,880.525,716.583,581.156,472.874,416.308,369.032,251.479,184.485,75.734,78.982,74.392,,886.619,,886.619,886.296,887.1,883.283,889.445,868.359,956.958,797.931,874.819,885.911,875.139,741.738,691.427,605.786,556.526,487.766,457.983,440.932,391.684,409.13,328.934,278.965,223.993,196.775,172.194,71.955,79.513,78.403,79.561,74.912,73.872
,,,,,,,,,,,,,,,,,,,,,,,,,,,,,,,,,,,,,,,,,,,,,,,,,
EBIT,55.043,117.148,-3.257,-32.761,-19.879,-12.038,-4.885,-3.33,-23.738,-3.774,-3.732,-2.135,-3.025,-3.36,-0.875,0,55.04,,24.29,30.753,80.197,36.951,19.64,-22.897,-29.995,-2.766,-7.022,-5.627,-14.252,-8.342,-3.697,-2.455,-2.43,-1.992,-1.339,-21.141,-2.597,-2.365,-1.409,-1.947,-1.785,-1.38,-0.755,-1.28,-1.746,-2.004,-1.356,-0.48,-0.395
"Depreciation, Depletion and Amortization",61.54,49.596,12.272,0.684,0.6,0.58,0.453,0.416,0.411,0.337,0.096,0.03,0.031,0.033,0.023,0,61.54,,32.518,29.022,25.278,24.318,11.933,0.339,0.356,0.328,0.301,0.286,0.314,0.314,0.266,0.231,0.222,0.203,0.213,0.204,0.206,0.196,0.141,0.066,0.03,0.018,0.012,0.013,0.017,0.017,0.015,0.013,0.01
EBITDA,116.583,166.744,9.015,-32.077,-19.279,-11.458,-4.431,-2.914,-23.327,-3.437,-3.636,-2.105,-2.995,-3.328,-0.852,0,116.58,,56.808,59.775,105.475,61.269,31.573,-22.558,-29.639,-2.438,-6.721,-5.341,-13.938,-8.028,-3.43,-2.224,-2.208,-1.789,-1.126,-20.936,-2.391,-2.169,-1.268,-1.881,-1.755,-1.362,-0.743,-1.266,-1.728,-1.987,-1.341,-0.467,-0.385
EBITDA Margin %,42.431,56.5905,11.9493,0,0,0,0,0,0,0,0,-14033.3333,0,0,0,0,42.43,,39.1423,46.1131,66.114,45.3458,0,0,0,0,0,0,0,0,-404.9587,0,0,0,-267.4584,0,-1166.3415,0,-326.8041,0,-2140.2439,12381.8182,-2857.6923,0,-5236.3636,0,-1230.2752,0,-313.0081
,,,,,,,,,,,,,,,,,,,,,,,,,,,,,,,,,,,,,,,,,,,,,,,,,
Balance Sheet,,,,,,,,,,,,,,,,,,,,,,,,,,,,,,,,,,,,,,,,,,,,,,,,,
  Cash and Cash Equivalents,131.512,126.387,101.332,43.957,151.315,90.661,49.8,9.665,8.873,12.826,9.686,1.77,2.355,1.574,4.267,5.05,131.512,,131.512,124.381,126.387,73.621,101.332,63.267,43.957,160.449,236.799,151.315,337.271,90.661,37,49.8,21.286,9.665,7.107,8.873,5.093,12.826,22.994,9.686,10.886,1.77,3.031,2.355,0.621,1.574,2.784,4.267,3.71
  Marketable Securities,0.834,0.874,0.082,0.187,0,0,0,0,0,0,0,0,0,0,0,0,0.834,,0.834,0.834,0.874,0.075,0.082,0,0.187,0.247,0.752,0,0.06,0,0.004,0,0.099,0,0,0,0,0,0,0,0,0,0,0,0,0,0,0,0
"Cash, Cash Equivalents, Marketable Securities",132.346,127.261,101.414,44.144,151.315,90.661,49.8,9.665,8.873,12.826,9.686,1.77,2.355,1.574,4.267,5.05,132.346,,132.346,125.215,127.261,73.696,101.414,63.267,44.144,160.696,237.551,151.315,337.331,90.661,37.004,49.8,21.385,9.665,7.107,8.873,5.093,12.826,22.994,9.686,10.886,1.77,3.031,2.355,0.621,1.574,2.784,4.267,3.71
  Accounts Receivable,0,0,0,0,0,0,0,0,0,0,0,0,0,0,0,0.017,0,,0,2.832,0,2.801,0,3.057,0,2.45,0,0,96.926,0,0.282,0,0.489,0,0.102,0,0.054,0,0.635,0,0.118,0,0.061,0,0.043,0,0.067,0,0.094
  Notes Receivable,0,0,0,0,0,0,0,0,0,0,0,0,0,0,0,0,0,,0,0,0,0,0,0,0,0,0,0,0,0,0,0,0,0,0,0,0,0,0,0,0,0,0,0,0,0,0,0,0
  Loans Receivable,0,0,0,0,0,0,0,0,0,0,0,0,0,0,0,0,,,0,0,0,0,0,0,0,0,0,0,0,0,0,0,0,0,0,0,0,0,0,0,0,0,0,0,0,0,0,0,0
  Other Current Receivables,2.145,5.502,1.814,3.996,55.751,0.827,0.5,0.4,0.123,0.246,0.791,0.03,0.046,0.035,0.073,0.017,2.145,,2.145,2.832,5.502,2.801,1.814,3.057,3.996,2.45,19.028,55.751,96.926,0.827,0.282,0.5,0.489,0.4,0.102,0.123,0.054,0.246,0.635,0.791,0.118,0.03,0.061,0.046,0.043,0.035,0.067,0.073,0.094
Total Receivables,2.145,5.502,1.814,3.996,55.751,0.827,0.5,0.4,0.123,0.246,0.791,0.03,0.046,0.035,0.073,0.017,2.145,,2.145,2.832,5.502,2.801,1.814,3.057,3.996,2.45,19.028,55.751,96.926,0.827,0.282,0.5,0.489,0.4,0.102,0.123,0.054,0.246,0.635,0.791,0.118,0.03,0.061,0.046,0.043,0.035,0.067,0.073,0.094
"  Inventories, Raw Materials & Components",0,0,0,0,0,0,0,0,0,0,0,0,0,0,0,0,0,,0,0,0,0,0,0,0,0,0,0,0,0,0,0,0,0,0,0,0,0,0,0,0,0,0,0,0,0,0,0,0
"  Inventories, Work In Process",4.237,3.549,2.228,0,0,0,0,0,0,0,0,0,0,0,0,0,4.237,,4.237,0,3.549,0,2.228,0,0,0,0,0,0,0,0,0,0,0,0,0,0,0,0,0,0,0,0,0,0,0,0,0,0
"  Inventories, Inventories Adjustments",0,0,0,0,0,0,0,0,0,0,0,0,0,0,0,0,,,0,0,0,0,0,0,0,0,0,0,0,0,0,0,0,0,0,0,0,0,0,0,0,0,0,0,0,0,0,0,0
"  Inventories, Finished Goods",32.543,19.827,16.064,0,0,0,0,0,0,0,0,0,0,0,0,0,32.543,,32.543,0,19.827,0,16.064,0,0,0,0,0,0,0,0,0,0,0,0,0,0,0,0,0,0,0,0,0,0,0,0,0,0
"  Inventories, Other",0,0,0,1.22,0.086,0.051,0.106,0.041,0,0,0,0,0,0,0,0,0,,0,29.794,0,25.063,0,11.599,1.22,0.143,0.085,0.086,0.045,0.051,0.065,0.106,0.071,0.041,0,0,0,0,0,0,0,0,0,0,0,0,0,0,0
Total Inventories,36.78,23.376,18.292,1.22,0.086,0.051,0.106,0.041,0,0,0,0,0,0,0,0,36.78,,36.78,29.794,23.376,25.063,18.292,11.599,1.22,0.143,0.085,0.086,0.045,0.051,0.065,0.106,0.071,0.041,0,0,0,0,0,0,0,0,0,0,0,0,0,0,0
Other Current Assets,1.35,1.17,1.15,9.41,0,0.41,0.23,0.16,0.02,0.01,0.01,0,0,0,0,0,1.35,,1.35,0,1.17,0,1.15,0.12,9.41,0.4,0.19,0,0.26,0.41,0.08,0.23,0.05,0.16,0.12,0.02,0.06,0.01,0.04,0.01,0,0,0,0,0,0,0,0,0
Total Current Assets,172.622,157.308,122.67,58.769,207.152,91.95,50.636,10.266,9.014,13.084,10.489,1.804,2.405,1.611,4.344,5.067,172.622,,172.622,157.841,157.308,101.56,122.67,78.043,58.769,163.688,256.854,207.152,434.566,91.95,37.432,50.636,22,10.266,7.325,9.014,5.209,13.084,23.673,10.489,11.004,1.804,3.092,2.405,0.664,1.611,2.852,4.344,3.803
Investments And Advances,0.711,1.541,0.577,0.245,0,0.11,0.145,0.036,0.085,0.07,0.069,0.001,0.001,0.003,0.001,0,0.711,,0.711,1.124,1.541,21.923,0.577,0.094,0.245,1.271,0,0,0,0.11,0.17,0.145,0.001,0.036,0.001,0.085,0.13,0.07,0.07,0.069,0.011,0.001,0.001,0.001,0.003,0.003,0.001,0.001,0
    Land And Improvements,4.699,3.547,2.658,2.467,2.37,2.25,1.416,1.242,1.242,1.217,0.614,0.107,0,0,0,0,4.699,,4.699,0,3.547,0,2.658,0,2.467,0,2.428,2.37,0,2.25,0,1.416,0,1.242,0,1.242,0,1.217,0,0.614,0,0.107,0,0,0,0,0,0,0
    Buildings And Improvements,0,0,0,0,0,0,0,0,0,0,0,0,0,0,0,0,0,,0,0,0,0,0,0,0,0,0,0,0,0,0,0,0,0,0,0,0,0,0,0,0,0,0,0,0,0,0,0,0
"    Machinery, Furniture, Equipment",290.445,279.39,269.882,3.34,2.293,1.985,1.748,1.372,1.164,1.141,0.768,0.26,0.244,0.217,0.138,0.006,290.445,,290.445,451.592,279.39,450.964,269.882,461.123,3.34,207.834,2.727,2.293,1.9,1.985,1.568,1.748,1.282,1.372,1.29,1.164,1.658,1.141,1.712,0.768,0.407,0.26,0.168,0.244,0.175,0.217,0.133,0.138,0.124
    Construction In Progress,6.29,6.799,3.42,251.929,0,0,0,0,0,0,0,0,0,0,0,0,6.29,,6.29,0,6.799,0,3.42,0,251.929,0,0,0,0,0,0,0,0,0,0,0,0,0,0,0,0,0,0,0,0,0,0,0,0
    Other Gross PPE,308.476,247.987,216.785,170.792,103.368,68.872,43.999,27.259,16.561,28.379,10.802,5.144,3.487,4.375,4.731,2.43,308.476,,308.476,18.247,247.987,17.432,216.785,15.622,170.792,54.372,167.29,103.368,48.934,68.872,55.27,43.999,34.547,27.259,19.33,16.561,33.035,28.379,17.871,10.802,6.85,5.144,4.404,3.487,3.875,4.375,4.8,4.731,3.736
"  Gross Property, Plant and Equipment",609.91,537.723,492.745,428.528,108.031,73.107,47.163,29.873,18.967,30.737,12.184,5.511,3.731,4.592,4.869,2.436,609.91,,609.91,469.839,537.723,468.396,492.745,476.745,428.528,262.206,172.445,108.031,50.834,73.107,56.838,47.163,35.829,29.873,20.62,18.967,34.693,30.737,19.583,12.184,7.257,5.511,4.572,3.731,4.05,4.592,4.933,4.869,3.86
  Accumulated Depreciation,-130.849,-69.454,-19.858,-3.737,-2.923,-2.323,-1.796,-1.361,-0.945,-0.534,-0.2,-0.104,-0.074,-0.044,-0.023,0,-130.849,,-130.849,0,-69.454,0,-19.858,0,-3.737,0,-3.223,-2.923,0,-2.323,0,-1.796,0,-1.361,0,-0.945,0,-0.534,0,-0.2,0,-0.104,0,-0.074,0,-0.044,0,-0.023,0
"Property, Plant and Equipment",479.061,468.269,472.887,424.791,105.108,70.784,45.367,28.512,18.022,30.203,11.984,5.407,3.657,4.548,4.845,2.436,479.061,,479.061,469.839,468.269,468.396,472.887,476.745,424.791,262.206,169.222,105.108,50.834,70.784,56.838,45.367,35.829,28.512,20.62,18.022,34.693,30.203,19.583,11.984,7.257,5.407,4.572,3.657,4.05,4.548,4.933,4.845,3.86
Intangible Assets,0,0,0,0,0,0,0,0,0,0,0,0,0,0,0,0,0,,0,0,0,0,0,0,0,0,0,0,0,0,0,0,0,0,0,0,0,0,0,0,0,0,0,0,0,0,0,0,0
  Goodwill,0,0,0,0,0,0,0,0,0,0,0,0,0,0,0,0,0,,0,0,0,0,0,0,0,0,0,0,0,0,0,0,0,0,0,0,0,0,0,0,0,0,0,0,0,0,0,0,0
Other Long Term Assets,0,0,10.894,11.543,0,0,0,0,0,-0.001,0,0,0,0,0,0,0,,0,0,0,0,10.894,16.454,11.543,2.576,0,0,0.11,0,0,0,0,0,0.084,0,0,-0.001,0,0,0,0,0,0,0,0,0,0,0
Total Long-Term Assets,479.772,469.81,484.358,436.579,0,70.894,45.512,28.548,18.107,30.272,12.053,5.408,3.658,4.551,4.846,2.436,479.772,,479.772,470.963,469.81,490.319,484.358,493.293,436.579,266.053,169.222,0,50.944,70.894,57.008,45.512,35.83,28.548,20.705,18.107,34.823,30.272,19.653,12.053,7.268,5.408,4.573,3.658,4.053,4.551,4.934,4.846,3.86
Total Assets,652.394,627.118,607.028,495.348,0,162.844,96.148,38.814,27.121,43.356,22.542,7.212,6.063,6.162,9.19,7.503,652.394,,652.394,628.804,627.118,591.879,607.028,571.336,495.348,429.741,426.076,0,485.51,162.844,94.44,96.148,57.83,38.814,28.03,27.121,40.032,43.356,43.326,22.542,18.272,7.212,7.665,6.063,4.717,6.162,7.786,9.19,7.663
,,,,,,,,,,,,,,,,,,,,,,,,,,,,,,,,,,,,,,,,,,,,,,,,,
  Accounts Payable,13.488,11.459,8.993,4.315,5.807,3.038,1.768,1.264,0.633,1.826,1.135,0.103,0.047,0.116,0.143,0,13.488,,13.488,33.143,11.459,25.203,8.993,21.41,4.315,20.426,11.622,5.807,13.289,3.038,3.064,1.768,1.086,1.264,0.832,0.633,1.351,1.826,1.098,1.135,0.358,0.103,0.093,0.047,0.149,0.116,0.081,0.143,0.105
  Total Tax Payable,0,0,0,0,0,0,0,0,0,0,0,0,0,0,0,0,0,,0,0,0,0,0,0,0,0,0,0,0,0,0,0,0,0,0,0,0,0,0,0,0,0,0,0,0,0,0,0,0
  Other Current Payables,17.05,17.919,18.696,7.29,6.628,1.994,1.896,1.134,0.635,0.432,0.136,0.401,0.029,0.037,0,0,,,17.05,0,17.919,0,18.696,0,7.29,0,6.235,6.628,0,1.994,0,1.896,0,1.134,0,0.635,0,0.432,0,0.136,0,0.401,0,0.029,0,0.037,0,0,0
  Current Accrued Expense,0,0,0,0,0,0,0,0,0,0,0,0,0,0,0,0,,,0,0,0,0,0,0,0,0,0,0,0,0,0,0,0,0,0,0,0,0,0,0,0,0,0,0,0,0,0,0,0
Accounts Payable & Accrued Expense,30.538,29.378,27.689,11.605,12.435,5.032,3.664,2.398,1.268,2.258,1.271,0.504,0.076,0.153,0.143,0,30.538,,30.538,33.143,29.378,25.203,27.689,21.41,11.605,20.426,17.857,12.435,13.289,5.032,3.064,3.664,1.086,2.398,0.832,1.268,1.351,2.258,1.098,1.271,0.358,0.504,0.093,0.076,0.149,0.153,0.081,0.143,0.105
  Short-Term Debt,0,0,49.553,0,0,0,0,0,0,0,0,0,0,0,2,0,0,,0,9.93,0,8.791,49.553,8.127,0,0,0,0,0,0,0,0,0,0,0,0,0,0,0,0,0,0,0,0,0,0,0.013,2,0.011
  Short-Term Capital Lease Obligation,10.738,9.695,8.572,6.573,0,0,0,0,0,0,0,0,0,0,0.012,0,10.738,,10.738,0,9.695,0,8.572,0,6.573,0,0,0,0,0,0,0,0,0,0,0,0,0,0,0,0,0,0,0,0,0,0,0.012,0
Short-Term Debt & Capital Lease Obligation,10.738,9.695,58.125,6.573,0,0,0,0,0,0,0,0,0,0,2.012,0,10.738,,10.738,9.93,9.695,8.791,58.125,8.127,6.573,0,0,0,0,0,0,0,0,0,0,0,0,0,0,0,0,0,0,0,0,0,0.013,2.012,0.011
  Current Deferred Revenue,0,0,0,0,0,0,0,0,0,0,0,0,0,0,0,0,0,,0,0,0,0,0,0,0,0,0,0,0,0,0,0,0,0,0,0,0,0,0,0,0,0,0,0,0,0,0,0,0
  Current Deferred Taxes Liabilities,5.526,7.336,0,0,0.397,0,0,0,0,0,0,0,0,0,0,0,5.526,,5.526,3.383,7.336,0,0,0,0,0,0,0.397,69.079,0,0,0,0,0,0,0,0,0,0,0,0,0,0,0,0,0,0,0,0
Deferred Tax And Revenue,5.526,7.336,0,0,0.397,0,0,0,0,0,0,0,0,0,0,0,5.526,,5.526,3.383,7.336,0,0,0,0,0,0,0.397,69.079,0,0,0,0,0,0,0,0,0,0,0,0,0,0,0,0,0,0,0,0
Other Current Liabilities,7.251,10.883,11.979,1.924,0.618,0.412,0.222,0.161,0.122,0.143,0.06,0.015,0,0.002,0.023,0,7.251,,7.251,5.191,10.883,14.667,11.979,11.238,1.924,0.697,0.528,0.618,0.479,0.412,0.297,0.222,0.164,0.161,0.108,0.122,0.103,0.143,0.111,0.06,0.023,0.015,0.007,0,0,0.002,0.035,0.023,0.014
Total Current Liabilities,54.053,57.292,97.793,20.102,13.45,5.444,3.886,2.559,1.39,2.401,1.331,0.519,0.076,0.155,2.178,0,54.053,,54.053,51.647,57.292,48.661,97.793,40.775,20.102,21.123,18.385,13.45,82.847,5.444,3.361,3.886,1.25,2.559,0.94,1.39,1.454,2.401,1.209,1.331,0.381,0.519,0.1,0.076,0.149,0.155,0.129,2.178,0.13
  Long-Term Debt,0,0,28.955,2.214,0,0,0,0,0,0,0,0,0,0,0,0,0,,0,102.085,0,132.75,28.955,178.027,2.214,0,0,0,0,0,0,0,0,0,0,0,0,0,0,0,0,0,0,0,0,0,0.04,0,0.052
  Long-Term Capital Lease Obligation,104.878,106.287,113.295,108.802,0,0,0,0,0,0,0,0,0,0,0.046,0,104.878,,104.878,0,106.287,0,113.295,0,108.802,0,0,0,0,0,0,0,0,0,0,0,0,0,0,0,0,0,0,0,0,0,0,0.046,0
Long-Term Debt & Capital Lease Obligation,104.878,106.287,142.25,111.016,0,0,0,0,0,0,0,0,0,0,0.046,0,104.878,,104.878,102.085,106.287,132.75,142.25,178.027,111.016,0,0,0,0,0,0,0,0,0,0,0,0,0,0,0,0,0,0,0,0,0,0.04,0.046,0.052
Debt-to-Equity,0.262,0.276,0.596,0.347,0,0,0,0,0,0,0,0,0,0,0.295,0,0.262,,0.262,0.262,0.276,0.383,0.596,0.577,0.347,0,0,0,0,0,0,0,0,0,0,0,0,0,0,0,0,0,0,0,0,0,0.007,0.295,0.008
Pension And Retirement Benefit,1.466,1.218,1.152,1.75,0.191,0.182,0.118,0.038,0.018,0.014,0,0,0,0,0,0,1.466,,1.466,0,1.218,0,1.152,0,1.75,0,0.743,0.191,0,0.182,0,0.118,0,0.038,0,0.018,0,0.014,0,0,0,0,0,0,0,0,0,0,0
NonCurrent Deferred Liabilities,22.783,14.163,0,0,11.33,0,0,0,0,0,0,0,0,0,0,0,22.783,,22.783,18.086,14.163,2.459,0,0,0,9.678,10.407,11.33,11.786,0,0,0,0,0,0,0,0,0,0,0,0,0,0,0,0,0,0,0,0
Other Long-Term Liabilities,27.73,28.691,29.701,23.514,-24.971,0,-0.001,0,0.001,-0.001,0,0,0,0,0,0,27.73,,27.73,29.823,28.691,38.517,29.701,29.851,23.514,13.934,9.791,-24.971,0.192,0,0.158,-0.001,0.072,0,0.021,0.001,0.017,-0.001,0,0,0,0,0,0,0,0,0,0,0.001
Total Long-Term Liabilities,156.857,150.359,173.103,136.28,-13.45,0.182,0.117,0.038,0.019,0.013,0,0,0,0,0.046,0,156.857,,156.857,149.994,150.359,173.726,173.103,207.878,136.28,23.612,20.941,-13.45,11.978,0.182,0.158,0.117,0.072,0.038,0.021,0.019,0.017,0.013,0,0,0,0,0,0,0,0,0.04,0.046,0.053
Total Liabilities,210.91,207.651,270.896,156.382,,5.626,4.003,2.597,1.409,2.414,1.331,0.519,0.076,0.155,2.224,0,210.91,,210.91,201.641,207.651,222.387,270.896,248.653,156.382,44.735,39.326,,94.825,5.626,3.519,4.003,1.322,2.597,0.961,1.409,1.471,2.414,1.209,1.331,0.381,0.519,0.1,0.076,0.149,0.155,0.169,2.224,0.183
,,,,,,,,,,,,,,,,,,,,,,,,,,,,,,,,,,,,,,,,,,,,,,,,,
Common Stock,204.576,203.949,203.949,203.949,203.669,203.222,129.925,70.428,60.827,53.804,31.621,15.142,12.607,10.063,8.063,8.081,204.576,,204.576,203.949,203.949,203.949,203.949,203.949,203.949,203.949,203.949,203.669,203.529,203.222,130.825,129.925,92.492,70.428,60.827,60.827,53.804,53.804,53.804,31.621,27.408,15.142,14.84,12.607,10.063,10.063,10.063,8.063,8.063
Preferred Stock,0,0,0,0,0,0,0,0,0,0,0,0,0,0,0,0,0,,0,0,0,0,0,0,0,0,0,0,0,0,0,0,0,0,0,0,0,0,0,0,0,0,0,0,0,0,0,0,0
Retained Earnings,234.087,211.896,130.102,133.703,178.888,-50.929,-41.704,-37.824,-38.234,-15.541,-12.648,-9.618,-7.56,-4.581,-1.197,-0.677,234.087,,234.087,218.929,211.896,154.486,130.102,117.632,133.703,179.487,181.715,178.888,181.596,-50.929,-44.321,-41.704,-39.764,-37.824,-37.28,-38.234,-18.138,-15.541,-14.056,-12.648,-11.403,-9.618,-8.315,-7.56,-6.327,-4.581,-2.576,-1.197,-0.682
Accumulated other comprehensive income (loss),2.821,3.622,2.081,1.314,6.068,4.925,3.923,3.612,3.119,2.679,2.238,1.169,0.94,0.525,0.1,0.1,2.821,,2.821,4.285,3.622,11.057,2.081,1.102,1.314,1.57,1.086,6.068,5.561,4.925,4.417,3.923,3.781,3.612,3.522,3.119,2.895,2.679,2.369,2.238,1.885,1.169,1.04,0.94,0.832,0.525,0.13,0.1,0.1
Additional Paid-In Capital,0,0,0,0,0,0,0,0,0,0,0,0,0,0,0,0,0,,0,0,0,0,0,0,0,0,0,0,0,0,0,0,0,0,0,0,0,0,0,0,0,0,0,0,0,0,0,0,0
Treasury Stock,0,0,0,0,0,0,0,0,0,0,0,0,0,0,0,0,0,,0,0,0,0,0,0,0,0,0,0,0,0,0,0,0,0,0,0,0,0,0,0,0,0,0,0,0,0,0,0,0
Other Stockholders Equity,0,0,0,0,0,0,0,0,0,0,0,0.001,0,0,0,-0.001,0,,0,0,0,0,0,0,0,0,0,0,-0.001,0,0,0,-0.001,0,0,0,0,0,0,0,0,0.001,0,0,0,0,0,0,-0.001
Total Stockholders Equity,441.484,419.467,336.132,338.966,388.625,157.218,92.144,36.216,25.712,40.942,21.211,6.694,5.987,6.007,6.966,7.503,441.484,,441.484,427.163,419.467,369.492,336.132,322.683,338.966,385.006,386.75,388.625,390.685,157.218,90.921,92.144,56.508,36.216,27.069,25.712,38.561,40.942,42.117,21.211,17.89,6.694,7.565,5.987,4.568,6.007,7.617,6.966,7.48
Minority Interest,0,0,0,0,0,0,0,0,0,0,0,0,0,0,0,0,0,,0,0,0,0,0,0,0,0,0,0,0,0,0,0,0,0,0,0,0,0,0,0,0,0,0,0,0,0,0,0,0
Total Equity,441.484,419.467,336.132,338.966,388.625,157.218,92.144,36.216,25.712,40.942,21.211,6.694,5.987,6.007,6.966,7.503,441.484,,441.484,427.163,419.467,369.492,336.132,322.683,338.966,385.006,386.75,388.625,390.685,157.218,90.921,92.144,56.508,36.216,27.069,25.712,38.561,40.942,42.117,21.211,17.89,6.694,7.565,5.987,4.568,6.007,7.617,6.966,7.48
Equity-to-Asset,0.677,0.669,0.554,0.684,0,0.965,0.958,0.933,0.948,0.944,0.941,0.928,0.987,0.975,0.758,1,0.677,,0.677,0.679,0.669,0.624,0.554,0.565,0.684,0.896,0.908,0,0.805,0.965,0.963,0.958,0.977,0.933,0.966,0.948,0.963,0.944,0.972,0.941,0.979,0.928,0.987,0.987,0.968,0.975,0.978,0.758,0.976
,,,,,,,,,,,,,,,,,,,,,,,,,,,,,,,,,,,,,,,,,,,,,,,,,
Cashflow Statement,,,,,,,,,,,,,,,,,,,,,,,,,,,,,,,,,,,,,,,,,,,,,,,,,
  Receipts from Customers,278.66,290.75,75.444,0,0,0,0,0,0,0,0,0,0,0,0,0,278.66,,145.132,133.528,155.635,135.115,0,0,0,0,0,0,0,0,0,0,0,0,0,0,0,0,0,0,0,0,0,0,0,0,0,0,0
  Receipts from Government Grants,0,0,0,0,0,0,0,0,0,0,0,0,0,0,0,0,0,,0,0,0,0,0,0,0,0,0,0,0,0,0,0,0,0,0,0,0,0,0,0,0,0,0,0,0,0,0,0,0
  Other Cash Receipts from Operating Activities,0,0.1,0.12,0.22,0.235,1.502,0.437,0.433,0.064,0,0,0,0,0,0,0,0,,-128.393,128.393,0.1,0,75.638,-0.074,0.118,0.102,0.169,0.15,0.085,0.186,1.316,0.208,0.23,-2.081,2.514,0,0,0,0,0,0,0,0,0,0,0,0,0,0
Cash Receipts From Operating Activities,278.66,290.85,75.564,0.22,0.235,1.502,0.437,0.433,0.064,0,0,0,0,0,0,0,278.66,,16.739,261.921,155.735,135.115,75.638,-0.074,0.118,0.102,0.169,0.15,0.085,0.186,1.316,0.208,0.23,-2.081,2.514,0,0,0,0,0,0,0,0,0,0,0,0,0,0
  Payments to Suppliers for Goods and Services,-140.627,-119.238,-22.308,-7.951,-18.202,-4.992,-3.296,-2.595,-2.949,-2.411,-2.027,-0.945,-0.786,-0.993,-0.869,0,-140.63,,-74.072,-66.555,-56.984,-62.254,-17.994,-4.314,-3.773,-4.178,-4.004,-12.015,-6.187,-2.431,-2.561,-1.297,-1.998,-1.095,-1.5,-1.331,-1.618,-0.948,-1.463,-1.268,-0.759,-0.432,-0.513,-0.342,-0.443,-0.43,-0.563,-0.435,-0.434
  Payments on Behalf of Employees,0,0,0,0,0,0,0,0,0,0,0,0,0,0,0,0,0,,0,0,0,0,0,0,0,0,0,0,0,0,0,0,0,0,0,0,0,0,0,0,0,0,0,0,0,0,0,0,0
  Other Cash Payments from Operating Activities,-35.28,-22.84,-16.858,-18.078,0,0,0,0,0,0,0,0,0,0,0,0,-35.28,,-25.141,-10.139,-12.652,-10.188,-8.485,-8.373,-18.078,0,0,0,0,0,0,0,0,0,0,0,0,0,0,0,0,0,0,0,0,0,0,0,0
Cash Payments,-175.907,-142.078,-39.166,-26.029,-18.202,-4.992,-3.296,-2.595,-2.949,-2.411,-2.027,-0.945,-0.786,-0.993,-0.869,0,-175.91,,-99.213,-76.694,-69.636,-72.442,-26.479,-12.687,-21.851,-4.178,-4.004,-12.015,-6.187,-2.431,-2.561,-1.297,-1.998,-1.095,-1.5,-1.331,-1.618,-0.948,-1.463,-1.268,-0.759,-0.432,-0.513,-0.342,-0.443,-0.43,-0.563,-0.435,-0.434
Dividends Paid,0,0,0,0,0,0,0,0,0,0,0,0,0,0,0,0,0,,0,0,0,0,0,0,0,0,0,0,0,0,0,0,0,0,0,0,0,0,0,0,0,0,0,0,0,0,0,0,0
Dividends Received,0,0,0,0,0,0,0,0,0,0,0,0,0,0,0,0,0,,0,0,0,0,0,0,0,0,0,0,0,0,0,0,0,0,0,0,0,0,0,0,0,0,0,0,0,0,0,0,0
Interest Paid,-6.669,-6.547,-2.676,-0.517,0,0,0,0,-0.005,0,0,0,0,-0.037,-0.025,0,-6.67,,-3.328,-3.341,-3.144,-3.403,-2.156,-0.52,0,0,0,0,0,0,0,0,0,0,0,0,0,0,0,0,0,0,0,0,0,-0.001,-0.036,-0.022,-0.003
Interest Received,0.511,0.468,0.829,5.169,3.545,1.068,0.495,0.349,0.391,0.823,0.364,0.078,0.048,0.224,0.193,0,0.51,,0.311,0.2,0.179,0.289,0.355,0.474,2.094,3.075,3.406,2.435,1.11,0.558,0.509,0.362,0.133,0.137,0.212,0.164,0.227,0.619,0.204,0.318,0.046,0.052,0.025,0.013,0.034,0.095,0.129,0.106,0.086
Taxes Refund Paid,-7.353,0,-0.508,0,-70.221,0,0,2.963,0.618,0,0,0,0,0,0,0,-7.35,,0,-7.353,0,0,0,0,0,0,-0.397,0,0,0,0,0,0,0,0,0,0,0,0,0,0,0,0,0,0,0,0,0,0
Cash Flow from Others,0,0,0,0,0,-0.001,0.001,0,0.001,0,0,-0.001,0,0,0,0,0,,0,0,0,0,-0.508,0,-0.517,0,0,-70.221,0,0,0.001,0,-0.001,2.963,0,0.678,0,0,0,0,0,0.001,0,0,0,0,0,0,0.001
Cash Flow from Operations,89.242,142.693,34.043,-21.157,-84.643,-2.423,-2.363,1.15,-1.88,-1.588,-1.663,-0.868,-0.738,-0.806,-0.701,0,89.24,,-85.491,174.733,83.134,59.559,46.85,-12.807,-20.156,-1.001,-0.826,-79.651,-4.992,-1.687,-0.735,-0.727,-1.636,-0.076,1.226,-0.489,-1.391,-0.329,-1.259,-0.95,-0.713,-0.379,-0.488,-0.329,-0.409,-0.336,-0.47,-0.351,-0.35
,,,,,,,,,,,,,,,,,,,,,,,,,,,,,,,,,,,,,,,,,,,,,,,,,
"Purchase Of Property, Plant, Equipment",-60.344,-43.461,-37.306,-184.768,-0.427,-1.149,-0.569,-0.208,-0.048,-1.004,-1.016,-0.123,-0.027,-0.144,-0.23,0,-60.34,,-31.359,-28.985,-25.73,-17.731,-14.185,-23.121,-104.846,-79.922,-0.668,0.079,-0.506,-0.683,-0.466,-0.318,-0.251,-0.166,-0.042,-0.007,-0.041,-0.308,-0.696,-0.842,-0.174,-0.112,-0.011,-0.008,-0.019,-0.109,-0.035,-0.166,-0.065
"Sale Of Property, Plant, Equipment",0.019,0.018,0.023,0,250,0,0.005,0,0,0.016,0,0,0,0.05,0.001,0,0.02,,0.017,0.002,0.001,0.017,0.011,0.012,0,0,0,0,250,0,0,0,0,0,0,0,0,0,0.016,0,0,0,0,0,0,0,0,0,0
Purchase Of Business,0,0,0,0,0,0,0,0,0,0,0,0,0,0,-0.001,0,0,,0,0,0,0,0,0,0,0,0,0,0,0,0,0,0,0,0,0,0,0,0,0,0,0,0,0,0,0,0,0,0
Sale Of Business,0,0,0,0,0,0,0,0,0,0,0,0,0,0,0,0,0,,0,0,0,0,0,0,0,0,0,0,0,0,0,0,0,0,0,0,0,0,0,0,0,0,0,0,0,0,0,0,0
Purchase Of Investment,-33.224,-9.259,-0.563,0,0,0,0,0,0,0,0,0,0,0,0,0,0,,0,0,0,-9.259,0,0,0,0,-0.75,0,0,0,0,0,0,0,0,0,0,0,0,0,-0.01,0,0,0,0,0,0,0,0
Sale Of Investment,36.849,27.334,0,0,0,0.035,0,0,0,0,0,0,0,0,0,0,0,,0,0,0,0,0,0,0,0,0,0,-147,-0.916,0.952,0,1.079,0,1.409,0,0,0,0,0,0,0,0,0,0,0,0,0,0
Net Intangibles Purchase And Sale,0,0,0,0,0,0,-0.109,0.049,-0.013,-0.001,-0.103,0,0,-0.028,0,0,0,,0,0,0,0,0,0,0,0,0,0,0,0,0,0,0,0.052,-0.003,0,0,0,-0.001,0,0,0,0,0,0,0,0,0,0
Cash From Discontinued Investing Activities,0,0,0,0,0,0,0,0,0,0,0,0,0,0,0,0,0,,0,0,0,0,0,0,0,0,0,0,0,0,0,0,0,0,0,0,0,0,0,0,0,0,0,0,0,0,0,0,0
Cash From Other Investing Activities,-0.399,-1.616,-8.502,12.659,-116.639,-26.482,-16.327,-9.801,-9.034,-16.606,-5.64,-2.129,-1.021,-1.707,-2.104,0,3.23,,4.501,-1.275,26.362,-0.644,-5.483,-3.582,5.51,7.149,87.448,40.477,-10.116,-13.033,-13.449,-7.875,-9.635,-6.852,-4.357,-2.75,-6.298,-9.532,-7.074,-3.481,-2.252,-1.072,-1.057,-0.496,-0.525,-0.713,-0.972,-0.995,-1.107
Cash Flow from Investing,-57.099,-26.984,-46.348,-172.109,132.934,-27.596,-17,-9.96,-9.095,-17.595,-6.759,-2.252,-1.048,-1.829,-2.334,0,-57.1,,-26.841,-30.258,0.633,-27.617,-19.657,-26.691,-99.336,-72.773,86.03,40.556,92.378,-14.632,-12.963,-8.193,-8.807,-6.966,-2.993,-2.757,-6.339,-9.84,-7.755,-4.323,-2.436,-1.184,-1.068,-0.504,-0.544,-0.822,-1.007,-1.161,-1.172
,,,,,,,,,,,,,,,,,,,,,,,,,,,,,,,,,,,,,,,,,,,,,,,,,
Issuance of Stock,0,0,0,0,0.447,74.855,62.502,10.225,7.088,23.4,17.002,2.671,2.612,0,2.057,0,0,,0,0,0,0,0,0,0,0,0.28,-11.776,12.223,73.954,0.901,39.276,23.227,0,0,0,0,0,23.4,4.073,12.929,0.315,2.356,0,0,0,0,0,0
Repurchase of Stock,0,0,0,0,0,-3.975,-3.005,-0.624,-0.065,-1.076,-0.664,-0.136,-0.045,0,-0.614,0,0,,0,0,0,0,0,0,0,0,0,0,0,-3.973,-0.002,-1.842,-1.163,0,0,0,0,0,-1.076,0,-0.664,-0.012,-0.123,0,0,0,0,0.018,-0.632
Net Issuance of Preferred Stock,0,0,0,0,0,0,0,0,0,0,0,0,0,0,0,0,0,,0,0,0,0,0,0,0,0,0,0,0,0,0,0,0,0,0,0,0,0,0,0,0,0,0,0,0,0,0,0,0
  Issuance of Debt,0,50,77.419,3,0,0,0,0,0,0,0,0,0,0,0,0,0,,0,0,0,50,15,62.419,0,0,0,0,0,0,0,0,0,0,0,0,0,0,0,0,0,0,0,0,0,0,0,0,0
  Payments of Debt,0,-130.419,0,0,0,0,0,0,0,0,0,0,0,0,-0.011,0,-4.88,,0,-4.875,-25,-105.419,0,0,0,0,0,0,0,0,0,0,0,0,0,0,0,0,0,0,0,0,0,0,0,0,-0.006,-0.006,-0.006
Net Issuance of Debt,0,-80.419,77.419,3,0,0,0,0,0,0,0,0,0,0,-0.011,0,-4.88,,0,-4.875,-25,-55.419,15,62.419,0,0,0,0,0,0,0,0,0,0,0,0,0,0,0,0,0,0,0,0,0,0,-0.006,-0.006,-0.006
Cash Flow for Dividends,-16.992,0,0,0,0,0,0,0,0,0,0,0,0,0,0,0,-16.99,,-3.779,-13.213,0,0,0,0,0,0,0,0,0,0,0,0,0,0,0,0,0,0,0,0,0,0,0,0,0,0,0,0,0
Other Financing,-10.026,-10.235,-7.739,-2.576,11.916,0,0,0,0,-0.001,0,0,0,0,0,0,-5.15,,-5.151,0,-6.001,-4.234,-4.128,-3.611,0,0,0,11.916,0,0,0,0,0,0,0,0,0,0,-0.001,0,0,0,-0.001,0,0,0,0,2.058,0
Cash Flow from Financing,-27.018,-90.654,69.68,0.424,12.363,70.88,59.497,9.601,7.023,22.323,16.338,2.535,2.567,-0.058,1.432,0,-27.02,,-8.93,-18.088,-31.001,-59.653,10.872,58.808,3,-2.576,0.28,0.14,12.223,69.981,0.899,37.434,22.064,0,0,7.027,-0.004,0,22.323,4.073,12.265,0.303,2.232,2.567,0,-0.052,-0.006,2.07,-0.638
,,,,,,,,,,,,,,,,,,,,,,,,,,,,,,,,,,,,,,,,,,,,,,,,,
Beginning Cash Position,126.387,101.332,43.957,236.799,90.661,49.8,9.666,8.874,12.825,9.686,1.77,2.355,1.574,4.267,5.87,0,126.38,,252.774,-2.006,73.621,101.332,63.267,43.957,160.449,236.799,151.315,190.27,90.662,36.999,49.799,21.286,9.665,16.707,8.874,5.092,12.827,22.995,9.685,10.886,1.77,3.03,2.355,0.621,1.574,2.784,4.267,3.709,5.87
  Effect of Exchange Rate Changes,0,0,0,0,0,0,0,0,0,0,0,0,0,0,0,0,0,,0,0,0,0,0,0,0,0,0,0,0,0,0,0,0,0,0,0,0,0,0,0,0,0,0,0,0,0,0,0,0
Net Change in Cash,5.125,25.055,57.375,-192.842,60.654,40.861,40.134,0.791,-3.952,3.14,7.916,-0.585,0.781,-2.693,-1.603,0,5.13,,-121.262,126.387,52.766,-27.711,38.065,19.31,-116.492,-76.35,85.484,-38.955,99.609,53.662,-12.799,28.514,11.621,-7.042,-1.767,3.781,-7.734,-10.169,13.309,-1.2,9.116,-1.26,0.676,1.734,-0.953,-1.21,-1.483,0.558,-2.16
Ending Cash Position,131.512,126.387,101.332,43.957,151.315,90.661,49.8,9.665,8.873,12.826,9.686,1.77,2.355,1.574,4.267,0,131.512,,131.512,124.381,126.387,73.621,101.332,63.267,43.957,160.449,236.799,151.315,190.271,90.661,37,49.8,21.286,9.665,7.107,8.873,5.093,12.826,22.994,9.686,10.886,1.77,3.031,2.355,0.621,1.574,2.784,4.267,3.71
,,,,,,,,,,,,,,,,,,,,,,,,,,,,,,,,,,,,,,,,,,,,,,,,,
Capital Expenditure,-60.743,-45.077,-41.482,-186.614,-64.261,-29.528,-20.071,-13.262,-9.847,-17.611,-6.759,-2.252,-1.048,-1.879,-2.334,0,-60.74,,-30.483,-30.26,-26.702,-18.375,-16.887,-24.595,-99.396,-87.218,-11.351,-47.427,-16.834,-15.613,-13.915,-10.185,-9.886,-8.86,-4.402,-3.508,-6.339,-9.84,-7.772,-4.333,-2.426,-1.184,-1.068,-0.504,-0.544,-0.872,-1.007,-1.162,-1.172
Free Cash Flow,28.499,97.616,-7.439,-207.771,-148.904,-31.951,-22.434,-12.112,-11.727,-19.199,-8.422,-3.12,-1.786,-2.685,-3.035,0,28.5,,-115.974,144.473,56.432,41.184,29.963,-37.402,-119.552,-88.219,-12.177,-127.078,-21.826,-17.3,-14.65,-10.912,-11.522,-8.936,-3.176,-3.997,-7.73,-10.169,-9.031,-5.283,-3.139,-1.563,-1.556,-0.833,-0.953,-1.208,-1.477,-1.513,-1.522
,,,,,,,,,,,,,,,,,,,,,,,,,,,,,,,,,,,,,,,,,,,,,,,,,
Valuation Ratios,,,,,,,,,,,,,,,,,,,,,,,,,,,,,,,,,,,,,,,,,,,,,,,,,
PE Ratio,37.38,14.56,0,0,2.57,0,0,290,0,0,0,0,0,0,0,9999,30,,37.38,0,14.56,9999,0,9999,0,9999,9999,2.57,9999,0,9999,0,9999,290,9999,0,9999,0,9999,0,9999,0,9999,0,9999,0,9999,0,9999
PE Ratio without NRI,37.38,14.56,0,0,2.57,0,0,290,0,0,0,0,0,0,0,9999,30,,37.38,0,14.56,9999,0,9999,0,9999,9999,2.57,9999,0,9999,0,9999,290,9999,0,9999,0,9999,0,9999,0,9999,0,9999,0,9999,0,9999
Price-to-Owner-Earnings,74.76,20.7,0,0,2.9,0,0,0,0,0,0,0,0,0,0,0,60,,74.76,0,20.7,0,0,0,0,0,0,2.9,0,0,0,0,0,0,0,0,0,0,0,0,0,0,0,0,0,0,0,0,0
PB Ratio,3.14,2.78,3.5,1.68,1.5,3.65,3.14,4.14,0.71,1.82,8.85,2.94,1.14,1.06,5.02,0,2.51,,3.14,2.6,2.78,3.98,3.5,2.69,1.68,1.69,1.59,1.5,1.29,3.65,2.91,3.14,2.54,4.14,1.69,0.71,1.32,1.82,2.88,8.85,5.58,2.94,2.82,1.14,0.87,1.06,2.4,5.02,1.99
Price-to-Tangible-Book,3.14,2.78,3.5,1.68,1.5,3.65,3.14,4.14,0.71,1.82,8.85,2.94,1.14,1.06,5.02,0,2.42,,3.14,2.6,2.78,3.98,3.5,2.69,1.68,1.69,1.59,1.5,1.29,3.65,2.91,3.14,2.54,4.14,1.69,0.71,1.32,1.82,2.88,8.85,5.58,2.94,2.82,1.14,0.87,1.06,2.4,5.02,1.99
Price-to-Free-Cash-Flow,49.06,12.05,0,0,0,0,0,0,0,0,0,0,0,0,0,0,39.38,,49.06,0,12.05,0,0,0,0,0,0,0,0,0,0,0,0,0,0,0,0,0,0,0,0,0,0,0,0,0,0,0,0
Price-to-Operating-Cash-Flow,15.54,8.23,34.36,0,0,0,0,145,0,0,0,0,0,0,0,0,12.48,,15.54,0,8.23,0,34.36,0,0,0,0,0,0,0,0,0,0,145,0,0,0,0,0,0,0,0,0,0,0,0,0,0,0
PS Ratio,5.06,3.98,15.58,0,0,0,0,0,0,0,0,1229.9,0,0,0,0,4.06,,5.06,0,3.98,0,15.58,0,0,0,0,0,0,0,0,0,0,0,0,0,0,0,0,0,0,0,0,0,0,0,0,0,0
PEG Ratio,0,0,0,0,0,0,0,21.61,0,0,0,0,0,0,0,0,0,,0,0,0,0,0,0,0,0,0,0,0,0,0,0,0,21.61,0,0,0,0,0,0,0,0,0,0,0,0,0,0,0
EV-to-Revenue,4.98,3.92,16.92,0,0,0,0,0,0,0,0,1192.8,0,0,0,0,3.99,,4.98,0,3.92,0,16.92,0,0,0,0,0,0,0,0,0,0,0,0,0,0,0,0,0,0,1192.8,0,0,0,0,0,0,0
EV-to-EBITDA,11.73,6.92,141.62,-20.07,-22.46,-42.14,-53.96,-48.18,-0.4,-17.91,-48.94,-8.5,-1.5,-1.44,-38.44,0,9.41,,11.73,0,6.92,0,141.62,0,-20.07,0,0,-22.46,0,-42.14,0,-53.96,0,-48.18,0,-0.4,0,-17.91,0,-48.94,0,-8.5,0,-1.5,0,-1.44,0,-38.44,0
EV-to-EBIT,24.85,9.86,-391.98,-19.65,-21.79,-40.11,-48.94,-42.16,-0.4,-16.31,-47.68,-8.38,-1.48,-1.42,-37.43,0,19.93,,24.85,0,9.86,0,-391.98,0,-19.65,0,0,-21.79,0,-40.11,0,-48.94,0,-42.16,0,-0.4,0,-16.31,0,-47.68,0,-8.38,0,-1.48,0,-1.42,0,-37.43,0
Earnings Yield (Joel Greenblatt) %,4.02,10.14,-0.26,-5.09,-4.59,-2.49,-2.04,-2.37,-250,-6.13,-2.1,-11.93,-67.57,-70.42,-2.67,0,5.02,,4.02,0,10.14,0,-0.26,0,-5.09,0,0,-4.59,0,-2.49,0,-2.04,0,-2.37,0,-250,0,-6.13,0,-2.1,0,-11.93,0,-67.57,0,-70.42,0,-2.67,0
Forward Rate of Return (Yacktman) %,0,0,0,0,0,0,0,8.59,-7.34,-49.81,-17.61,-20.95,0,0,0,0,0,,0,0,0,0,0,0,0,0,0,0,0,0,0,0,0,8.59,0,-7.34,0,-49.81,0,-17.61,0,-20.95,0,0,0,0,0,0,0
Shiller PE Ratio,0,0,0,0,0,0,0,0,0,0,0,0,0,0,0,0,0,,0,0,0,0,0,0,0,0,0,0,0,0,0,0,0,0,0,0,0,0,0,0,0,0,0,0,0,0,0,0,0
Dividend Yield %,1.27,0,0,0,0,0,0,0,0,0,0,0,0,0,0,0,0.79,,1.27,1.19,0,0,0,0,0,0,0,0,0,0,0,0,0,0,0,0,0,0,0,0,0,0,0,0,0,0,0,0,0
,,,,,,,,,,,,,,,,,,,,,,,,,,,,,,,,,,,,,,,,,,,,,,,,,
Valuation and Quality,,,,,,,,,,,,,,,,,,,,,,,,,,,,,,,,,,,,,,,,,,,,,,,,,
Market Cap,1384.607,1165.9,1177.728,570.374,584.414,573.465,288.889,150.065,18.286,74.397,187.627,19.662,6.843,6.361,34.964,0,1113.477,,1384.607,1109.91,1165.9,1469.122,1177.728,869.197,570.374,649.349,613.963,584.414,505.244,573.465,264.569,288.889,143.338,150.065,45.798,18.286,50.919,74.397,121.364,187.627,99.8,19.662,21.297,6.843,3.976,6.361,18.288,34.964,14.878
Enterprise Value ($M),1367.877,1154.621,1276.689,643.819,433.099,482.804,239.089,140.4,9.413,61.571,177.941,17.892,4.488,4.787,32.755,0,1096.747,,1367.877,1096.71,1154.621,1536.967,1276.689,992.084,643.819,488.653,376.412,433.099,167.913,482.804,227.565,239.089,121.953,140.4,38.691,9.413,45.826,61.571,98.37,177.941,88.914,17.892,18.266,4.488,3.355,4.787,15.557,32.755,11.231
Month End Stock Price,1.57,1.325,1.34,0.65,0.67,0.66,0.42,0.29,0.04,0.19,0.6,0.1,0.04,0.08,0.47,0,1.21,,1.57,1.26,1.325,1.67,1.34,0.99,0.65,0.74,0.7,0.67,0.58,0.66,0.38,0.42,0.24,0.29,0.1,0.04,0.13,0.19,0.31,0.6,0.38,0.1,0.11,0.04,0.05,0.08,0.23,0.47,0.2
Net Cash per Share,-0.09,-0.09,-0.19,-0.13,,0.1,0.07,0.01,0.02,0.03,0.03,0.01,0.01,0.02,0.03,,-0.09,,-0.09,-0.09,-0.09,-0.17,-0.19,-0.21,-0.13,0.13,0.23,,0.28,0.1,0.05,0.07,0.03,0.01,0.01,0.02,0.01,0.03,0.06,0.03,0.04,0.01,0.02,0.01,0.01,0.02,0.03,0.03,0.05
Net Current Asset Value,-0.04,-0.06,-0.17,-0.11,,0.1,0.07,0.01,0.02,0.03,0.03,0.01,0.01,0.02,0.03,,-0.04,,-0.04,-0.05,-0.06,-0.14,-0.17,-0.19,-0.11,0.14,0.25,,0.39,0.1,0.05,0.07,0.03,0.01,0.01,0.02,0.01,0.03,0.06,0.03,0.04,0.01,0.02,0.01,0.01,0.02,0.03,0.03,0.05
Net-Net Working Capital,-0.07,-0.08,-0.18,-0.13,0,0.1,0.07,0.01,0.02,0.03,0.03,0.01,0.01,0.02,0.03,0,-0.07,,-0.07,-0.07,-0.08,-0.15,-0.18,-0.2,-0.13,0.13,0.23,0,0.36,0.1,0.05,0.07,0.03,0.01,0.01,0.02,0.01,0.03,0.06,0.03,0.04,0.01,0.02,0.01,0.01,0.02,0.03,0.03,0.05
Intrinsic Value: Projected FCF,-0.05,-0.13,-0.38,-0.39,-0.04,-0.03,-0.07,-0.13,-0.11,-0.05,-0.05,0,0,0,0,0,-0.05,,-0.05,0,-0.13,0,-0.38,0,-0.39,0,0,-0.04,0,-0.03,0,-0.07,0,-0.13,0,-0.11,0,-0.05,0,-0.05,0,0,0,0,0,0,0,0,0
Median PS Value,0,0,0,0,0,0,0,0,0,0,0,0,0,0,0,0,0,,0,0,0,0,0,0,0,0,0,0,0,0,0,0,0,0,0,0,0,0,0,0,0,0,0,0,0,0,0,0,0
Peter Lynch Fair Value,0,0,0,0,0,0,0,0.01,0,0,0,0,0,0,0,0,0,,0,0,0,0,0,0,0,0,0,0,0,0,0,0,0,0.01,0,0,0,0,0,0,0,0,0,0,0,0,0,0,0
Graham Number,0.68,0.99,0,0,1.62,0,0,0.04,0,0,0,0,0,0,0,0,0.68,,0.68,0.97,0.99,0.62,0,0,0,0,0,1.62,1.61,0,0,0,0,0.04,0,0,0,0,0,0,0,0,0,0,0,0,0,0,0
Earnings Power Value (EPV),-0.78,-0.81,-0.96,-0.87,-0.17,-0.15,-0.17,-0.21,-0.17,-0.14,-0.08,-0.1,0,0,0,0,-0.78,,-0.78,0,-0.81,0,-0.96,0,-0.87,0,0,-0.17,0,-0.15,0,-0.17,0,-0.21,0,-0.17,0,-0.14,0,-0.08,0,-0.1,0,0,0,0,0,0,0
Altman Z-Score,5.36,5.12,3.06,2.44,16.47,49.43,37.44,29.34,2.2,18.06,70.25,20.14,0,0,0,0,4.59,,5.36,0,5.12,0,3.06,0,2.44,0,0,16.47,0,49.43,0,37.44,0,29.34,0,2.2,0,18.06,0,70.25,0,20.14,0,0,0,0,0,0,0
Piotroski F-Score,5,8,9999,9999,4,4,3,5,3,3,3,5,4,3,9999,9999,5,,5,0,8,0,9999,0,9999,0,0,4,0,4,0,3,0,5,0,3,0,3,0,3,0,5,0,4,0,3,0,9999,0
Beneish M-Score,-3.78,-0.94,4535.52,65.01,-2.02,-1.88,0.62,-1.26,1.76,0.74,4.88,0,0,0,0,0,-3.78,,-3.78,0,-0.94,0,4535.52,0,65.01,0,0,-2.02,0,-1.88,0,0.62,0,-1.26,0,1.76,0,0.74,0,4.88,0,0,0,0,0,0,0,0,0
Scaled Net Operating Assets,0.677,0.672,0.878,0,-0.929,0.692,1.091,0.979,0.388,1.247,1.598,0.812,0.589,0.482,0.634,0.327,0.675,,0.675,0.66,0.69,0.72,0.762,0.9,0.96,0.526,0,-0.312,0.328,0.705,0.561,0.732,0.905,0.947,0.736,0.421,0.772,0.649,0.848,0.631,0.971,0.642,0.748,0.77,0.641,0.569,0.532,0.621,0.5
Sloan Ratio %,0.71,-5.56,1.26,34.2,0,12.77,16.1,23.75,-43.21,37.57,23.92,14.74,-19.68,-12.17,23.09,0,0.71,,0.71,-24.12,-5.56,-3.96,1.26,21.09,34.2,-3.78,-12.04,,31.89,12.77,19.13,16.1,25.94,23.75,-50.41,-43.2,34.52,37.57,26.85,23.92,8.89,14.71,5.23,-19.68,-34.77,-12.16,14.06,23.08,
Current Ratio,3.19,2.75,1.25,2.92,15.4,16.89,13.03,4.01,6.48,5.45,7.88,3.48,31.64,10.39,1.99,0,3.19,,3.19,3.06,2.75,2.09,1.25,1.91,2.92,7.75,13.97,15.4,5.25,16.89,11.14,13.03,17.6,4.01,7.79,6.48,3.58,5.45,19.58,7.88,28.88,3.48,30.92,31.64,4.46,10.39,22.11,1.99,29.25
Quick Ratio,2.51,2.34,1.07,2.86,15.4,16.88,13,4,6.48,5.45,7.88,3.48,31.64,10.39,1.99,0,2.51,,2.51,2.48,2.34,1.57,1.07,1.63,2.86,7.74,13.97,15.4,5.24,16.88,11.12,13,17.54,4,7.79,6.48,3.58,5.45,19.58,7.88,28.88,3.48,30.92,31.64,4.46,10.39,22.11,1.99,29.25
Cash Ratio,2.45,2.22,1.04,2.2,11.25,16.65,12.82,3.78,6.38,5.34,7.28,3.41,30.99,10.15,1.96,0,2.45,,2.45,2.42,2.22,1.51,1.04,1.55,2.2,7.61,12.92,11.25,4.07,16.65,11.01,12.82,17.11,3.78,7.56,6.38,3.5,5.34,19.02,7.28,28.57,3.41,30.31,30.99,4.17,10.15,21.58,1.96,28.54
Interest Coverage,12.9,27.49,2.41,0,10000,10000,10000,10000,10000,10000,10000,10000,10000,0,0,10000,12.91,,0,6.13,0,9.95,15.9,0,0,0,10000,10000,10000,10000,10000,10000,10000,10000,10000,10000,10000,10000,10000,10000,10000,10000,10000,10000,10000,0,0,0,0
Highest Stock Price,1.67,1.975,1.63,0.84,0.75,0.67,0.47,0.29,0.21,0.73,0.81,0.15,0.15,0.5,0.53,0,1.83,,1.67,1.545,1.975,1.86,1.63,1.1,0.75,0.84,0.74,0.74,0.75,0.67,0.46,0.47,0.39,0.29,0.11,0.13,0.21,0.46,0.73,0.81,0.47,0.13,0.15,0.05,0.15,0.23,0.5,0.53,0.23
Lowest Stock Price,1.06,0.805,0.65,0.59,0.51,0.29,0.2,0.04,0.03,0.17,0.08,0.03,0.01,0.08,0.16,0,1.135,,1.185,1.06,1.16,0.805,1,0.65,0.59,0.69,0.62,0.51,0.53,0.36,0.29,0.24,0.2,0.09,0.04,0.03,0.12,0.17,0.3,0.27,0.08,0.08,0.03,0.01,0.05,0.08,0.23,0.2,0.16
Shares Buyback Ratio %,-0.23,-0.12,-0.16,-0.6,-0.39,-26.32,-32.92,-13.2,-16.75,-25.22,-59.04,-14.92,-115.17,-6.88,-74.83,,-0.226223893,,-0.12,-0.11,-0.02,-0.09,-0.11,-0.05,0,-0.05,-0.55,-0.13,-0.26,-24.8,-1.22,-15.17,-15.42,-12.99,-0.18,-16.71,-0.03,-0.02,-25.19,-19.07,-33.57,-1.56,-13.16,-115.17,0,0,-6.88,0,
Buyback Yield %,0,0,0,0,-0.08,-12.36,-20.6,-6.4,-38.41,-30.01,-8.71,-12.89,-37.51,0,-4.13,0,0,,0,0,0,0,0,0,0,0,-0.09,4.03,-4.84,-24.41,-0.68,-25.92,-30.79,0,0,0,0,0,-36.79,-4.34,-24.58,-3.08,-20.97,0,0,0,0,-0.1,8.5
YoY Rev. per Sh. Growth,-6.88,287.78,0,0,0,0,0,0,0,0,0,0,0,0,0,0,-6.06,,-8.98,-4.39,0,0,0,0,0,0,0,0,-100,0,0,0,-100,0,75.64,0,-55.63,0,0,0,0,0,0,0,-69.71,0,-17.72,0,0
YoY EPS Growth,-54.55,1822.64,80.51,-110.42,2123.26,-93.29,-844.87,101.64,-601.3,35.54,-8.03,71.64,8.07,-249.04,0,0,-55.56,,-69.29,-18.49,356.34,235.9,158.44,-572.41,-767.86,38.3,-101.05,48.44,7119.82,-186.01,-8.58,-166.69,-266.63,97.5,131.35,-1271.49,-55.83,14.64,46.25,39.7,-81.79,61.07,80.03,31.67,-26.58,-270.45,-221.73,0,0
YoY EBITDA Growth (%),-30.18,1736.49,128.06,-66.97,-36.93,-109.72,-23.73,89,-501.63,35.58,-26.72,71.15,6.15,-267.91,0,0,-31.58,,-46.11,-2.77,234.95,367.02,214.61,-750.22,-303.14,49.32,51.76,44.3,-221.05,-194.81,-25.04,-0.1,-61.37,92.28,59.72,-795.62,-58.36,21.38,50.8,2.58,-81.58,60.66,80.15,30.58,-28.94,-306.54,-223.41,0,0
5-Year EBITDA Growth Rate (Per Share),0,0,0,-7.46,-2.89,5.34,6.38,13.42,7.68,14.76,0,0,0,0,0,0,0,,0,0,0,0,0,0,-7.46,0,0,-2.89,0,5.34,0,6.38,0,13.42,0,7.68,0,14.76,0,0,0,0,0,0,0,0,0,0,0
Shares Outstanding (Basic Average),880.89,879.62,878.902,877.445,870.436,716.583,581.156,472.874,416.308,369.032,251.479,184.485,75.734,78.982,74.392,0,880.898,,880.898,880.881,879.527,879.714,889.445,868.359,956.958,797.931,874.819,871.296,869.575,741.738,691.427,605.786,556.526,487.766,457.983,440.932,391.684,409.13,328.934,278.965,223.993,196.775,172.194,71.955,79.513,78.403,79.561,74.912,73.872
Shares Outstanding (EOP),881.915,879.925,878.902,877.498,872.259,868.886,687.831,517.464,457.139,391.563,312.711,196.62,171.086,79.513,74.392,42.551,883.71,,881.915,880.881,879.925,879.714,878.902,877.977,877.498,877.498,877.09,872.259,871.111,868.886,696.233,687.831,597.242,517.464,457.983,457.139,391.684,391.563,391.498,312.711,262.631,196.62,193.609,171.086,79.513,79.513,79.513,74.392,74.392
Beta,0.47,0.38,0.59,-0.48,0.07,0.29,1.05,1.32,1.31,1.65,1.18,1.21,1.32,0,0,0,0.53,,0.47,0.46,0.38,0.56,0.59,0.58,-0.48,-1.02,-0.35,0.07,0.15,0.29,0.67,1.05,1.32,1.32,1.43,1.31,1.61,1.65,1.1,1.18,1.58,1.21,1.38,1.32,0,0,0,0,0
Restated Filing Date,03/28/22,03/10/21,03/20/20,03/25/19,09/18/17,09/19/16,10/23/15,10/15/14,10/18/13,10/19/12,10/21/11,10/28/10,09/25/09,10/23/08,10/26/07,,03/28/22,,03/28/22,09/09/21,03/10/21,09/09/20,03/20/20,09/06/19,03/25/19,09/11/18,03/27/18,09/18/17,03/08/17,09/19/16,03/10/16,10/23/15,03/13/15,10/15/14,03/13/14,10/18/13,03/14/13,10/19/12,03/13/12,10/21/11,03/15/11,10/28/10,03/09/10,09/25/09,03/12/09,10/23/08,03/06/08,10/26/07,03/14/07
Filing Date,03/28/22,03/10/21,03/20/20,03/25/19,09/18/17,09/19/16,10/23/15,10/15/14,10/18/13,10/19/12,10/21/11,10/28/10,09/25/09,10/23/08,10/26/07,,03/28/22,,03/28/22,09/09/21,03/10/21,09/09/20,03/20/20,09/06/19,03/25/19,09/11/18,03/27/18,09/18/17,03/08/17,09/19/16,03/10/16,10/23/15,03/13/15,10/15/14,03/13/14,10/18/13,03/14/13,10/19/12,03/13/12,10/21/11,03/15/11,10/28/10,03/09/10,09/25/09,03/12/09,10/23/08,03/06/08,10/26/07,03/14/07
Earnings Release Date,,,,,,,,,,,,,,,,,,,,,,,,,,,,,,,,,,,,,,,,,,,,,,,,,
Number of Shareholders,0,0,0,0,0,0,0,0,0,0,0,0,0,0,0,0,0,,0,0,0,0,0,0,0,0,0,0,0,0,0,0,0,0,0,0,0,0,0,0,0,0,0,0,0,0,0,0,0
Number of Employees,73,69,0,0,0,0,0,0,0,0,0,0,0,0,0,0,73,,73,69,69,0,0,0,0,0,0,0,0,0,0,0,0,0,0,0,0,0,0,0,0,0,0,0,0,0,0,0,0
,,,,,,,,,,,,,,,,,,,,,,,,,,,,,,,,,,,,,,,,,,,,,,,,,
Forex Rate,1,1,1,1,1,1,1,1,1,1,1,1,1,1,1,1,,,1,1,1,1,1,1,1,1,1,1,1,1,1,1,1,1,1,1,1,1,1,1,1,1,1,1,1,1,1,1,1
,,,,,,,,,,,,,,,,,,,,,,,,,,,,,,,,,,,,,,,,,,,,,,,,,
