0,1,2,3,4,5,6,7,8,9,10,11,12,13,14,15,16,17,18,19,20,21,22,23,24,25,26,27,28,29,30,31,32,33,34,35,36,37,38,39,40,41,42,43,44,45,46,47,48,49,50,51,52,53,54,55,56,57,58,59,60,61,62,63,64,65,66,67,68,69,70,71,72,73
Downloaded from http://www.GuruFocus.com on Mon Jun 20 2022 17:54:36 GMT+0700 (GMT+07:00),,,,,,,,,,,,,,,,,,,,,,,,,,,,,,,,,,,,,,,,,,,,,,,,,,,,,,,,,,,,,,,,,,,,,,,,,
GuruFocus_TSX:AYA_Financial_2022-6-20 at 17:54.csv,,,,,,,,,,,,,,,,,,,,,,,,,,,,,,,,,,,,,,,,,,,,,,,,,,,,,,,,,,,,,,,,,,,,,,,,,
,,,,,,,,,,,,,,,,,,,,,,,,,,,,,,,,,,,,,,,,,,,,,,,,,,,,,,,,,,,,,,,,,,,,,,,,,
TSX:AYA,"Aya Gold & Silver Inc, Canada, Basic Materials, Metals & Mining, Other Precious Metals & Mining",,,,,,,,,,,,,,,,,,,,,,,,,,,,,,,,,,,,,,,,,,,,,,,,,,,,,,,,,,,,,,,,,,,,,,,,
Key Statistics: ,,,,,,,,,,,,,,,,,,,,,,,,,,,,,,,,,,,,,,,,,,,,,,,,,,,,,,,,,,,,,,,,,,,,,,,,,
Price,8.53,,,,,,,,,,,,,,,,,,,,,,,,,,,,,,,,,,,,,,,,,,,,,,,,,,,,,,,,,,,,,,,,,,,,,,,,
Market Cap (Million),688.548,,,,,,,,,,,,,,,,,,,,,,,,,,,,,,,,,,,,,,,,,,,,,,,,,,,,,,,,,,,,,,,,,,,,,,,,
Shares Outstanding (Million),104.96,,,,,,,,,,,,,,,,,,,,,,,,,,,,,,,,,,,,,,,,,,,,,,,,,,,,,,,,,,,,,,,,,,,,,,,,
PE Ratio,0,,,,,,,,,,,,,,,,,,,,,,,,,,,,,,,,,,,,,,,,,,,,,,,,,,,,,,,,,,,,,,,,,,,,,,,,
PB Ratio,5.3,,,,,,,,,,,,,,,,,,,,,,,,,,,,,,,,,,,,,,,,,,,,,,,,,,,,,,,,,,,,,,,,,,,,,,,,
PS Ratio,19.93,,,,,,,,,,,,,,,,,,,,,,,,,,,,,,,,,,,,,,,,,,,,,,,,,,,,,,,,,,,,,,,,,,,,,,,,
,,,,,,,,,,,,,,,,,,,,,,,,,,,,,,,,,,,,,,,,,,,,,,,,,,,,,,,,,,,,,,,,,,,,,,,,,
Growth Rate: ,,,,,,,,,,,,,,,,,,,,,,,,,,,,,,,,,,,,,,,,,,,,,,,,,,,,,,,,,,,,,,,,,,,,,,,,,
Annual Rates (per share),10 Years,5 Years,12 Months,,,,,,,,,,,,,,,,,,,,,,,,,,,,,,,,,,,,,,,,,,,,,,,,,,,,,,,,,,,,,,,,,,,,,,
Revenue Growth (%),0,0,40.8,,,,,,,,,,,,,,,,,,,,,,,,,,,,,,,,,,,,,,,,,,,,,,,,,,,,,,,,,,,,,,,,,,,,,,
EBITDA  Growth (%),0,0,120,,,,,,,,,,,,,,,,,,,,,,,,,,,,,,,,,,,,,,,,,,,,,,,,,,,,,,,,,,,,,,,,,,,,,,
Free Cash Flow Growth (%),20.1,0,40.5,,,,,,,,,,,,,,,,,,,,,,,,,,,,,,,,,,,,,,,,,,,,,,,,,,,,,,,,,,,,,,,,,,,,,,
Book Value Growth (%),8,41.5,75.7,,,,,,,,,,,,,,,,,,,,,,,,,,,,,,,,,,,,,,,,,,,,,,,,,,,,,,,,,,,,,,,,,,,,,,
,,,,,,,,,,,,,,,,,,,,,,,,,,,,,,,,,,,,,,,,,,,,,,,,,,,,,,,,,,,,,,,,,,,,,,,,,
30 Year Financials of TSX:AYA - Aya Gold & Silver Inc,,,,,,,,,,,,,,,,,,,,,,,,,,,,,,,,,,,,,,,,,,,,,,,,,,,,,,,,,,,,,,,,,,,,,,,,,
,,,,,,,,,,,,,,,,,,,,,,,,,,,,,,,,,,,,,,,,,,,,,,,,,,,,,,,,,,,,,,,,,,,,,,,,,
"All Numbers are in Millions except per share data, ratios, and percentage data; All shares outstanding data and per share data are split adjusted",,,,,,,,,,,,,,,,,,,,,,,,,,,,,,,,,,,,,,,,,,,,,,,,,,,,,,,,,,,,,,,,,,,,,,,,,
,,,,,,,,,,,,,,,,,,,,,,,,,,,,,,,,,,,,,,,,,,,,,,,,,,,,,,,,,,,,,,,,,,,,,,,,,
Annual Data:,,,,,,,,,,,,,,,,,Quarterly Data:,,,,,,,,,,,,,,,,,,,,,,,,,,,,,,,,,,,,,,,,,,,,,,,,,,,,,,,,
Fiscal Period:,2021-12,2020-12,2019-12,2018-12,2017-12,2016-12,2015-12,2014-12,2013-12,2012-12,2011-12,2010-12,2009-12,2008-12,TTM/current,,2022-03,2021-12,2021-09,2021-06,2021-03,2020-12,2020-09,2020-06,2020-03,2019-12,2019-09,2019-06,2019-03,2018-12,2018-09,2018-06,2018-03,2017-12,2017-09,2017-06,2017-03,2016-12,2016-09,2016-06,2016-03,2015-12,2015-09,2015-06,2015-03,2014-12,2014-09,2014-06,2014-03,2013-12,2013-09,2013-06,2013-03,2012-12,2012-09,2012-06,2012-03,2011-12,2011-09,2011-06,2011-03,2010-12,2010-09,2010-06,2010-03,2009-12,2009-09,2009-06,2009-03,2008-12,2008-09,2008-06,2008-03
Per Share Data,,,,,,,,,,,,,,,,,,,,,,,,,,,,,,,,,,,,,,,,,,,,,,,,,,,,,,,,,,,,,,,,,,,,,,,,,
Revenue per Share,0.426,0.212,0.101,0,0,0,0,0,0,0,0,0,0,0,0.43,,0.111,0.093,0.101,0.123,0.109,0.132,0.028,0.035,0.009,0.033,0.026,0.025,0.035,0,0,0,0,0,0,0,0,0,0,0,0,0,0,0,0,0,0,0,0,0,0,0,0,0,0,0,0,0,0,0,0,0,0,0,0,0,0,0.001,0,0,0,0,0
EBITDA per Share,0.11,0.006,0.03,-0.046,-0.024,-0.07,-0.204,-0.475,-0.142,-0.132,-0.234,-0.177,-0.402,-0.163,0.08,,0,0.02,0.03,0.027,0.034,0.041,-0.022,-0.018,0,-0.011,0.017,0.016,0.01,0.008,-0.007,-0.028,-0.006,-0.003,-0.007,-0.005,-0.011,-0.033,-0.004,-0.026,-0.005,-0.022,-0.132,-0.006,-0.036,-0.369,-0.019,-0.058,-0.013,-0.052,-0.022,-0.025,-0.04,-0.041,-0.021,-0.028,-0.043,-0.077,-0.031,-0.042,-0.085,-0.04,-0.049,-0.05,-0.043,-0.21,-0.028,-0.068,-0.042,-0.027,-0.03,-0.06,-0.387
EBIT per Share,0.07,-0.028,0.003,-0.046,-0.024,-0.07,-0.204,-0.475,-0.142,-0.132,-0.234,-0.178,-0.404,-0.165,0.03,,-0.019,0.009,0.021,0.017,0.024,0.027,-0.029,-0.025,-0.006,-0.023,0.01,0.012,0.005,0.008,-0.007,-0.028,-0.006,-0.003,-0.007,-0.005,-0.011,-0.033,-0.004,-0.026,-0.005,-0.022,-0.132,-0.006,-0.036,-0.369,-0.019,-0.058,-0.013,-0.052,-0.022,-0.025,-0.04,-0.041,-0.021,-0.028,-0.043,-0.077,-0.031,-0.042,-0.086,-0.04,-0.049,-0.05,-0.043,-0.21,-0.029,-0.069,-0.042,-0.028,-0.03,-0.06,-0.387
Earnings per Share (Diluted),-0.004,-0.035,-0.009,-0.054,-0.041,-0.079,-0.277,-0.517,-0.12,-0.119,-0.241,-0.202,-0.443,-0.162,-0.05,,-0.026,-0.036,0.014,-0.005,0.004,0.019,-0.028,-0.019,-0.007,-0.03,0.005,0.012,0.005,0,-0.013,-0.039,-0.013,0.001,-0.01,-0.01,-0.02,-0.039,-0.011,-0.04,-0.013,-0.032,-0.158,-0.04,-0.04,-0.393,-0.039,-0.081,-0.04,-0.037,-0.04,-0.039,-0.04,-0.039,-0.04,-0.04,-0.04,-0.083,-0.039,-0.04,-0.08,-0.045,-0.04,-0.039,-0.04,-0.324,-0.04,-0.078,-0.04,-0.025,-0.04,-0.08,-0.39
EPS without NRI,-0.004,-0.035,-0.009,-0.054,-0.041,-0.079,-0.277,-0.517,-0.12,-0.119,-0.241,-0.202,-0.443,-0.162,-0.05,,-0.026,-0.036,0.014,-0.005,0.004,0.019,-0.028,-0.019,-0.007,-0.03,0.005,0.012,0.005,0,-0.013,-0.039,-0.013,0.001,-0.01,-0.01,-0.02,-0.039,-0.011,-0.04,-0.013,-0.032,-0.158,-0.04,-0.04,-0.393,-0.039,-0.081,-0.04,-0.037,-0.04,-0.039,-0.04,-0.039,-0.04,-0.04,-0.04,-0.083,-0.039,-0.04,-0.08,-0.045,-0.04,-0.039,-0.04,-0.324,-0.04,-0.078,-0.04,-0.025,-0.04,-0.08,-0.39
Owner Earnings per Share (TTM),0.008,-0.124,-0.078,-0.155,-0.148,-0.229,-0.312,-0.647,-0.231,-0.244,0,0,0,0,-0.07,,-0.069,0.008,0.027,-0.049,-0.095,-0.124,-0.146,-0.118,-0.11,-0.078,-0.045,-0.074,-0.11,-0.155,-0.172,-0.153,-0.142,-0.148,-0.201,-0.202,-0.229,-0.229,-0.207,-0.309,-0.291,-0.312,-0.628,-0.573,-0.678,-0.647,-0.335,-0.294,-0.198,-0.231,-0.2,-0.21,-0.227,-0.244,0,0,0,0,0,0,0,0,0,0,0,0,0,0,0,0,0,0,0
Free Cash Flow per Share,-0.034,-0.04,-0.042,-0.228,-0.249,-0.307,-0.201,-0.307,-0.107,-0.469,-0.345,-0.491,-0.515,-0.382,-0.14,,-0.107,-0.054,-0.011,0.029,0.004,0.01,-0.026,-0.023,-0.005,0.004,-0.012,-0.017,-0.018,-0.059,-0.029,-0.085,-0.055,-0.059,-0.051,-0.066,-0.075,-0.081,-0.061,-0.1,-0.062,-0.028,-0.046,-0.074,-0.053,-0.072,-0.115,-0.098,-0.012,-0.054,-0.019,-0.012,-0.021,-0.125,-0.087,-0.054,-0.214,-0.075,-0.027,-0.07,-0.182,-0.123,-0.157,-0.126,-0.089,-0.116,-0.098,-0.253,-0.101,-0.03,0.001,-0.011,0
Operating Cash Flow per Share,0.218,0.021,0.059,-0.03,-0.05,-0.098,-0.102,-0.157,-0.04,-0.12,-0.164,-0.16,-0.124,-0.136,0.15,,-0.01,0.019,0.076,0.069,0.054,0.048,-0.021,-0.015,0.002,0.018,0,-0.004,0.045,0.004,0,-0.031,-0.002,0,-0.011,-0.031,-0.011,-0.03,-0.009,-0.048,-0.007,-0.07,0.003,-0.009,-0.019,-0.038,-0.035,-0.074,-0.005,-0.024,-0.001,0.002,-0.017,-0.023,-0.031,-0.045,-0.021,-0.021,-0.036,-0.042,-0.073,-0.029,-0.095,0.005,-0.04,-0.033,-0.01,-0.066,-0.03,-0.03,-0.044,-0.011,0
Cash per Share,0.997,0.424,0.275,0.326,0.127,0.085,0.011,0.073,0.011,0.167,0.126,0.035,0.065,0.241,0.894,,0.894,0.997,1.033,0.431,0.386,0.424,0.431,0.246,0.26,0.275,0.268,0.287,0.292,0.326,0.364,0.372,0.17,0.127,0.033,0.042,0.09,0.085,0.117,0.1,0.167,0.011,0.013,0.029,0.07,0.073,0.151,0.2,0.345,0.011,0.013,0.037,0.066,0.167,0.131,0.103,0.009,0.126,0.011,0.047,0.123,0.035,0.038,0.019,0.15,0.065,0.233,0.221,0.137,0.241,0.327,0.006,2.284
Dividends per Share,0,0,0,0,0,0,0,0,0,0,0,0,0,0,0,,0,0,0,0,0,0,0,0,0,0,0,0,0,0,0,0,0,0,0,0,0,0,0,0,0,0,0,0,0,0,0,0,0,0,0,0,0,0,0,0,0,0,0,0,0,0,0,0,0,0,0,0,0,0,0,0,0
Book Value per Share,1.623,0.848,0.67,0.672,0.329,0.252,0.283,0.209,0.601,0.67,0.635,0.607,0.478,0.542,1.608,,1.608,1.623,1.602,0.998,0.915,0.848,0.808,0.639,0.643,0.67,0.71,0.717,0.697,0.672,0.682,0.683,0.363,0.329,0.232,0.242,0.253,0.252,0.281,0.283,0.321,0.283,0.317,0.158,0.19,0.209,0.562,0.582,0.636,0.601,0.59,0.598,0.629,0.67,0.637,0.628,0.632,0.635,0.641,0.691,0.697,0.607,0.567,0.52,0.581,0.478,0.701,0.629,0.499,0.542,0.565,0.165,8.362
Tangible Book per Share,1.623,0.848,0.67,0.672,0.329,0.252,0.283,0.209,0.601,0.67,0.635,0.607,0.478,0.542,1.608,,1.608,1.623,1.602,0.998,0.915,0.848,0.808,0.639,0.643,0.67,0.71,0.717,0.697,0.672,0.682,0.683,0.363,0.329,0.232,0.242,0.253,0.252,0.281,0.283,0.321,0.283,0.317,0.158,0.19,0.209,0.562,0.582,0.636,0.601,0.59,0.598,0.629,0.67,0.637,0.628,0.632,0.635,0.641,0.691,0.697,0.607,0.567,0.52,0.581,0.478,0.701,0.629,0.499,0.542,0.565,0.165,8.362
Total Debt per Share,0.005,0.004,0.001,0.001,0.139,0.223,0.207,0.504,0.061,0.065,0.046,0,0,0,0.004,,0.004,0.005,0.004,0.003,0.004,0.004,0.005,0.006,0.001,0.001,0.002,0.002,0.003,0.001,0.002,0.002,0.117,0.139,0.139,0.153,0.204,0.223,0.22,0.222,0.261,0.207,0.204,0.458,0.345,0.504,0.402,0.414,0.411,0.061,0.08,0.078,0.065,0.065,0.079,0.093,0.066,0.046,0,0,0,0,0,0,0,0,0,0,0,0,0,0,0
Month End Stock Price,9.55,3.85,1.95,1.91,1.64,0.56,0.48,0.84,0.98,1.12,1.06,2.16,1.72,0.58,8.53,,8.92,9.55,7.79,9.18,4.93,3.85,2.61,1.42,0.97,1.95,1.75,1.9,2.2,1.91,2.35,2.6,2.1,1.64,1.52,0.74,0.56,0.56,0.68,0.62,0.56,0.48,0.72,0.98,0.88,0.84,1.2,1.86,1.88,0.98,0.96,1.08,1.1,1.12,1.08,0.92,0.88,1.06,1.36,1.6,1.62,2.16,1.04,0.92,0.92,1.72,2.16,1.52,1.44,0.58,0.92,0,0
,,,,,,,,,,,,,,,,,,,,,,,,,,,,,,,,,,,,,,,,,,,,,,,,,,,,,,,,,,,,,,,,,,,,,,,,,
Ratios,,,,,,,,,,,,,,,,,,,,,,,,,,,,,,,,,,,,,,,,,,,,,,,,,,,,,,,,,,,,,,,,,,,,,,,,,
ROE %,-0.316,-4.45,-1.638,-10.051,-14.108,-37.978,-97.703,-123.915,-19.669,-16.426,-36.12,-32.014,-88.806,-18.932,-2.41,,-6.444,-3.776,3.88,-2.003,1.85,7.04,-15.612,-11.855,-4.661,-18.813,3.215,6.653,3.042,4.551,-4.814,-30.142,-9.928,-0.493,-21.682,-18.284,-26.149,-52.199,-15.461,-46.963,-16.107,-8.11,-245.876,-72.751,-109.058,-364.505,-30.618,-53.015,-5.183,-22.169,-14.933,-19.323,-24.077,-15.778,-14.01,-18.022,-27.364,-49.229,-18.496,-23.945,-49.912,-29.828,-36.851,-36.338,-33.533,-186.818,-17.738,-44.718,-32.425,-18.109,-32.531,-69.145,-18.497
ROE % Adjusted to Book Value,-0.05,-0.98,-0.56,-3.54,-2.83,-17.1,-57.67,-30.8,-12.07,-9.83,-21.62,-8.99,-24.69,-17.7,-0.48,,-1.16,-0.64,0.8,-0.22,0.34,1.55,-4.84,-5.33,-3.09,-6.46,1.3,2.51,0.96,1.6,-1.4,-7.91,-1.72,-0.1,-3.31,-5.97,-11.8,-23.5,-6.39,-21.46,-9.24,-4.79,-108.22,-11.7,-23.54,-90.61,-14.33,-16.58,-1.75,-13.61,-9.18,-10.7,-13.78,-9.44,-8.26,-12.3,-19.64,-29.47,-8.72,-10.34,-21.48,-8.38,-20.08,-20.56,-21.16,-51.94,-5.76,-18.5,-11.23,-16.93,-19.98,,
ROA %,-0.2631,-3.7569,-1.3815,-7.2162,-6.3721,-14.891,-30.228,-50.1877,-12.846,-12.8254,-31.0957,-29.0548,-79.6736,-18.4154,-2.09,,-5.3226,-3.1386,3.1722,-1.6258,1.5635,6.0951,-13.5199,-9.9117,-3.3144,-16.1842,2.8274,5.8046,2.6042,3.8561,-4.1052,-22.3368,-5.3674,-0.2317,-9.3224,-7.7384,-10.582,-21.7333,-6.8032,-20.5161,-6.6737,-3.3618,-77.5067,-14.6783,-24.2306,-127.9621,-13.5121,-23.1575,-2.5342,-12.4838,-8.5237,-12.058,-17.162,-11.7828,-9.8779,-13.0909,-21.971,-40.6005,-15.3718,-21.1012,-47.0026,-27.555,-31.5471,-30.5301,-29.0589,-169.2489,-17.0339,-43.2535,-31.3859,-17.662,-27.9313,-50.8423,-17.2275
Return-on-Tangible-Equity,-0.3164,-4.4496,-1.6379,-10.0508,-14.108,-37.9779,-97.7031,-123.9153,-19.6691,-16.4258,-36.1204,-32.0137,-88.8059,-18.9323,-2.54,,-6.4441,-3.7761,3.8799,-2.0035,1.8496,7.0395,-15.6125,-11.8553,-4.6614,-18.8128,3.2153,6.6532,3.0423,4.5506,-4.8139,-30.1422,-9.9283,-0.4932,-21.6818,-18.284,-26.1492,-52.1987,-15.4608,-46.9634,-16.1074,-8.1097,-245.8764,-72.7509,-109.0578,-364.5046,-30.6176,-53.0153,-5.1832,-22.169,-14.9334,-19.3227,-24.0775,-15.7784,-14.0103,-18.0215,-27.3637,-49.2293,-18.4959,-23.9451,-49.9117,-29.828,-36.8509,-36.338,-33.5335,-186.8175,-17.7382,-44.7176,-32.4254,-18.1088,-32.5315,-69.1451,-18.4971
Return-on-Tangible-Asset,-0.2631,-3.7569,-1.3815,-7.2162,-6.3721,-14.891,-30.228,-50.1877,-12.846,-12.8254,-31.0957,-29.0548,-79.6736,-18.4154,-2.09,,-5.3226,-3.1386,3.1722,-1.6258,1.5635,6.0951,-13.5199,-9.9117,-3.3144,-16.1842,2.8274,5.8046,2.6042,3.8561,-4.1052,-22.3368,-5.3674,-0.2317,-9.3224,-7.7384,-10.582,-21.7333,-6.8032,-20.5161,-6.6737,-3.3618,-77.5067,-14.6783,-24.2306,-127.9621,-13.5121,-23.1575,-2.5342,-12.4838,-8.5237,-12.058,-17.162,-11.7828,-9.8779,-13.0909,-21.971,-40.6005,-15.3718,-21.1012,-47.0026,-27.555,-31.5471,-30.5301,-29.0589,-169.2489,-17.0339,-43.2535,-31.3859,-17.662,-27.9313,-50.8423,-17.2275
ROC (Joel Greenblatt) %,11.99,-6.29,0.76,-11.29,-5.01,-13.45,-28.87,-52.37,-15.87,-17.88,-36.06,-31.45,-103.59,-34.95,4.06,,-9.44,5.27,12,12.96,23.41,25.76,-26.31,-22.49,-5.79,-20.61,8.7,10.71,5.01,8.18,-7.73,-31.41,-5.95,-2.17,-6.02,-3.94,-9.81,-28.14,-3.67,-20.74,-3.12,-13.82,-75.68,-3.29,-19.01,-160.87,-7.02,-21.79,-5.13,-19.43,-8.88,-11.23,-20.79,-22.05,-10.93,-13.92,-23.82,-45.78,-16.09,-23.92,-54.24,-27.8,-33.35,-35.69,-36.47,-208.25,-25.66,-64.86,-50.77,-41.52,-53.45,-68.73,-23.97
ROCE %,5.392,-3.345,0.467,-7.854,-4.794,-17.446,-44.276,-73.584,-19.514,-17.833,-34.126,-30.814,-84.32,-19.417,1.88,,-4.36,2.231,5.722,6.755,10.538,12.006,-14.202,-14.347,-3.639,-13.019,5.493,6.754,3.084,4.616,-4.008,-18.868,-4.826,-2.112,-6.371,-4.019,-10.141,-29.118,-3.79,-21.613,-3.991,-22.412,-121.688,-5.191,-27.879,-206.947,-8.253,-24.242,-6.238,-27.211,-12.126,-13.655,-22.327,-22.553,-10.928,-14.49,-24.444,-47.2,-18.28,-23.663,-49.071,-27.304,-36.189,-35.826,-33.01,-173.917,-17.741,-44.717,-32.407,-20.259,-32.531,-69.145,-18.497
ROIC %,2.72,-12.22,2.4,-10.94,-8.5,-7.69,-6.99,-10.83,-10.38,-12.79,-34.93,-31.76,-47.07,-34.92,-4.2,,-2.39,-16.34,4.98,2.68,10.21,27.47,-43.88,-22.25,-12.33,-24.47,3.43,7.58,3.82,-32.42,-27.78,-25.2,-4.44,1.51,-4.27,-7.61,-10.69,-13.77,-5.09,-8.73,-3.58,-10.71,-4.36,-5.71,-6.42,-12.99,-5.11,-14.77,-2.2,-8.51,-4.44,-8.71,-16.34,-8.51,-12.03,-13.9,-23.77,-39.61,-14.71,-21.98,-54.08,-34.51,-32.62,-35.21,-35.98,-43.53,-25.66,-64.88,-50.75,-41.5,-48.17,-59.59,-23.49
WACC %,11,9.39,0.35,2.2,4.87,13.2,9.64,11.92,3.54,3.49,-0.18,9.2,9.42,0,10.99,,11.8,11,10.65,10.57,10.08,9.39,10.66,9.58,1.23,0.35,0.55,0.53,1.37,2.2,1.03,6.53,5.29,4.87,9.21,8.18,11.04,13.2,11.53,11.25,9.57,9.64,9.34,10.41,11.61,11.92,10.86,8.22,6.19,3.54,8.43,7.62,5.86,3.49,3.66,5.92,6.46,-0.18,3.94,5.16,9.27,9.2,8.88,9.3,9.49,9.42,0,0,0,0,0,0,0
Effective Interest Rate on Debt %,0,79.76,128.09,5.89,5.94,10.74,10.26,13.5,0.66,5.73,0.58,,,,-48.78,,-122.89,0,-52.24,0,-53.24,598.83,-26.79,-96.19,410.16,-832.36,804.71,81.2,9.55,511.02,15.63,74.19,7.1,-14.51,17.65,9.76,5.52,-2.7,11.98,15.58,13.1,-30.76,13.64,25.42,17.56,-15.22,25.01,21.67,13.06,-51.56,21.82,24.08,4.88,4.98,5.99,3.19,4.52,2.33,,,,,,,,,,,,,,,
,,,,,,,,,,,,,,,,,,,,,,,,,,,,,,,,,,,,,,,,,,,,,,,,,,,,,,,,,,,,,,,,,,,,,,,,,
Gross Margin %,46.67,29.26,15.36,0,0,0,0,0,0,0,0,0,0,0,38.93,,24.02,42.26,39.3,50.15,53.6,47.5,13.27,-32.48,-8,-39.83,26.92,59,22.69,0,0,0,0,0,0,0,0,0,0,0,0,0,0,0,0,0,0,0,0,0,0,0,0,0,0,0,0,0,0,0,0,0,0,0,0,0,0,0,0,0,0,0,0
Operating Margin %,16.4713,-13.2605,-1.8418,0,0,0,0,0,0,0,0,0,0,0,8.29,,-3.4159,4.3738,12.1852,19.6293,28.1232,37.3751,-179.8055,-71.7295,-148.5714,-55.1863,16.0365,34.6844,12.6754,0,0,0,0,0,0,0,0,0,0,0,0,0,0,0,0,0,0,0,0,0,0,0,0,0,0,0,0,0,0,0,0,0,0,-17550,-14850,10533.3333,-15600,-13600,-13800,9400,-11600,0,0
Net Margin %,-0.895,-16.5232,-10.837,0,0,0,0,0,0,0,0,0,0,0,-7.97,,-23.5403,-15.5265,12.8593,-3.7982,3.5476,11.0317,-105.778,-54.6301,-70.4762,-98.7915,22.4902,46.4452,14.7557,0,0,0,0,0,0,0,0,0,0,0,0,0,0,0,0,0,0,0,0,0,0,0,0,0,0,0,0,0,0,0,0,0,0,-17550,-14800,53100,-15600,-13600,-13800,8400,-11600,0,0
EBITDA Margin %,25.7944,2.6984,29.6333,0,0,0,0,0,0,0,0,0,0,0,17.77,,-0.0437,21.6324,29.3437,22.0602,31.261,30.7814,-78.4325,-51.2494,-3.8095,-34.139,64.9935,62.4585,28.3986,0,0,0,0,0,0,0,0,0,0,0,0,0,0,0,0,0,0,0,0,0,0,0,0,0,0,0,0,0,0,0,0,0,0,-17450,-14750,49366.6667,-15300,-13500,-13600,9200,-11400,0,0
FCF Margin %,-7.9908,-18.7007,-41.9503,,,,,,,,,,,,-35.27,,-97.1516,-58.6168,-10.7988,23.8934,3.3603,7.2983,-92.9634,-65.8501,-59.0476,11.43,-47.3924,-66.3123,-52.3464,,,,,,,,,,,,,,,,,,,,,,,,,,,,,,,,,,,-44300,-30650,27300,-52800,-49900,-33100,10200,200,,
,,,,,,,,,,,,,,,,,,,,,,,,,,,,,,,,,,,,,,,,,,,,,,,,,,,,,,,,,,,,,,,,,,,,,,,,,
Debt-to-Equity,0.003,0.005,0.002,0.002,0.422,0.886,0.731,2.414,0.102,0.097,0.073,0,0,0,0.003,,0.003,0.003,0.002,0.003,0.004,0.005,0.006,0.009,0.002,0.002,0.002,0.003,0.004,0.002,0.002,0.003,0.323,0.422,0.6,0.634,0.809,0.886,0.782,0.783,0.814,0.731,0.643,2.905,1.817,2.414,0.716,0.712,0.647,0.102,0.136,0.131,0.103,0.097,0.124,0.148,0.105,0.073,0,0,0,0,0,0,0,0,0,0,0,0,0,0,0
Equity-to-Asset,0.824,0.847,0.841,0.846,0.502,0.393,0.391,0.227,0.568,0.763,0.817,0.94,0.848,0.973,0.827,,0.827,0.824,0.838,0.784,0.844,0.847,0.887,0.837,0.835,0.841,0.88,0.879,0.866,0.846,0.848,0.857,0.574,0.502,0.429,0.431,0.416,0.393,0.44,0.441,0.434,0.391,0.438,0.186,0.217,0.227,0.44,0.442,0.432,0.568,0.557,0.585,0.667,0.763,0.727,0.681,0.79,0.817,0.834,0.828,0.943,0.94,0.905,0.8,0.88,0.848,0.953,0.97,0.963,0.973,0.978,0.606,0.931
Debt-to-Asset,0.003,0.004,0.002,0,0,0,0,0,0,0,0,0,0,0,0.002,,0.002,0.003,0.002,0.002,0.003,0.004,0.006,0.008,0.001,0.002,0.002,0.003,0.004,0,0,0,0,0,0,0,0,0,0,0,0,0,0,0,0,0,0,0,0,0,0,0,0,0,0,0,0,0,0,0,0,0,0,0,0,0,0,0,0,0,0,0,0
Liabilities-to-Assets,0.13,0.14,0.15,0.15,0.5,0.61,0.61,0.77,0.43,0.24,0.18,0.06,0.15,0.03,0.13,,0.13,0.13,0.12,0.15,0.14,0.14,0.11,0.16,0.16,0.15,0.12,0.12,0.13,0.15,0.15,0.14,0.43,0.5,0.57,0.57,0.58,0.61,0.56,0.56,0.57,0.61,0.56,0.81,0.78,0.77,0.56,0.56,0.57,0.43,0.44,0.42,0.33,0.24,0.27,0.32,0.21,0.18,0.17,0.17,0.06,0.06,0.1,0.2,0.12,0.15,0.05,0.03,0.04,0.03,0.02,0.39,0.07
Gross-Profit-to-Asset %,13.72,6.652,1.958,0,0,0,0,0,-0.043,-0.022,-0.056,0,0,0,10.22,,5.431,8.542,9.696,21.465,23.623,26.245,1.696,-5.894,-0.376,-6.525,3.385,7.374,4.004,0,0,0,0,0,0,0,0,0,0,0,0,0,0,0,0,0,0,0,0,-0.029,-0.044,-0.046,-0.05,-0.018,-0.021,-0.027,-0.033,-0.192,0,0,0,0,0,0.174,0.196,-0.319,0.109,0.318,0.227,-0.21,0.241,0,0
,,,,,,,,,,,,,,,,,,,,,,,,,,,,,,,,,,,,,,,,,,,,,,,,,,,,,,,,,,,,,,,,,,,,,,,,,
Asset Turnover,0.294,0.227,0.127,0,0,0,0,0,0,0,0,0,0,0,0.26,,0.057,0.051,0.062,0.107,0.11,0.138,0.032,0.045,0.012,0.041,0.031,0.031,0.044,0,0,0,0,0,0,0,0,0,0,0,0,0,0,0,0,0,0,0,0,0,0,0,0,0,0,0,0,0,0,0,0,0,0,0,0,-0.001,0,0.001,0.001,-0.001,0.001,0,0
Dividend Payout Ratio,,,,,,,,,,,,,,,0,,,,0,,0,0,,,,,0,0,0,,,,,0,,,,,,,,,,,,,,,,,,,,,,,,,,,,,,,,,,,,,,,
,,,,,,,,,,,,,,,,,,,,,,,,,,,,,,,,,,,,,,,,,,,,,,,,,,,,,,,,,,,,,,,,,,,,,,,,,
Days Sales Outstanding,35.27,75.2,36.56,0,0,0,0,0,0,0,0,0,0,0,29.83,,28.15,25.06,28.47,29.94,43.69,26.8,58.71,32.05,124.34,51.01,30.73,1.4,0.84,0,0,0,0,0,0,0,0,0,0,0,0,0,0,0,0,0,0,0,0,0,0,0,0,0,0,0,0,0,0,0,0,0,0,1311.49,1642.5,0,2197.29,1791.17,4679.43,0,4423.61,0,0
Days Payable,190.77,170.68,256.85,,,,,,77558.72,53156.38,51611,,,,197.65,,198.22,255.52,199.75,141.77,134.53,80.31,208.8,127.02,591.78,110.76,253.26,501.29,202.39,,,,,,,,,,,,,,,,,,,,,118188.61,25701.37,19065.16,13996.86,177588.32,319283.75,0,66441.76,12902.75,,,,,,,,,,,,,,,
Days Inventory,60.87,75.17,122.8,,,,,,0,0,0,,,,58.54,,53.26,75.65,63.27,52.92,46.11,36.2,118.18,75.12,383.59,80.07,215,364.33,98.78,,,,,,,,,,,,,,,,,,,,,0,0,0,0,0,0,0,0,0,,,,,,,,,,,,,,,
Cash Conversion Cycle,-94.63,-20.31,-97.48,0,0,0,0,0,-77558.72,-53156.38,-51611,0,0,0,-109.28,,-116.81,-154.81,-108.02,-58.9,-44.73,-17.31,-31.91,-19.85,-83.85,20.32,-7.53,-135.56,-102.77,0,0,0,0,0,0,0,0,0,0,0,0,0,0,0,0,0,0,0,0,-118188.61,-25701.37,-19065.16,-13996.86,-177588.32,-319283.75,0,-66441.76,-12902.75,0,0,0,0,0,1311.49,1642.5,0,2197.29,1791.17,4679.43,0,4423.61,0,0
,,,,,,,,,,,,,,,,,,,,,,,,,,,,,,,,,,,,,,,,,,,,,,,,,,,,,,,,,,,,,,,,,,,,,,,,,
Inventory Turnover,6,4.86,2.97,0,0,0,0,0,,,,,,,6.23,,1.71,1.21,1.44,1.72,1.98,2.52,0.77,1.21,0.24,1.14,0.42,0.25,0.92,0,0,0,0,0,0,0,0,0,0,0,0,0,0,0,0,0,0,0,,,,,,,,,,,,,,,,,,,,,,,,,
COGS-to-Revenue,0.53,0.71,0.85,0,0,0,0,0,0,0,0,0,0,0,0.61,,0.76,0.58,0.61,0.5,0.46,0.52,0.87,1.32,1.08,1.4,0.73,0.41,0.77,0,0,0,0,0,0,0,0,0,0,0,0,0,0,0,0,0,0,0,0,0,0,0,0,0,0,0,0,0,0,0,0,0,0,0,0,0,0,0,0,0,0,0,0
Inventory-to-Revenue,0.089,0.146,0.285,,,,,,,,,,,,0.098,,0.443,0.479,0.421,0.289,0.234,0.208,1.123,1.091,4.54,1.227,1.722,1.637,0.837,,,,,,,,,,,,,,,,,,,,,,,,,,,,,,,,,,,0,0,,0,0,0,,0,,
Capex-to-Revenue,0.59,0.28,1.01,0,0,0,0,0,0,0,0,0,0,0,0.704,,0.89,0.8,0.87,0.32,0.46,0.29,0.17,0.22,0.77,0.44,0.49,0.52,1.81,0,0,0,0,0,0,0,0,0,0,0,0,0,0,0,0,0,0,0,0,0,0,0,0,0,0,0,0,0,0,0,0,0,0,459.5,170.5,0,475,369,233,0,-171,0,0
Capex-to-Operating-Income,3.59,0,0,0,0,0,0,0,0,0,0,0,0,0,8.495,,0,18.2,7.12,1.62,1.64,0.79,0,0,0,0,3.06,1.51,14.25,0,0,0,0,0,0,0,0,0,0,0,0,0,0,0,0,0,0,0,0,0,0,0,0,0,0,0,0,0,0,0,0,0,0,0,0,0,0,0,0,0,0,0,0
Capex-to-Operating-Cash-Flow,1.16,2.91,1.71,0,0,0,0,0,0,0,0,0,0,0,2.003,,0,3.79,1.14,0.57,0.93,0.8,0,0,4.3,0.79,28.96,0,1.41,14.86,0,0,0,0,0,0,0,0,0,0,0,0,14.8,0,0,0,0,0,0,0,0,8.63,0,0,0,0,0,0,0,0,0,0,0,27.85,0,0,0,0,0,0,0,0,0
,,,,,,,,,,,,,,,,,,,,,,,,,,,,,,,,,,,,,,,,,,,,,,,,,,,,,,,,,,,,,,,,,,,,,,,,,
Income Statement,,,,,,,,,,,,,,,,,,,,,,,,,,,,,,,,,,,,,,,,,,,,,,,,,,,,,,,,,,,,,,,,,,,,,,,,,
Revenue,43.907,17.706,8.008,0,0,0,0,0,0,0,0,0,0,0,43.9,,11.6,10.272,9.962,12.065,10.735,12.18,2.313,2.766,0.733,2.615,2.031,2,2.764,0,0,0,0,0,0,0,0,0,0,0,0,0,0,0,0,0,0,0,0,0,0,0,0,0,0,0,0,0,0,0,0,0,0,0.002,0.002,-0.003,0.001,0.002,0.001,-0.001,0.001,0,0
Cost of Goods Sold,23.414,12.526,6.778,0,0,0,0,0,0.012,0.004,0.005,0,0,0,26.81,,8.814,5.932,6.047,6.015,4.981,6.394,2.006,3.664,0.792,3.657,1.484,0.82,2.138,0,0,0,0,0,0,0,0,0,0,0,0,0,0,0,0,0,0,0,0,0.002,0.003,0.003,0.003,0.001,0.001,0.001,0.001,0.005,0,0,0,0,0,0,0,0,0,0,0,0,0,0,0
Gross Profit,20.493,5.18,1.23,0,0,0,0,0,-0.012,-0.004,-0.005,0,0,0,17.09,,2.786,4.34,3.915,6.05,5.754,5.786,0.307,-0.898,-0.059,-1.042,0.547,1.18,0.627,0,0,0,0,0,0,0,0,0,0,0,0,0,0,0,0,0,0,0,0,-0.002,-0.003,-0.003,-0.003,-0.001,-0.001,-0.001,-0.001,-0.005,0,0,0,0,0,0.002,0.002,-0.003,0.001,0.002,0.001,-0.001,0.001,0,0
Gross Margin %,46.67,29.26,15.36,0,0,0,0,0,0,0,0,0,0,0,38.93,,24.02,42.26,39.3,50.15,53.6,47.5,13.27,-32.48,-8,-39.83,26.92,59,22.69,0,0,0,0,0,0,0,0,0,0,0,0,0,0,0,0,0,0,0,0,0,0,0,0,0,0,0,0,0,0,0,0,0,0,0,0,0,0,0,0,0,0,0,0
,,,,,,,,,,,,,,,,,,,,,,,,,,,,,,,,,,,,,,,,,,,,,,,,,,,,,,,,,,,,,,,,,,,,,,,,,
"Selling, General, & Admin. Expense",12.276,7.347,1.055,2.796,1.531,1.681,1.39,2.624,2.571,2.236,2.47,1.324,0.817,0.411,12.18,,2.809,3.127,2.625,3.613,2.665,1.181,4.391,1.03,1.026,0.319,0.138,0.334,0.27,0.232,0.48,1.733,0.285,0.365,0.262,0.366,0.513,0.406,0.353,0.634,0.272,0.185,0.31,0.401,0.461,0.311,0.471,1.303,0.48,0.485,0.43,0.616,0.972,0.607,0.474,0.484,0.661,0.92,0.391,0.473,0.689,0.376,0.397,0.272,0.242,0.279,0.156,0.246,0.168,0.151,0.101,0.119,0.033
Research & Development,0,0,0,0,0,0,0,0,0,0,0,0.244,0.137,0,0,,0,0,0,0,0,0,0,0,0,0,0,0,0,0,0,0,0,0,0,0,0,0,0,0,0,0,0,0,0,0,0,0,0,0,0,0,0,0,0,0,0,0,0,0,0,0,0,0,0.06,0.04,0.011,0.057,0,0,0,0,0
Other Operating Expense,0.984,0.181,0.323,0.482,0.347,0.451,0.669,0.805,0.362,0,0.314,-0.131,0.026,0.025,1.28,,0.373,0.764,0.076,0.068,0.07,0.053,0.074,0.056,0.004,0.083,0.083,0.153,0.007,0.482,0,0,0.006,0.341,0.004,0.007,0.115,0.451,0,0,0,0.669,0,0,0,0.805,0,0,0,0.363,0,-0.001,0,0,0,0,0,0.082,0.007,0.03,0.213,0.108,0.001,0.094,0.003,0.011,0.003,0.006,0.008,-0.036,0.023,0,0
Total Operating Expense,13.261,7.528,1.377,3.278,1.878,2.132,2.06,3.428,2.933,2.236,2.784,1.437,0.98,0.435,13.46,,3.183,3.891,2.701,3.682,2.735,1.234,4.465,1.086,1.03,0.402,0.221,0.486,0.277,0.715,0.48,1.733,0.291,0.706,0.265,0.372,0.628,0.856,0.353,0.634,0.272,0.854,0.31,0.401,0.461,1.116,0.471,1.303,0.48,0.848,0.43,0.615,0.972,0.607,0.474,0.484,0.661,1.002,0.398,0.503,0.902,0.484,0.398,0.366,0.306,0.33,0.17,0.309,0.176,0.115,0.124,0.119,0.033
Operating Income,7.232,-2.348,-0.147,-3.278,-1.878,-2.132,-2.06,-3.428,-2.945,-2.24,-2.789,-1.437,-0.98,-0.435,3.64,,-0.396,0.449,1.214,2.368,3.019,4.552,-4.158,-1.984,-1.089,-1.443,0.326,0.694,0.35,-0.715,-0.48,-1.733,-0.291,-0.706,-0.265,-0.372,-0.628,-0.856,-0.353,-0.634,-0.272,-0.854,-0.31,-0.401,-0.461,-1.116,-0.471,-1.303,-0.48,-0.85,-0.433,-0.618,-0.975,-0.608,-0.475,-0.485,-0.662,-1.007,-0.398,-0.503,-0.902,-0.484,-0.398,-0.364,-0.304,-0.333,-0.169,-0.306,-0.175,-0.116,-0.123,-0.119,-0.032
Operating Margin %,16.4713,-13.2605,-1.8418,0,0,0,0,0,0,0,0,0,0,0,8.29,,-3.4159,4.3738,12.1852,19.6293,28.1232,37.3751,-179.8055,-71.7295,-148.5714,-55.1863,16.0365,34.6844,12.6754,0,0,0,0,0,0,0,0,0,0,0,0,0,0,0,0,0,0,0,0,0,0,0,0,0,0,0,0,0,0,0,0,0,0,-17550,-14850,10533.3333,-15600,-13600,-13800,9400,-11600,0,0
,,,,,,,,,,,,,,,,,,,,,,,,,,,,,,,,,,,,,,,,,,,,,,,,,,,,,,,,,,,,,,,,,,,,,,,,,
  Interest Income,0.207,0.091,0.529,0.262,0.061,0,0,0,0,0,0,0.001,0.002,0.012,0.05,,0,0,0,0.054,0.054,0.041,0.07,0.408,0.133,0.021,0.389,0.09,0.031,0,0,0,0,0.074,0,0.011,0,0,0,0,0,0,0,0,0,0,0,0,0,0,0,0,0,0,0,0,0,0,0,0,0,0.001,0,0,0,0.001,0,0,0.001,0.011,0.001,0,0
  Interest Expense,0,-0.202,-0.128,-0.234,-0.563,-1.034,-1.209,-1.162,-0.012,-0.07,-0.004,0,-0.002,0,0.2,,0.153,0,0.046,0,0.05,-0.655,0.032,0.068,-0.096,0.252,-0.334,-0.044,-0.004,-0.138,-0.005,-0.745,-0.14,0.278,-0.344,-0.23,-0.151,0.075,-0.321,-0.442,-0.333,0.62,-0.385,-0.812,-0.58,0.528,-0.763,-0.65,-0.223,0.255,-0.118,-0.118,-0.022,-0.022,-0.026,-0.011,-0.01,-0.004,0,0,0,0.007,-0.002,0,0,-0.004,0,0,0,0,0,0,0
Net Interest Income,0.207,0.091,0.402,-0.673,-0.503,-1.072,-1.469,-1.5,-0.012,-0.07,-0.004,0.001,-0.002,0.012,0.31,,0.153,0.054,0.046,0.054,0.05,-0.36,0.032,0.408,0.038,0.273,0.056,0.047,0.027,0.328,-0.085,-0.745,-0.14,0.352,-0.344,-0.218,-0.151,0.036,-0.321,-0.442,-0.333,0.361,-0.385,-0.812,-0.58,0.19,-0.763,-0.65,-0.223,0.255,-0.118,-0.118,-0.022,-0.022,-0.026,-0.011,-0.01,-0.004,0,0,0,0.007,-0.001,0,0,-0.003,0,0,0.001,0.011,0.001,0,0
Other Income (Expense),-0.89,1.178,-0.12,0.372,0.575,-1.114,-4.691,-10.26,-0.927,-0.311,-0.069,0.002,-1.229,-0.001,-1.76,,-1.593,-0.319,0.865,-0.712,-0.685,-0.926,1.778,-0.028,0.447,-0.437,0.086,0.185,0.051,0.898,-0.003,-0.41,-0.097,0.495,-0.093,0.129,0.044,-0.736,0.144,-0.592,0.079,0.244,-4.333,0.206,-0.656,-9.856,-0.09,-0.393,0.089,-0.564,-0.175,-0.073,-0.103,-0.356,0.044,0,0,-0.085,0.017,0,0.902,0.094,-0.005,0,0.001,0.336,0.169,0.306,0.173,0.105,0.122,0.119,0.032
Pretax Income,6.55,-1.079,0.134,-3.579,-1.807,-4.318,-8.22,-15.189,-3.883,-2.621,-2.862,-1.434,-2.211,-0.424,2.18,,-1.836,0.184,2.125,1.71,2.384,3.266,-2.348,-1.605,-0.604,-1.608,0.467,0.925,0.428,0.511,-0.567,-2.888,-0.528,0.142,-0.702,-0.461,-0.735,-1.557,-0.53,-1.668,-0.526,-0.25,-5.028,-1.007,-1.697,-10.782,-1.325,-2.346,-0.614,-1.159,-0.726,-0.809,-1.1,-0.986,-0.458,-0.497,-0.672,-1.096,-0.381,-0.503,0,-0.383,-0.404,-0.364,-0.303,0,0,0,0,0,0,0,0
Tax Provision,-4.922,-1.201,-0.894,0,-0.389,-0.177,-0.335,0.43,0.397,0.351,0.014,-0.032,-0.115,0,-4.12,,-0.648,-1.574,-0.494,-1.403,-1.354,-1.171,-0.013,-0.014,-0.004,-0.868,-0.011,0.004,-0.02,0.093,-0.07,-0.013,-0.006,-0.161,0.018,-0.134,-0.11,-0.177,0,0,0,0.011,-0.334,0,0,0.021,0.015,0,0.383,0.23,0.121,0,0.041,0.351,0,0,0,0,0,0,0,0,0,0,0,0,0,0,0,0,0,0,0
Tax Rate %,75.14,-111.4,665.69,0,-21.55,-4.11,-4.07,2.83,10.22,13.41,0.5,-2.25,-5.2,0,188.99,,-35.31,854.17,23.26,82.06,56.77,35.84,-0.56,-0.84,-0.69,-53.97,2.27,-0.43,4.69,-18.16,-12.41,-0.45,-1.23,113.51,2.62,-29.11,-14.94,-11.4,0,0,0,4.4,-6.65,0,0,0.19,1.16,0,62.39,19.83,16.67,0,3.72,35.64,0,0,0,0,0,0,,0,0,0,0,,,,,,,,
Net Income (Continuing Operations),1.628,-2.28,-0.76,-3.579,-2.196,-4.495,-8.554,-14.759,-3.486,-2.27,-2.847,-1.466,-2.326,-0.424,-1.94,,-2.484,-1.39,1.632,0.307,1.031,2.094,-2.362,-1.618,-0.609,-2.476,0.457,0.929,0.408,0.603,-0.637,-2.901,-0.534,-0.019,-0.684,-0.596,-0.846,-1.734,-0.53,-1.668,-0.526,-0.239,-5.362,-1.007,-1.697,-10.762,-1.309,-2.346,-0.232,-0.929,-0.605,-0.809,-1.059,-0.634,-0.458,-0.497,-0.672,-1.082,-0.381,-0.503,-0.902,-0.415,-0.404,-0.364,-0.303,-1.679,-0.169,-0.306,-0.175,-0.104,-0.123,-0.119,-0.032
Net Income (Discontinued Operations),0,0,0,0,0,0,0,0,0,0,0,0,0,0,0,,0,0,0,0,0,0,0,0,0,0,0,0,0,0,0,0,0,0,0,0,0,0,0,0,0,0,0,0,0,0,0,0,0,0,0,0,0,0,0,0,0,0,0,0,0,0,0,0,0,0,0,0,0,0,0,0,0
  Other Income (Minority Interest),-2.021,-0.647,-0.109,0,0,0,0,0,0,0,0,0,0,0,-1.57,,-0.247,-0.205,-0.351,-0.765,-0.649,-0.751,-0.085,0.107,0.092,0,0,0,0,0,0,0,0,0,0,0,0,0,0,0,0,0,0,0,0,0,0,0,0,0,0,0,0,0,0,0,0,0,0,0,0,0,0,0,0,0,0,0,0,0,0,0,0
Net Income,-0.393,-2.926,-0.868,-3.579,-2.196,-4.495,-8.554,-14.759,-3.486,-2.27,-2.847,-1.466,-2.326,-0.424,-3.5,,-2.731,-1.595,1.281,-0.458,0.381,1.344,-2.446,-1.511,-0.517,-2.584,0.457,0.929,0.408,0.603,-0.637,-2.901,-0.534,-0.019,-0.684,-0.596,-0.846,-1.734,-0.53,-1.668,-0.526,-0.239,-5.362,-1.007,-1.697,-10.762,-1.309,-2.346,-0.232,-0.929,-0.605,-0.809,-1.059,-0.634,-0.458,-0.497,-0.672,-1.082,-0.381,-0.503,-0.902,-0.415,-0.404,-0.364,-0.303,-1.679,-0.169,-0.306,-0.175,-0.104,-0.123,-0.119,-0.032
Net Margin %,-0.895,-16.5232,-10.837,0,0,0,0,0,0,0,0,0,0,0,-7.97,,-23.5403,-15.5265,12.8593,-3.7982,3.5476,11.0317,-105.778,-54.6301,-70.4762,-98.7915,22.4902,46.4452,14.7557,0,0,0,0,0,0,0,0,0,0,0,0,0,0,0,0,0,0,0,0,0,0,0,0,0,0,0,0,0,0,0,0,0,0,-17550,-14800,53100,-15600,-13600,-13800,8400,-11600,0,0
,,,,,,,,,,,,,,,,,,,,,,,,,,,,,,,,,,,,,,,,,,,,,,,,,,,,,,,,,,,,,,,,,,,,,,,,,
Preferred Dividends,0,0,0,0,0,0,0,0,0,0,0,0,0,0,0,,0,0,0,0,0,0,0,0,0,0,0,0,0,0,0,0,0,0,0,0,0,0,0,0,0,0,0,0,0,0,0,0,0,0,0,0,0,0,0,0,0,0,0,0,0,0,0,0,0,0,0,0,0,0,0,0,0
EPS (Basic),-0.004,-0.035,-0.009,-0.054,-0.041,-0.079,-0.277,-0.517,-0.12,-0.119,-0.241,-0.202,-0.443,-0.162,-0.05,,-0.026,-0.036,0.014,-0.005,0.004,0.019,-0.028,-0.019,-0.007,-0.03,0.005,0.012,0.005,0,-0.013,-0.039,-0.013,0.001,-0.01,-0.01,-0.02,-0.039,-0.011,-0.04,-0.013,-0.032,-0.158,-0.04,-0.04,-0.393,-0.039,-0.081,-0.04,-0.037,-0.04,-0.039,-0.04,-0.039,-0.04,-0.04,-0.04,-0.083,-0.039,-0.04,-0.08,-0.045,-0.04,-0.039,-0.04,-0.324,-0.04,-0.078,-0.04,-0.025,-0.04,-0.08,-0.39
EPS (Diluted),-0.004,-0.035,-0.009,-0.054,-0.041,-0.079,-0.277,-0.517,-0.12,-0.119,-0.241,-0.202,-0.443,-0.162,-0.05,,-0.026,-0.036,0.014,-0.005,0.004,0.019,-0.028,-0.019,-0.007,-0.03,0.005,0.012,0.005,0,-0.013,-0.039,-0.013,0.001,-0.01,-0.01,-0.02,-0.039,-0.011,-0.04,-0.013,-0.032,-0.158,-0.04,-0.04,-0.393,-0.039,-0.081,-0.04,-0.037,-0.04,-0.039,-0.04,-0.039,-0.04,-0.04,-0.04,-0.083,-0.039,-0.04,-0.08,-0.045,-0.04,-0.039,-0.04,-0.324,-0.04,-0.078,-0.04,-0.025,-0.04,-0.08,-0.39
Shares Outstanding (Diluted Average),102.985,83.691,79.603,73.131,52.741,46.727,34.299,29.557,27.204,19.365,12.194,8.056,5.473,2.646,104.971,,104.971,110.79,99.06,97.842,98.872,92.275,83.311,79.568,79.549,79.536,79.626,78.589,79.448,78.414,77.684,75.394,61.126,53.844,52.893,51.164,51.164,50.04,49.667,46.81,39.801,39.271,35.269,31.851,30.758,30.663,29.539,29.062,28.962,27.273,27.272,27.272,26.996,23.761,20.882,17.261,15.524,14.183,12.309,11.974,10.535,9.731,8.179,7.282,7.014,7.443,5.849,4.446,4.136,4.135,4.058,1.973,0.083
,,,,,,,,,,,,,,,,,,,,,,,,,,,,,,,,,,,,,,,,,,,,,,,,,,,,,,,,,,,,,,,,,,,,,,,,,
EBIT,7.232,-2.348,0.262,-3.346,-1.244,-3.284,-7.01,-14.026,-3.872,-2.552,-2.858,-1.434,-2.209,-0.435,2.82,,-1.989,1.019,2.079,1.71,2.334,2.448,-2.38,-1.984,-0.508,-1.859,0.801,0.969,0.432,0.649,-0.562,-2.142,-0.389,-0.135,-0.357,-0.233,-0.584,-1.631,-0.208,-1.228,-0.193,-0.869,-4.643,-0.194,-1.115,-11.311,-0.562,-1.696,-0.391,-1.414,-0.608,-0.691,-1.078,-0.964,-0.431,-0.485,-0.662,-1.092,-0.381,-0.503,-0.902,-0.389,-0.402,-0.364,-0.303,-1.563,-0.169,-0.306,-0.175,-0.116,-0.123,-0.119,-0.032
"Depreciation, Depletion and Amortization",4.093,2.826,2.11,0,0,0,0,0,0.012,0.004,0.005,0.007,0.009,0.005,4.98,,1.984,1.203,0.844,0.952,1.022,1.301,0.566,0.566,0.482,0.967,0.519,0.28,0.354,0,0,0,0,0,0,0,0,0,0,0,0,0,0,0,0,0,0,0,0,0.002,0.003,0.003,0.003,0.001,0.001,0.001,0.001,0.001,0.001,0.001,0.001,0.002,0.002,0.001,0.002,0.002,0.003,0.002,0.003,0,0,0,0
EBITDA,11.325,0.478,2.373,-3.346,-1.244,-3.284,-7.01,-14.026,-3.86,-2.548,-2.851,-1.426,-2.199,-0.432,7.8,,-0.005,2.222,2.923,2.662,3.356,3.749,-1.814,-1.418,-0.028,-0.893,1.32,1.249,0.785,0.649,-0.562,-2.142,-0.389,-0.135,-0.357,-0.233,-0.584,-1.631,-0.208,-1.228,-0.193,-0.869,-4.643,-0.194,-1.115,-11.311,-0.562,-1.696,-0.391,-1.411,-0.606,-0.688,-1.076,-0.963,-0.43,-0.484,-0.661,-1.09,-0.38,-0.501,-0.9,-0.388,-0.401,-0.362,-0.302,-1.561,-0.165,-0.304,-0.172,-0.114,-0.121,-0.119,-0.032
EBITDA Margin %,25.7944,2.6984,29.6333,0,0,0,0,0,0,0,0,0,0,0,17.77,,-0.0437,21.6324,29.3437,22.0602,31.261,30.7814,-78.4325,-51.2494,-3.8095,-34.139,64.9935,62.4585,28.3986,0,0,0,0,0,0,0,0,0,0,0,0,0,0,0,0,0,0,0,0,0,0,0,0,0,0,0,0,0,0,0,0,0,0,-17450,-14750,49366.6667,-15300,-13500,-13600,9200,-11400,0,0
,,,,,,,,,,,,,,,,,,,,,,,,,,,,,,,,,,,,,,,,,,,,,,,,,,,,,,,,,,,,,,,,,,,,,,,,,
Balance Sheet,,,,,,,,,,,,,,,,,,,,,,,,,,,,,,,,,,,,,,,,,,,,,,,,,,,,,,,,,,,,,,,,,,,,,,,,,
  Cash and Cash Equivalents,104.532,39.11,21.888,25.528,7.175,4.235,0.372,2.124,0.157,2.774,1.91,0.354,0.407,0.996,93.792,,93.792,104.532,108.103,41.654,36.514,39.11,39.736,19.53,20.704,21.888,21.303,22.87,22.888,25.528,28.495,28.636,11.416,7.175,1.796,2.202,4.76,4.235,5.853,4.706,7.774,0.372,0.439,0.88,2.14,2.124,4.434,5.595,9.799,0.157,0.031,0.506,0.689,2.774,1.195,1.975,0.136,1.91,0.135,0.578,1.468,0.354,0.334,0.139,1.095,0.407,1.394,1.202,0.568,0.996,1.351,0.023,0.19
  Marketable Securities,0,0,0,0,0,0,0.051,0.112,0.176,1.723,0,0,0,0,0,,0,0,0,0,0,0,0,0,0,0,0,0,0,0,0,0,0,0,0,0,0,0,0,0,0.04,0.051,0.061,0.049,0.074,0.112,0.206,0.235,0.184,0.176,0.317,0.502,1.12,1.723,1.708,0,0,0,0,0,0,0,0,0,0,0,0,0,0,0,0,0,0
"Cash, Cash Equivalents, Marketable Securities",104.532,39.11,21.888,25.528,7.175,4.235,0.424,2.236,0.333,4.498,1.91,0.354,0.407,0.996,93.792,,93.792,104.532,108.103,41.654,36.514,39.11,39.736,19.53,20.704,21.888,21.303,22.87,22.888,25.528,28.495,28.636,11.416,7.175,1.796,2.202,4.76,4.235,5.853,4.706,7.814,0.424,0.501,0.93,2.214,2.236,4.64,5.83,9.983,0.333,0.349,1.009,1.809,4.498,2.904,1.975,0.136,1.91,0.135,0.578,1.468,0.354,0.334,0.139,1.095,0.407,1.394,1.202,0.568,0.996,1.351,0.023,0.19
  Accounts Receivable,2.775,5.71,1.586,0.019,0.017,0,0,0,0,0,0,0,0,0.073,4.382,,4.382,2.775,2.867,3.348,4.57,5.71,1.445,1.531,0.412,1.586,1.339,0.029,0.032,0.019,0.103,0.022,0.038,0.017,0,0,0,0,0,0,0,0,0,0,0,0,0,0,0,0,0,0,0,0,0,0,0,0,0.043,0,0.063,0,0.046,0.023,0.037,0,0.021,0.032,0.057,0.073,0.05,0.053,0.01
  Notes Receivable,0,0,0,0,0,0,0,0,0,0,0,0,0,0,0,,0,0,0,0,0,0,0,0,0,0,0,0,0,0,0,0,0,0,0,0,0,0,0,0,0,0,0,0,0,0,0,0,0,0,0,0,0,0,0,0,0,0,0,0,0,0,0,0,0,0,0,0,0,0,0,0,0
  Loans Receivable,0,0,0,0,0,0,0,0,0,0,0,0,0,0,,,0,0,0,0,0,0,0,0,0,0,0,0,0,0,0,0,0,0,0,0,0,0,0,0,0,0,0,0,0,0,0,0,0,0,0,0,0,0,0,0,0,0,0,0,0,0,0,0,0,0,0,0,0,0,0,0,0
  Other Current Receivables,8.79,8.015,2.809,1.322,1.618,0.992,0.86,0.417,0.038,0.083,0.045,0.027,0.034,0.073,11.303,,11.303,8.79,7.932,6.816,7.032,8.015,2.817,2.698,1.494,2.809,2.659,1.29,1.079,1.322,2.106,2.038,1.843,1.618,1.162,1.34,1.477,0.992,0.978,0.972,0.921,0.86,0.789,0.601,0.502,0.417,0.458,0.258,1.31,0.038,0.031,0.065,0.041,0.083,0.33,0.106,0.045,0.045,0.043,0.044,0.063,0.027,0.046,0.023,0.037,0.034,0.021,0.032,0.057,0.073,0.05,0.053,0.01
Total Receivables,8.79,8.015,2.809,1.322,1.618,0.992,0.86,0.417,0.038,0.083,0.045,0.027,0.034,0.073,11.303,,11.303,8.79,7.932,6.816,7.032,8.015,2.817,2.698,1.494,2.809,2.659,1.29,1.079,1.322,2.106,2.038,1.843,1.618,1.162,1.34,1.477,0.992,0.978,0.972,0.921,0.86,0.789,0.601,0.502,0.417,0.458,0.258,1.31,0.038,0.031,0.065,0.041,0.083,0.33,0.106,0.045,0.045,0.043,0.044,0.063,0.027,0.046,0.023,0.037,0.034,0.021,0.032,0.057,0.073,0.05,0.053,0.01
"  Inventories, Raw Materials & Components",4.476,1.748,1.561,1.61,2.066,1.933,1.684,1.047,0,0,0,0,0,0,4.158,,4.158,4.476,3.734,3.26,2.218,1.748,2.137,1.843,3.704,1.561,0,0,0,1.61,0,0,0,2.066,0,0,0,1.933,0,0,0,1.684,0,0,0,1.047,0.662,0,0,0,0,0,0,0,0,0,0,0,0,0,0,0,0,0,0,0,0,0,0,0,0,0,0
"  Inventories, Work In Process",0,0,0,0,0,0,0,0,0,0,0,0,0,0,0,,0,0,0,0,0,0,0,0,0,0,0,0,0,0,0,0,0,0,0,0,0,0,0,0,0,0,0,0,0,0,0,0,0,0,0,0,0,0,0,0,0,0,0,0,0,0,0,0,0,0,0,0,0,0,0,0,0
"  Inventories, Inventories Adjustments",0,0,0,0,0,0,0,0,0,0,0,0,0,0,,,0,0,0,0,0,0,0,0,0,0,0,0,0,0,0,0,0,0,0,0,0,0,0,0,0,0,0,0,0,0,0,0,0,0,0,0,0,0,0,0,0,0,0,0,0,0,0,0,0,0,0,0,0,0,0,0,0
"  Inventories, Finished Goods",1.125,0.46,1.392,0,0,0,0,0,0,0,0,0,0,0,0.529,,0.529,1.125,0.498,0.891,0.607,0.46,0.729,0.485,0,1.392,0,0,0,0,0,0,0,0,0,0,0,0,0,0,0,0,0,0,0,0,0,0,0,0,0,0,0,0,0,0,0,0,0,0,0,0,0,0,0,0,0,0,0,0,0,0,0
"  Inventories, Other",0,0,-0.001,0,0,0,0,0,0,0,0,0,0,0,0,,0,0,0.001,0,0,0,0,0.001,0,-0.001,3.466,3.528,3.019,0,1.937,2.113,2.54,0,1.879,1.827,1.701,0,1.996,1.354,1.008,0,1.041,0.924,0.974,0,0,0.355,0,0,0,0,0,0,0,0,0,0,0,0,0,0,0,0,0,0,0,0,0,0,0,0,0
Total Inventories,5.601,2.208,2.951,1.61,2.066,1.933,1.684,1.047,0,0,0,0,0,0,4.687,,4.687,5.601,4.233,4.151,2.826,2.208,2.866,2.33,3.704,2.951,3.466,3.528,3.019,1.61,1.937,2.113,2.54,2.066,1.879,1.827,1.701,1.933,1.996,1.354,1.008,1.684,1.041,0.924,0.974,1.047,0.662,0.355,0,0,0,0,0,0,0,0,0,0,0,0,0,0,0,0,0,0,0,0,0,0,0,0,0
Other Current Assets,1.22,0.47,0.05,0.12,0.03,0.36,0.34,0.63,0.05,0.24,0.03,0.06,0.07,0.02,1.69,,1.69,1.22,0.8,0.42,0.31,0.47,0.13,0.06,0.07,0.05,0.1,0.07,0.05,0.12,0.13,0.16,0.1,0.03,0.09,0.26,0.29,0.36,0.4,0.36,0.37,0.34,0.51,0.56,0.58,0.63,0.44,0.42,0.17,0.05,0.25,0.26,0.27,0.24,0.01,0.13,0.02,0.03,0.03,0.02,0.04,0.06,0.02,0.04,0.05,0.07,0,0.02,0.02,0.02,0,0,0
Total Current Assets,120.146,49.8,27.702,28.578,10.889,7.523,3.309,4.329,0.423,4.819,1.988,0.439,0.515,1.086,111.475,,111.475,120.146,121.066,53.04,46.684,49.8,45.548,24.616,25.968,27.702,27.527,27.761,27.033,28.578,32.663,32.949,15.9,10.889,4.931,5.628,8.23,7.523,9.229,7.388,10.107,3.309,2.847,3.013,4.267,4.329,6.201,6.861,11.466,0.423,0.633,1.329,2.119,4.819,3.239,2.213,0.201,1.988,0.207,0.638,1.571,0.439,0.402,0.2,1.179,0.515,1.415,1.249,0.64,1.086,1.401,0.076,0.199
Investments And Advances,0,0,0,0,0,0,0,0,0,0,0,0.02,0,0,0,,0,0,0,0,10.41,0,0,0,0,0,0,0,0,0,0,0,0,0,0,0,0,0,0,0,0,0,0,0,0,0,0,0,0,0,0,0,0,0,0.021,0.021,0.02,0,0.019,0.021,0.021,0.02,0,0,0,0,0,0,0,0,0,0,0
    Land And Improvements,0,0,0,0,0,0,0,0,0,0,0,0,0,0,0,,0,0,0,0,0,0,0,0,0,0,0,0,0,0,0,0,0,0,0,0,0,0,0,0,0,0,0,0,0,0,0,0,0,0,0,0,0,0,0,0,0,0,0,0,0,0,0,0,0,0,0,0,0,0,0,0,0
    Buildings And Improvements,0,0,0,0,0,0,0,0,0,0,0,0,0,0,0,,0,0,0,0,0,0,0,0,0,0,0,0,0,0,0,0,0,0,0,0,0,0,0,0,0,0,0,0,0,0,0,0,0,0,0,0,0,0,0,0,0,0,0,0,0,0,0,0,0,0,0,0,0,0,0,0,0
"    Machinery, Furniture, Equipment",0,0.708,0.28,0,0.028,0.065,0.066,0.149,0.151,0.142,0.154,0.153,0.345,0.046,0,,0,0,0,0,0,0.708,0.3,0.291,0.283,0.28,0.291,0.294,0.287,0,0.027,0.028,0.027,0.028,0.065,0.068,0.067,0.065,0.066,0.066,0.067,0.066,0.065,0.066,0.148,0.149,0.148,0.153,0.154,0.151,0.147,0.142,0.143,0.142,0.598,0.611,0.142,0.154,0.519,0.542,0.622,0.153,0.513,0.5,0.294,0.345,0.048,0.037,0.044,0.046,0.031,0,0
    Construction In Progress,14.282,1.714,0.371,0,0,0,0,0,0,0,0,0,0,0,16.445,,16.445,14.282,4.316,1.859,2.393,1.714,0.503,0.604,0.497,0.371,0,0,0,0,0,0,0,0,0,0,0,0,0,0,0,0,0,0,0,0,0,0,0,0,0,0,0,0,0,0,0,0,0,0,0,0,0,0,0,0,0,0,0,0,0,0,0
    Other Gross PPE,75.779,41.55,36.781,33.418,26.295,24.257,25.438,24.015,30.441,18.967,9.838,6.081,2.673,1.177,81.177,,81.177,75.779,76.834,70.063,44.276,41.55,39.742,38.005,36.683,36.781,37.213,37.128,35.675,33.418,30.48,28.508,26.917,26.295,24.371,23.964,24.197,24.257,22.987,23.327,24.898,25.438,25.732,24.212,23.858,24.015,33.151,31.762,31.388,30.441,28.5,26.798,22.888,18.967,15.872,15.068,12.594,9.838,9.023,9.255,6.75,6.081,4.691,4.113,3.374,2.673,2.948,2.246,1.466,1.177,0.96,0.849,0.536
"  Gross Property, Plant and Equipment",90.061,43.972,37.433,33.418,26.323,24.322,25.503,24.164,30.592,19.108,9.991,6.234,3.018,1.223,97.623,,97.623,90.061,81.15,71.922,46.669,43.972,40.545,38.901,37.463,37.433,37.504,37.422,35.963,33.418,30.507,28.535,26.945,26.323,24.436,24.032,24.264,24.322,23.053,23.392,24.965,25.503,25.797,24.277,24.006,24.164,33.298,31.915,31.543,30.592,28.647,26.94,23.032,19.108,16.47,15.679,12.737,9.991,9.542,9.797,7.372,6.234,5.204,4.613,3.667,3.018,2.996,2.283,1.51,1.223,0.99,0.849,0.536
  Accumulated Depreciation,-8.756,-5.043,-2.114,0,-0.47,-0.498,-0.496,-0.61,-0.584,-0.312,-0.242,-0.136,0,-0.005,-10.294,,-10.294,-8.756,-7.719,-6.789,-6.254,-5.043,-3.859,-3.217,-2.588,-2.114,-0.642,-0.645,-0.352,0,-0.467,-0.462,-0.464,-0.47,-0.497,-0.513,-0.503,-0.498,-0.501,-0.5,-0.512,-0.496,-0.496,-0.5,-0.611,-0.61,-0.607,-0.597,-0.592,-0.584,-0.425,-0.381,-0.351,-0.312,-0.287,-0.274,-0.252,-0.242,-0.208,-0.189,-0.161,-0.136,-0.104,-0.073,-0.045,0,-0.011,-0.008,-0.008,-0.005,-0.002,0,0
"Property, Plant and Equipment",81.304,38.929,35.319,33.418,25.853,23.825,25.007,23.554,30.008,18.797,9.749,6.099,3.018,1.218,87.329,,87.329,81.304,73.431,65.133,40.413,38.929,36.685,35.684,34.876,35.319,36.862,36.777,35.61,33.418,30.039,28.073,26.482,25.853,23.94,23.519,23.761,23.825,22.552,22.892,24.454,25.007,25.302,23.778,23.394,23.554,32.692,31.317,30.951,30.008,28.221,26.56,22.68,18.797,16.183,15.405,12.484,9.749,9.334,9.608,7.211,6.099,5.099,4.541,3.623,3.018,2.985,2.275,1.503,1.218,0.988,0.849,0.536
Intangible Assets,0,0,0,0,0,0,0,0,0,0,0,0,0,0,0,,0,0,0,0,0,0,0,0,0,0,0,0,0,0,0,0,0,0,0,0,0,0,0,0,0,0,0,0,0,0,0,0,0,0,0,0,0,0,0,0,0,0,0,0,0,0,0,0,0,0,0,0,0,0,0,0,0
  Goodwill,0,0,0,0,0,0,0,0,0,0,0,0,0,0,0,,0,0,0,0,0,0,0,0,0,0,0,0,0,0,0,0,0,0,0,0,0,0,0,0,0,0,0,0,0,0,0,0,0,0,0,0,0,0,0,0,0,0,0,0,0,0,0,0,0,0,0,0,0,0,0,0,0
Other Long Term Assets,4.96,3.593,0.402,0.22,0.244,0.599,0.112,0.286,0.213,0.019,0.02,-0.001,0,0.001,5.225,,5.225,4.96,5.617,4.777,5.033,3.593,1.805,0.411,0.406,0.402,-0.094,0.42,0.421,0.22,0.24,0.24,0.243,0.244,0.26,0.413,0.024,0.599,0.102,0.108,0.111,0.112,0.203,0.203,0.202,0.286,0.218,0.224,0.219,0.213,0.021,0.02,0.94,0.019,-0.001,0,0,0.02,0,0,-0.001,-0.001,0.001,0,0,0,0.001,-0.001,0,0.001,0,0.201,0.011
Total Long-Term Assets,86.264,42.522,35.721,33.638,26.097,24.424,25.119,23.84,30.221,18.816,9.769,6.118,3.018,1.219,92.553,,92.553,86.264,79.048,69.909,55.855,42.522,38.49,36.094,35.283,35.721,36.768,37.197,36.031,33.638,30.279,28.313,26.725,26.097,24.201,23.932,23.785,24.424,22.655,23,24.565,25.119,25.505,23.981,23.596,23.84,32.91,31.541,31.17,30.221,28.242,26.579,23.621,18.816,16.203,15.425,12.504,9.769,9.353,9.628,7.231,6.118,5.1,4.541,3.623,3.018,2.986,2.274,1.503,1.219,0.988,1.05,0.547
Total Assets,206.41,92.322,63.423,62.217,36.987,31.947,28.428,28.169,30.645,23.635,11.757,6.557,3.533,2.305,204.029,,204.029,206.41,200.114,122.949,102.539,92.322,84.038,60.71,61.251,63.423,64.294,64.958,63.064,62.217,62.942,61.262,42.625,36.987,29.132,29.56,32.015,31.947,31.884,30.389,34.672,28.428,28.352,26.994,27.863,28.169,39.111,38.402,42.635,30.645,28.875,27.909,25.74,23.635,19.442,17.638,12.705,11.757,9.56,10.266,8.802,6.557,5.502,4.741,4.803,3.533,4.401,3.523,2.143,2.305,2.389,1.126,0.745
,,,,,,,,,,,,,,,,,,,,,,,,,,,,,,,,,,,,,,,,,,,,,,,,,,,,,,,,,,,,,,,,,,,,,,,,,
  Accounts Payable,17.61152,6.8630622,4.8514596,4.6878204,5.094831,3.0839768,3.5173845,1.608714,4.5439169,0.4295732,0.7236145,0,0,0,20.68011,,20.68011,17.61152,15.6081378,10.864802,7.8242025,6.8630622,4.39236,4.7865664,5.415084,4.8514596,4.0265881,4.212613,4.7961777,4.6878204,48.082426,4.12125,5.4215136,5.094831,3.9231405,3.568378,3.0937357,3.0839768,1.880998,2.1159054,2.9176556,3.5173845,2.9569914,2.683205,6.0591636,1.608714,4.7688641,4.580007,4.8026668,4.5439169,0.9680112,0.7797384,0.5132244,0.4295732,3.4230717,0,0,0.7236145,0,0,0,0,0,0,0,0,0,0,0,0,0.05291,0.4442542,0.0511479
  Total Tax Payable,4.159,0.693,0,0,0,0,0,0,0,0,0,0,0,0,0.403,,0.403,4.159,2.783,2.066,1.144,0.693,0,0,0,0,0,0,0,0,0,0,0,0,0,0,0,0,0,0,0,0,0,0,0,0,0,0,0,0,0,0,0,0,0,0,0,0,0,0,0,0,0,0,0,0,0,0,0,0,0,0,0
  Other Current Payables,0,0,2.039,1.405,2.001,2.578,4.24,2.65,4.449,3.276,0.595,0.248,0,0,,,1.758,0,-0.001,0,0.001,0,0,0,0,2.039,1.932,1.914,1.828,1.405,1.375,1.381,1.323,2.001,2.706,2.751,2.641,2.578,2.02,1.986,2.057,4.24,4.13,3.842,3.769,2.65,2.654,2.568,5.254,4.449,2.385,2.298,3.021,3.276,0,2.072,1.482,0.595,0,0,0,0.248,0,0,0,0,0,0,0,0,0,0,0
  Current Accrued Expense,0.253,0.25,0.252,0.114,0.506,0.603,0.544,0,0,0,0,0,0.423,0.062,,,0,0.253,0.247,0.246,0.248,0.25,0.246,0.309,0.268,0.252,0.188,0.077,0.17,0.114,0.091,0.085,0.526,0.506,0.409,0.265,0.127,0.603,0.49,0,0,0.544,0,0,0,0,0,0,0,0,0,0,0,0,0,0,0,0,0.273,0.219,0.399,0,0.409,0.838,0.46,0.423,0.209,0.107,0.078,0.062,0,0,0
Accounts Payable & Accrued Expense,22.02368,7.8058046,7.1415487,6.207432,7.6013857,6.2653283,8.3018502,4.2587676,8.9931467,3.7058112,1.318268,0.2479926,0.4225337,0.061685,22.841172,,22.841172,22.02368,18.6365068,13.176826,9.2168477,7.8058046,4.638438,5.095552,5.683116,7.1415487,6.1464722,6.2033052,6.7938051,6.207432,49.548751,5.5873125,7.2709326,7.6013857,7.0383228,6.583684,5.8621673,6.2653283,4.39118,4.1015814,4.9742986,8.3018502,7.0866972,6.5250105,9.8281602,4.2587676,7.4225151,7.1478,10.0562778,8.9931467,3.3528764,3.0776976,3.53418,3.7058112,3.4230717,2.072448,1.4817558,1.318268,0.27268,0.2187584,0.3994294,0.2479926,0.409068,0.8383808,0.460305,0.4225337,0.2087488,0.107008,0.078399,0.061685,0.05291,0.4442542,0.0511479
  Short-Term Debt,0,0,0,0.097,0.102,2.981,4.17,4.628,0,1.751,0,0,0,0,0,,0,0,0,0,0,0,0.421,0.409,0,0,0,0,0,0.097,0,0,0.105,0.102,0,0,2.714,2.981,5.275,4.51,6.038,4.17,5.275,5.913,2.5,4.628,4.222,3.539,3.541,0,1.764,1.726,1.772,1.751,0,0,0,0,0,0,0,0,0,0,0,0,0,0,0,0,0,0,0
  Short-Term Capital Lease Obligation,0.314,0.172,0.075,0,0,0,0,2.507,0,0,0,0,0,0,0.296,,0.296,0.314,0.232,0.136,0.153,0.172,0.05,0.068,0.077,0.075,0.095,0.126,0.154,0,0.103,0.104,0,0,0,0,0,0,0,0,0,0,0,0,0,2.507,0,0,0,0,0,0,0,0,0,0,0,0,0,0,0,0,0,0,0,0,0,0,0,0,0,0,0
Short-Term Debt & Capital Lease Obligation,0.314,0.172,0.075,0.097,0.102,3.077,5.085,7.135,0,1.751,0,0,0,0,0.296,,0.296,0.314,0.232,0.136,0.153,0.172,0.47,0.478,0.077,0.075,0.095,0.126,0.154,0.097,0.103,0.104,0.105,0.102,0.103,0.101,2.714,3.077,5.275,4.51,6.038,5.085,5.275,5.913,2.5,7.135,4.222,3.539,3.541,0,1.764,1.726,1.772,1.751,0,0,0,0,0,0,0,0,0,0,0,0,0,0,0,0,0,0,0
  Current Deferred Revenue,0,0,0,0,0,0,0,0,0,0,0,0,0,0,0,,0,0,0,0,0,0,0,0,0,0,0,0,0,0,0,0,0,0,0,0,0,0,0,0,0,0,0,0,0,0,0,0,0,0,0,0,0,0,0,0,0,0,0,0,0,0,0,0,0,0,0,0,0,0,0,0,0
  Current Deferred Taxes Liabilities,0,0,0,0,0,0,0,0,0,0,0,0,0.115,0,0,,0,0,0,0,0,0,0,0,0,0,0,0,0,0,0,0,0,0,0,0,0,0,0,0,0,0,0,0,0,0,0,0,0,0,0,0,0,0,0,0,0,0,0,0,0,0,0,0.112,0,0.115,0,0,0,0,0,0,0
Deferred Tax And Revenue,0,0,0,0,0,0,0,0,0,0,0,0,0.115,0,0,,0,0,0,0,0,0,0,0,0,0,0,0,0,0,0,0,0,0,0,0,0,0,0,0,0,0,0,0,0,0,0,0,0,0,0,0,0,0,0,0,0,0,0,0,0,0,0,0.112,0,0.115,0,0,0,0,0,0,0
Other Current Liabilities,0,0.165,0,0,0.001,0,-0.001,0.153,0.15,0,0,0,0,0,0.042,,0.042,0,0.001,0.186,0.162,0.165,0,0,0,0,0.001,0,0,0,-43.274,0,0,0.001,0,0,0,0,0.001,0.001,0,-0.001,0,0.022,0.15,0.153,0.366,0.384,0.4,0.15,3.69,3.054,-0.001,0,0,0,0,0,1.216,1.446,0,0,0,0,0,0,0,0,0,0,0,0,0
Total Current Liabilities,22.337,8.143,7.217,6.304,7.705,9.343,13.385,11.547,9.143,5.457,1.318,0.248,0.537,0.062,23.179,,23.179,22.337,18.87,13.498,9.532,8.143,5.108,5.574,5.76,7.217,6.243,6.33,6.948,6.304,6.378,5.691,7.376,7.705,7.141,6.685,8.576,9.343,9.667,8.613,11.012,13.385,12.361,12.46,12.478,11.547,12.01,11.072,13.997,9.143,8.807,7.857,5.305,5.457,3.423,2.072,1.482,1.318,1.489,1.665,0.399,0.248,0.409,0.95,0.46,0.537,0.209,0.107,0.078,0.062,0.053,0.444,0.051
  Long-Term Debt,0,0,0,0,7.739,8.055,3.042,8.313,1.772,0,0.702,0,0,0,0,,0,0,0,0,0,0,0,0,0,0,0,0,0,0,0,0,7.787,7.739,7.399,7.981,8.06,8.055,5.69,5.967,6.195,3.042,2.717,8.665,8.491,8.313,8.099,8.551,8.361,1.772,0.425,0.408,0,0,1.749,1.778,1.055,0.702,0,0,0,0,0,0,0,0,0,0,0,0,0,0,0
  Long-Term Capital Lease Obligation,0.232,0.233,0.028,0,0,0,0,0,0,0,0,0,0,0,0.156,,0.156,0.232,0.169,0.163,0.197,0.233,0,0,0.008,0.028,0.044,0.066,0.086,0,0.017,0.043,0,0,0,0,0,0,0,0,0,0,0,0,0,0,0,0,0,0,0,0,0,0,0,0,0,0,0,0,0,0,0,0,0,0,0,0,0,0,0,0,0
Long-Term Debt & Capital Lease Obligation,0.232,0.233,0.028,0,7.739,8.055,3.042,8.313,1.772,0,0.702,0,0,0,0.156,,0.156,0.232,0.169,0.163,0.197,0.233,0,0,0.008,0.028,0.044,0.066,0.086,0,0.017,0.043,7.787,7.739,7.399,7.981,8.06,8.055,5.69,5.967,6.195,3.042,2.717,8.665,8.491,8.313,8.099,8.551,8.361,1.772,0.425,0.408,0,0,1.749,1.778,1.055,0.702,0,0,0,0,0,0,0,0,0,0,0,0,0,0,0
Debt-to-Equity,0.003,0.005,0.002,0.002,0.422,0.886,0.731,2.414,0.102,0.097,0.073,0,0,0,0.003,,0.003,0.003,0.002,0.003,0.004,0.005,0.006,0.009,0.002,0.002,0.002,0.003,0.004,0.002,0.002,0.003,0.323,0.422,0.6,0.634,0.809,0.886,0.782,0.783,0.814,0.731,0.643,2.905,1.817,2.414,0.716,0.712,0.647,0.102,0.136,0.131,0.103,0.097,0.124,0.148,0.105,0.073,0,0,0,0,0,0,0,0,0,0,0,0,0,0,0
Pension And Retirement Benefit,0,0,0,0,0,0,0,0,0,0,0,0,0,0,0,,0,0,0,0,0,0,0,0,0,0,0,0,0,0,0,0,0,0,0,0,0,0,0,0,0,0,0,0,0,0,0,0,0,0,0,0,0,0,0,0,0,0,0,0,0,0,0,0,0,0,0,0,0,0,0,0,0
NonCurrent Deferred Liabilities,1.384,1.473,0.855,0,0,0,0,0,0,0,0.132,0,0,0,1.342,,1.342,1.384,1.457,1.751,1.636,1.473,0.806,0.825,0.85,0.855,0,0,0,0,0,0,0,0,0,0,0,0,0,0,0,0,0,0,0,0,0,0,0,0,0,0,0,0,0.131,0.134,0,0.132,0.095,0.1,0.1,0,0.114,0,0.115,0,0,0,0,0,0,0,0
Other Long-Term Liabilities,3.255,3.151,1.487,3.261,2.97,1.986,0.891,1.909,2.31,0.148,0,0.147,0,0,1.356,,1.356,3.255,3.189,3.048,2.88,3.151,3.188,3.145,3.034,1.487,1.454,1.454,1.445,3.261,3.145,3.01,2.995,2.97,2.095,2.156,2.058,1.986,2.511,2.42,2.43,0.891,0.846,0.849,0.845,1.909,1.785,1.789,1.867,2.31,3.546,3.328,3.272,0.148,0,1.65,0.132,0,0,0,0,0.147,0,0,0,0,0,0,0,0,0,0,0
Total Long-Term Liabilities,4.87,4.857,2.369,3.261,10.709,10.042,3.933,10.222,4.082,0.148,0.834,0.147,0,0,2.854,,2.854,4.87,4.815,4.961,4.713,4.857,3.994,3.971,3.892,2.369,1.498,1.52,1.531,3.261,3.162,3.053,10.782,10.709,9.494,10.137,10.118,10.042,8.202,8.388,8.625,3.933,3.563,9.515,9.336,10.222,9.883,10.34,10.228,4.082,3.971,3.737,3.272,0.148,1.88,3.562,1.188,0.834,0.095,0.1,0.1,0.147,0.114,0,0.115,0,0,0,0,0,0,0,0
Total Liabilities,27.208,13,9.586,9.565,18.414,19.384,17.318,21.769,13.225,5.605,2.152,0.395,0.537,0.062,26.033,,26.033,27.208,23.685,18.46,14.246,13,9.102,9.545,9.652,9.586,7.741,7.85,8.479,9.565,9.54,8.744,18.158,18.414,16.636,16.822,18.694,19.384,17.869,17.001,19.637,17.318,15.925,21.975,21.814,21.769,21.893,21.412,24.225,13.225,12.779,11.594,8.577,5.605,5.303,5.634,2.669,2.152,1.584,1.765,0.499,0.395,0.523,0.95,0.575,0.537,0.209,0.107,0.078,0.062,0.053,0.444,0.051
,,,,,,,,,,,,,,,,,,,,,,,,,,,,,,,,,,,,,,,,,,,,,,,,,,,,,,,,,,,,,,,,,,,,,,,,,
Common Stock,217.124,122.343,104.243,105.392,57.738,45.367,40.778,29.446,26.785,24.528,14.426,0,0,0,215.73,,215.73,217.124,214.093,134.831,127.756,122.343,126.362,107.215,110.447,104.243,104.853,105.263,104.882,105.392,94.241,91.849,62.221,57.738,47.28,47.918,47.054,45.367,45.102,44.003,44.741,40.778,40.777,30.65,30.624,29.446,29.241,27.631,26.936,26.785,25.181,24.622,25.25,24.528,0,0,0,14.426,0,0,0,0,0,0,0,0,0,0,0,0,0,0,0
Preferred Stock,0,0,0,0,0,0,0,0,0,0,0,0,0,0,0,,0,0,0,0,0,0,0,0,0,0,0,0,0,0,0,0,0,0,0,0,0,0,0,0,0,0,0,0,0,0,0,0,0,0,0,0,0,0,0,0,0,0,0,0,0,0,0,0,0,0,0,0,0,0,0,0,0
Retained Earnings,-66.86,-62.107,-57.68,-57.909,-51.634,-43.508,-38.705,-30.231,-15.48,-11.903,-8.361,-5.038,-3.367,-0.86,-68.859,,-68.859,-66.86,-64.376,-59.41,-60.562,-62.107,-65.537,-61.678,-61.872,-57.68,-55.371,-55.993,-57.223,-57.909,-50.555,-49.372,-46.658,-51.634,-45.531,-46.293,-44.875,-43.508,-41.893,-41.356,-40.507,-38.705,-38.181,-33.036,-31.998,-30.231,-19.181,-18.307,-15.8,-15.48,-14.538,-13.616,-13.135,-11.903,-11.039,-10.566,-9.052,-8.361,-6.736,-6.633,-6.112,-5.038,-4.532,-4,-3.706,-3.367,-1.615,-1.384,-1.023,-0.86,-0.696,-0.157,-0.036
Accumulated other comprehensive income (loss),-3.139,-2.75,-4.845,-6.793,-2.8,-0.333,-1.011,-0.027,0.023,-0.193,0,0,0,0,-1.275,,-1.275,-3.139,17.985,20.941,19.355,-2.75,-7.001,-6.944,-9.732,-4.845,-4.591,-3.867,-4.979,-6.793,-0.473,0.014,-0.127,-2.8,-0.424,-0.601,-0.364,-0.333,-0.591,-0.398,-0.578,-1.011,-0.215,0.007,0.057,-0.027,0.022,0.005,0.063,0.023,-0.534,-0.54,-0.78,-0.193,-0.42,-0.3,-0.213,0,0,0,0,0,0,0,0,0,0,0,0,0,0.339,0.04,0
Additional Paid-In Capital,23.055,20.694,10.061,9.996,8.232,4.382,4.176,4.01,3.614,1.681,0.253,9.221,5.679,2.75,23.231,,23.231,23.055,0,0,0,20.694,16.033,10.354,10.665,10.061,10.116,10.153,9.948,9.996,8.098,7.046,6.975,8.232,6.792,6.876,6.752,4.382,4.402,4.329,4.425,4.176,4.016,4.047,4.044,4.01,3.736,3.682,3.634,3.614,2.608,2.65,1.963,1.681,21.765,19.416,15.728,0.253,11.987,12.312,11.613,9.221,7.988,6.7,6.784,5.679,5.116,4.072,2.721,2.75,2.695,0.799,0.731
Treasury Stock,0,0,0,0,0,0,0,0,0,0,0,0,0,0,0,,0,0,0,0,0,0,0,0,0,0,0,0,0,0,0,0,0,0,0,0,0,0,0,0,0,0,0,0,0,0,0,0,0,0,0,0,0,0,0,0,0,0,0,0,0,0,0,0,0,0,0,0,0,0,0,0,0
Other Stockholders Equity,0.001,-0.001,1.539,1.967,7.037,6.655,5.872,3.202,2.478,3.918,3.286,1.979,0.683,0.352,0,,0,0.001,0.001,0.071,0,-0.001,4.664,1.88,1.631,1.539,1.547,1.552,1.958,1.967,2.092,2.982,2.056,7.037,4.379,4.839,4.754,6.655,6.994,6.811,6.953,5.872,6.031,3.35,3.322,3.202,3.401,3.978,3.575,2.478,3.379,3.199,3.865,3.918,3.832,3.455,3.573,3.286,2.725,2.822,2.801,1.979,1.522,1.091,1.15,0.683,0.691,0.73,0.365,0.352,-0.001,0,-0.001
Total Stockholders Equity,170.182,78.178,53.319,52.653,18.573,12.563,11.11,6.4,17.42,18.03,9.605,6.162,2.996,2.242,168.827,,168.827,170.182,167.703,96.433,86.549,78.178,74.521,50.827,51.14,53.319,56.554,57.108,54.586,52.653,53.403,52.518,24.467,18.573,12.496,12.739,13.321,12.563,14.014,13.388,15.034,11.11,12.428,5.019,6.049,6.4,17.219,16.989,18.409,17.42,16.096,16.315,17.164,18.03,14.138,12.005,10.036,9.605,7.976,8.501,8.302,6.162,4.978,3.79,4.228,2.996,4.192,3.417,2.064,2.242,2.337,0.682,0.694
Minority Interest,9.02,1.143,0.519,0,0,0,0,0,0,0,0,0,0,0,9.168,,9.168,9.02,8.727,8.058,1.743,1.143,0.414,0.337,0.459,0.519,0,0,0,0,0,0,0,0,0,0,0,0,0,0,0,0,0,0,0,0,0,0,0,0,0,0,0,0,0,0,0,0,0,0,0,0,0,0,0,0,0,0,0,0,0,0,0
Total Equity,179.203,79.321,53.838,52.653,18.573,12.563,11.11,6.4,17.42,18.03,9.605,6.162,2.996,2.242,177.996,,177.996,179.203,176.43,104.491,88.293,79.321,74.936,51.166,51.599,53.838,56.554,57.108,54.586,52.653,53.403,52.518,24.467,18.573,12.496,12.739,13.321,12.563,14.014,13.388,15.034,11.11,12.428,5.019,6.049,6.4,17.219,16.989,18.409,17.42,16.096,16.315,17.164,18.03,14.138,12.005,10.036,9.605,7.976,8.501,8.302,6.162,4.978,3.79,4.228,2.996,4.192,3.417,2.064,2.242,2.337,0.682,0.694
Equity-to-Asset,0.824,0.847,0.841,0.846,0.502,0.393,0.391,0.227,0.568,0.763,0.817,0.94,0.848,0.973,0.827,,0.827,0.824,0.838,0.784,0.844,0.847,0.887,0.837,0.835,0.841,0.88,0.879,0.866,0.846,0.848,0.857,0.574,0.502,0.429,0.431,0.416,0.393,0.44,0.441,0.434,0.391,0.438,0.186,0.217,0.227,0.44,0.442,0.432,0.568,0.557,0.585,0.667,0.763,0.727,0.681,0.79,0.817,0.834,0.828,0.943,0.94,0.905,0.8,0.88,0.848,0.953,0.97,0.963,0.973,0.978,0.606,0.931
,,,,,,,,,,,,,,,,,,,,,,,,,,,,,,,,,,,,,,,,,,,,,,,,,,,,,,,,,,,,,,,,,,,,,,,,,
Cashflow Statement,,,,,,,,,,,,,,,,,,,,,,,,,,,,,,,,,,,,,,,,,,,,,,,,,,,,,,,,,,,,,,,,,,,,,,,,,
Net Income From Continuing Operations,1.628,-2.28,-0.76,-3.579,-2.196,-4.495,-8.554,-14.759,-3.486,-2.27,-2.847,-1.466,-2.326,-0.424,-1.94,,-2.484,-1.39,1.632,0.307,1.031,2.094,-2.362,-1.618,-0.609,-2.476,0.457,0.929,0.408,0.603,-0.637,-2.901,-0.534,-0.019,-0.684,-0.596,-0.846,-1.734,-0.53,-1.668,-0.526,-0.239,-5.361,-1.007,-1.697,-10.762,-1.309,-2.346,-0.232,-0.929,-0.605,-0.809,-1.059,-0.634,-0.458,-0.497,-0.672,-1.082,-0.381,-0.506,-0.902,-0.415,-0.418,-0.354,-0.303,-1.679,-0.208,-0.32,-0.175,-0.104,-0.116,-0.12,-0.032
"Cash Flow Depreciation, Depletion and Amortization",4.093,2.826,2.11,0,0,0,0,0,0.012,0.004,0.005,0.007,0.009,0.005,4.98,,1.984,1.203,0.844,0.952,1.022,1.301,0.566,0.566,0.482,0.967,0.519,0.28,0.354,0,0,0,0,0,0,0,0,0,0,0,0,0,0,0,0,0,0,0,0,0.002,0.003,0.003,0.003,0.001,0.001,0.001,0.001,0.001,0.001,0.001,0.001,0.002,0.002,0.001,0.002,0.002,0.003,0.002,0.003,0,0,0,0
  Change In Receivables,-0.78,-4.972,-1.418,0.313,-0.613,-0.147,-0.176,-0.465,0.054,-0.24,-0.017,0.006,0.039,-0.073,-4.3,,-2.609,-0.306,-1.075,-0.31,0.92,-4.903,-0.124,-1.224,1.316,-0.115,-1.381,-0.218,0.266,0.584,-0.115,0.056,-0.203,-0.517,0.095,-0.098,-0.091,0.021,0.017,-0.034,-0.11,0.078,-0.149,-0.095,-0.003,-0.016,-0.203,-0.121,-0.11,0.01,0.034,-0.029,0.043,0.049,-0.226,0,0.001,-0.001,-0.001,0.02,-0.036,0.019,-0.023,0.013,-0.004,0,0,0.025,0.015,-0.021,0.005,-0.044,-0.004
  Change In Inventory,-3.443,0.683,-1.268,0.501,-0.054,-0.337,-0.542,-1.047,0,0,0,0,0,0,-1.88,,0.853,-1.338,-0.038,-1.361,-0.63,0.667,-0.533,1.389,-0.85,0.548,-0.005,-0.528,-1.389,0.938,-0.003,0.009,-0.428,-0.11,-0.134,-0.069,0.258,-0.083,-0.623,-0.407,0.796,-0.54,-0.125,0.051,0.074,-0.354,-0.316,-0.355,0,0,0,0,0,0,0,0,0,0,0,0,0,0,0,0,0,0,0,0,0,0,0,0,0
  Change In Prepaid Assets,-0.507,-0.081,-0.103,0.026,0.89,-0.508,0.167,-0.48,-0.016,-0.005,0.025,0.018,-0.058,-0.017,-1.41,,-0.738,-0.46,-0.48,0.271,0.151,0.029,-0.081,-0.004,-0.029,0.057,-0.021,-0.027,-0.123,0.031,0.035,0.004,-0.045,0.614,0.022,-0.339,0.58,-0.48,-0.041,-0.045,0.017,0.118,0.052,-0.001,-0.003,-0.09,-0.01,-0.247,-0.124,-0.011,0.009,0.01,-0.026,-0.032,0.125,0,0.011,-0.002,-0.013,0.024,0.018,-0.034,0.019,0.007,0.028,0,0,0,0.003,0,0,0,0
  Change In Payables And Accrued Expense,14.349,2.645,4.485,-1.099,0.013,-0.872,0.418,0.733,0.453,-0.02,0.396,-0.118,0.174,0.053,11.84,,-0.458,3.128,5.098,4.072,1.458,2.976,-0.434,-0.404,0.514,0.834,0.376,-0.686,4.071,0.173,-1.243,-0.442,0.445,0.313,0.179,-0.093,-0.537,-0.272,0.75,-0.729,-0.624,-1.141,0.455,0.753,0.309,0.144,0.364,-0.195,0.394,-0.09,0.169,0.275,0.075,0.176,-0.161,0,0.161,0.453,-0.074,-0.083,0.102,0.009,-0.444,0.363,-0.047,0,0,-0.047,0.01,-0.007,-0.092,0.102,0.036
  Change In Other Working Capital,-0.001,0,-0.001,-0.044,0,0.001,-0.147,0.001,0,0.001,0,0,0,0,0,,-0.001,-0.001,0,-0.001,0,0,-0.001,0,0,-0.001,0,0,0,-0.043,0.001,0,0,0,0,-0.001,0,0,0,0,0.001,0.005,-0.001,-0.15,0,0.001,-0.001,0.001,0,0,0,0,0.001,0,0.001,0,0,0,0,0,-0.001,0,0,0,0,0,0,-0.001,0,-0.019,0,0,0
Change In Working Capital,9.618,-1.725,1.695,-0.304,0.236,-1.863,-0.278,-1.257,0.492,-0.263,0.403,-0.094,0.155,-0.037,4.25,,-2.954,1.024,3.505,2.67,1.899,-1.231,-1.174,-0.243,0.951,1.322,-1.031,-1.458,2.825,1.684,-1.324,-0.373,-0.232,0.3,0.162,-0.601,0.21,-0.814,0.104,-1.215,0.081,-1.48,0.232,0.558,0.379,-0.315,-0.165,-0.917,0.16,-0.091,0.212,0.257,0.093,0.194,-0.261,-0.37,0.173,0.45,-0.088,-0.039,0.082,-0.006,-0.448,0.384,-0.024,0.033,0.125,-0.024,0.028,-0.047,-0.087,0.058,0.032
Deferred Tax,0.01,0.534,0.855,0,0,0,0.335,-0.43,-0.397,-0.351,-0.014,0.032,0.115,0,0.09,,-0.027,0,0,0.121,0.191,0,0,0,0,0,0,0,0,0,0,0,0,0,0,0,0,0,0,0,0,0,0.334,0,0,-0.021,-0.015,-0.013,-0.383,-0.23,-0.121,0,-0.041,0,0,0,0,0,0,0,0,0,0,0,0,0,0,0,0,0,0,0,0
Stock Based Compensation,5.517,3.74,0,1.478,0,0.414,0.165,0.865,0.851,0.327,0.154,0.212,0.137,0.099,4.85,,0.861,1.075,0.836,2.077,1.395,0,3.175,0,0,0,0,0,0,0,0,1.404,0.039,0,0,0,0,0,0,0.245,0,0,0.066,0.025,0.076,0.035,0.088,0.671,0.044,0.043,0.124,0.144,0.512,0.04,0.039,0.082,0.169,0.041,0.02,0.039,0.049,0.071,0.083,0.01,0.051,0.053,0.022,0.045,0.025,0.025,0.021,0.041,0
Asset Impairment Charge,0,0,0,0,0,0,0,9.444,0.752,0.175,0,0,0,0,0,,0,0,0,0,0,0,0,0,0,0,0,0,0,0,0,0,0,0,0,0,0,0,0,0,0,-0.093,-0.008,0,0.091,9.444,0,0,0,0,0,0,0,0,0,0,0,0,0,0,0,0,0,0,0,0,0,0,0,0,0,0,0
Cash from Discontinued Operating Activities,0,0,0,0,0,0,0,0,0,0,0,0,0,0,0,,0,0,0,0,0,0,0,0,0,0,0,0,0,0,0,0,0,0,0,0,0,0,0,0,0,0,0,0,0,0,0,0,0,0,0,0,0,0,0,0,0,0,0,0,0,0,0,0,0,0,0,0,0,0,0,0,0
Cash Flow from Others,1.586,-1.362,0.809,0.199,-0.688,1.375,4.843,1.507,0.684,0.055,0.304,0.022,1.232,-0.002,3.2,,1.617,0.244,0.751,0.587,-0.229,2.299,-1.965,0.08,-0.692,1.643,0.09,-0.031,-0.041,-1.955,1.933,-0.445,0.591,-0.287,-0.066,-0.383,0.054,1.023,-0.035,0.388,0.159,-0.923,4.854,0.153,0.568,0.464,0.372,0.444,0.265,0.56,0.356,0.446,0.045,-0.158,0.034,-0.001,-0.001,0.289,0.004,0.004,0.003,0.064,0.003,-0.007,-0.005,1.346,0,0.003,-0.005,0,0.003,0,0
Cash Flow from Operations,22.452,1.733,4.708,-2.206,-2.648,-4.57,-3.49,-4.63,-1.093,-2.323,-1.996,-1.286,-0.678,-0.36,15.44,,-1.003,2.157,7.568,6.714,5.309,4.464,-1.758,-1.214,0.131,1.456,0.034,-0.279,3.546,0.332,-0.029,-2.314,-0.136,-0.006,-0.588,-1.579,-0.582,-1.525,-0.461,-2.25,-0.287,-2.734,0.118,-0.271,-0.584,-1.156,-1.03,-2.161,-0.146,-0.646,-0.031,0.041,-0.447,-0.558,-0.645,-0.784,-0.33,-0.301,-0.444,-0.501,-0.768,-0.285,-0.779,0.034,-0.278,-0.246,-0.057,-0.293,-0.124,-0.126,-0.179,-0.021,0
,,,,,,,,,,,,,,,,,,,,,,,,,,,,,,,,,,,,,,,,,,,,,,,,,,,,,,,,,,,,,,,,,,,,,,,,,
"Purchase Of Property, Plant, Equipment",-25.961,-5.044,-8.067,-14.492,-10.491,-9.775,-3.412,-4.438,-1.829,-6.755,-2.216,-2.669,-2.14,-0.651,-32.15,,-9.968,-10.383,-7.962,-3.831,-3.458,-3.575,-0.392,-0.607,-0.564,-1.158,-0.997,-1.047,-4.993,-4.932,-2.23,-4.125,-3.251,-3.168,-2.101,-1.776,-3.266,-2.537,-2.552,-2.436,-2.17,1.621,-1.747,-2.085,-1.061,-1.046,-2.378,-0.68,-0.202,-0.827,-0.497,-0.356,-0.114,-2.401,-1.171,-0.147,-2.994,-0.766,0.006,-0.34,-1.149,-0.907,-0.503,-0.954,-0.349,-0.617,-0.514,-0.831,-0.295,-0.621,0.181,-0.199,0
"Sale Of Property, Plant, Equipment",0,0,0,0,0,0,0,0,0,0,0,0.005,0.009,0,0,,0,0,0,0,0,0,0,0,0,0,0,0,0.037,0,0.328,0,0,0,0,0,0,0,0,0,0,0,0,0,0,0,0,0,0,0,0,0,0,0,0,0,0,0,0,0,0,0,0,0,0,0,0.001,0,0,0,0,0,0
Purchase Of Business,-4.547,0,0,0,0,0,0,0,0,0,-0.001,-0.259,-0.332,0,-0.89,,0,0,0,-0.888,-3.551,0,0,0,0,0,0,0,0,0,0,0,0,0,0,0,0,0,0,0,0,0,0,0,0,0,0,0,0,0,0,0,0,0,0,0,0,0,0,0,-0.001,0,0,0,0,0,0,0,0,0,0,0,0
Sale Of Business,0,0,0,0,0,0,0,0,0,0,0,0,0,0.079,0,,0,0,0,0,0,0,0,0,0,0,0,0,0,0,0,0,0,0,0,0,0,0,0,0,0,0,0,0,0,0,0,0,0,0,0,0,0,0,0,0,0,0,0,0,0,0,0,0,0,0,0,0,0,-0.012,-0.003,0.001,0.075
Purchase Of Investment,0,0,0,0,0,0,0,0,0,0,0,0,0,0,0,,0,0,0,0,0,0,0,0,0,0,0,0,0,0,0,0,0,0,0,0,0,0,0,0,0,0,0,0,0,0,0,0,0,0,0,0,0,0,0,0,0,0,0,0,0,0,0,0,0,0,0,0,0,0,0,0,0
Sale Of Investment,0,0,0,0,0.01,0.043,0,0,0.528,0,0,0,0,0,0,,0,0,0,0,0,0,0,0,0,0,0,0,0,0,0,0,0,0,0,0,0,0,0,0.044,0,0,0,0,0,0,0,0,0,-0.017,0.049,0.47,0,0,0,0,0,0,0,0,0,0,0,0,0,0,0,0,0,0,0,0,0
Net Intangibles Purchase And Sale,0,0,0,0,0,0,0,0,0,0,0,0,0,0,0,,0,0,0,0,0,0,0,0,0,0,0,0,0,0,0,0,0,0,0,0,0,0,0,0,0,0,0,0,0,0,0,0,0,0,0,0,0,0,0,0,0,0,0,0,0,0,0,0,0,0,0,0,0,0,0,0,0
Cash From Discontinued Investing Activities,0,0,0,0,0,0,0,0,0,0,0,0,0,0,0,,0,0,0,0,0,0,0,0,0,0,0,0,0,0,0,0,0,0,0,0,0,0,0,0,0,0,0,0,0,0,0,0,0,0,0,0,0,0,0,0,0,0,0,0,0,0,0,0,0,0,0,0,0,0,0,0,0
Cash From Other Investing Activities,0.315,-3.35,0,6.601,11.292,10.67,5.089,-0.959,-2.428,0,0.001,0,-0.001,-0.338,1.6,,-0.233,2.915,-1.111,0.032,-1.463,-2.034,-1.359,0,0,0,0,0,0,1.389,0.846,2.071,2.139,2.881,1.693,2.936,3.613,2.533,2.011,3.235,2.808,0.607,1.307,1.834,1.219,1.889,0,-2.798,0,0.078,0,-0.782,-1.643,0,0,0,0,0,0,0.001,0,-0.259,0,0.005,0,-0.332,0,0.009,0,0.534,-0.401,-0.004,-0.324
Cash Flow from Investing,-30.193,-8.394,-8.067,-7.891,0.811,0.938,1.677,-5.397,-3.729,-6.755,-2.216,-2.923,-2.464,-0.91,-31.43,,-10.201,-7.469,-9.074,-4.688,-8.472,-5.609,-1.75,-0.607,-0.564,-1.158,-0.997,-1.047,-4.955,-3.543,-1.056,-2.054,-1.112,-0.287,-0.408,1.159,0.347,-0.004,-0.541,0.843,0.637,2.228,-0.44,-0.251,0.158,0.843,-2.378,-3.479,-0.202,-0.766,-0.449,-0.667,-1.757,-2.401,-1.171,-0.147,-2.994,-0.766,0.006,-0.339,-1.15,-1.166,-0.503,-0.948,-0.349,-0.949,-0.513,-0.822,-0.295,-0.099,-0.223,-0.202,-0.249
,,,,,,,,,,,,,,,,,,,,,,,,,,,,,,,,,,,,,,,,,,,,,,,,,,,,,,,,,,,,,,,,,,,,,,,,,
Issuance of Stock,70.659,25.638,0,28.013,1.424,4.803,1.502,0,0,8.9,5.04,4.168,2.559,2.266,69.95,,0,0,69.946,0,0,0,26.481,0,0,0,0,0,0,-11.019,1.43,30.023,6.569,-0.077,0.045,0.307,1.185,-0.12,1.342,-0.054,3.641,-0.064,0.348,0.021,1.18,-2.136,2.004,0.119,0,-0.061,-0.006,-0.022,0.086,4.435,1.133,2.667,1.217,2.131,0,-0.052,3.025,1.48,1.47,-0.044,1.316,0.222,0.731,1.734,0.004,-0.355,1.729,0.055,0.438
Repurchase of Stock,0,-0.065,-0.122,0,0,0,0,0,0,0,0,0,0,0,0,,0,0,0,0,0,0.001,0,-0.004,-0.068,0,-0.06,0,0,0,0,0,0,0,-0.022,0,0,0,0,-0.066,0,0,0,-0.004,0,0,0,0,0,0,-0.007,-0.019,0,0,0,-0.566,0,0,-0.204,0,0,0,0,0,0,0,0,0,0,0,0,0,0
Net Issuance of Preferred Stock,0,0,0,0,0,0,0,0,0,0,0,0,0,0,0,,0,0,0,0,0,0,0,0,0,0,0,0,0,0,0,0,0,0,0,0,0,0,0,0,0,0,0,0,0,0,0,0,0,0,0,0,0,0,0,0,0,0,0,0,0,0,0,0,0,0,0,0,0,0,0,0,0
  Issuance of Debt,0,0,0,0,0,3.624,2.169,9.861,2.117,0.995,1.404,0,0,0,0,,0,0,0,0,0,0,0.016,0.411,0,0,0,0,0,0,0,0,0,0,0,0,0,-3.287,1.861,1.614,3.399,0.084,0.037,0.03,0,-2.2,0.402,1.216,10.451,1.612,0,0.481,0,-0.011,0,0.647,0.359,0.702,0,0,0,0,0,0,0,0,0,0,0,0,0,0,0
  Payments of Debt,-0.301,-0.119,-0.188,-8.324,-3.231,-0.934,-4.04,0,0,0,-0.702,0,0,0,-0.33,,-0.082,-0.115,-0.079,-0.05,-0.053,-0.464,-0.021,-0.02,-0.021,-0.042,-0.049,-0.058,-0.04,-0.007,-0.026,-8.038,-0.059,-0.015,-0.025,-2.688,-0.471,3.223,-1.057,-3.038,0,0.037,-0.496,-0.765,-0.741,0,0,0,0,0,0,0,0,0,0,0,0,0,0,0,0,0,0,0,0,0,0,0,0,0,0,0,0
Net Issuance of Debt,-0.301,-0.119,-0.188,-8.324,-3.231,2.69,-1.87,9.861,2.117,0.995,0.702,0,0,0,-0.33,,-0.082,-0.115,-0.079,-0.05,-0.053,-0.464,-0.005,0.39,-0.021,-0.042,-0.049,-0.058,-0.04,-0.007,-0.026,-8.038,-0.059,-0.015,-0.025,-2.688,-0.471,-0.064,0.805,-1.423,3.399,0.121,-0.459,-0.736,-0.741,-2.2,0.402,1.216,10.451,1.612,0,0.481,0,-0.011,0,0.647,0.359,0.702,0,0,0,0,0,0,0,0,0,0,0,0,0,0,0
Cash Flow for Dividends,0,0,0,0,0,0,0,0,0,0,0,0,0,0,0,,0,0,0,0,0,0,0,0,0,0,0,0,0,0,0,0,0,0,0,0,0,0,0,0,0,0,0,0,0,0,0,0,0,0,0,0,0,0,0,0,0,0,0,0,0,0,0,0,0,0,0,0,0,0,0,0,0
Other Financing,3.764,-2.026,-0.482,10.19,6.485,0,0.439,2.135,0.076,0.001,0.028,0.007,0,0,2.96,,0.044,0.451,-1.029,3.495,0.632,0,-2.093,0,0,-0.065,0,0.897,-1.391,10.975,0.073,0,-0.828,5.75,0.663,0.156,-0.001,-0.001,0,0.054,-0.001,0.439,0,-0.021,-0.001,2.136,0,0,-0.417,0.076,0.006,0.022,0,0,0,0.001,0,0,0.223,0,0.009,0.007,0,0,0,0,0,0,0,0,0,0,0
Cash Flow from Financing,74.122,23.428,-0.793,29.879,4.679,7.494,0.07,11.996,2.193,9.896,5.769,4.176,2.559,2.266,72.58,,-0.038,0.335,68.839,3.445,0.579,-0.462,24.383,0.386,-0.089,-0.107,-0.109,0.839,-1.431,-0.051,1.477,21.986,5.681,5.658,0.662,-2.226,0.712,-0.185,2.147,-1.489,7.039,0.495,-0.111,-0.739,0.438,-2.2,2.406,1.335,10.034,1.627,-0.007,0.462,0.086,4.424,1.133,2.748,1.576,2.833,0.019,-0.052,3.033,1.487,1.47,-0.044,1.316,0.222,0.731,1.734,0.004,-0.355,1.729,0.055,0.438
,,,,,,,,,,,,,,,,,,,,,,,,,,,,,,,,,,,,,,,,,,,,,,,,,,,,,,,,,,,,,,,,,,,,,,,,,
Beginning Cash Position,39.082,21.29,25.02,7.551,4.331,0.373,2.115,0.156,2.786,1.894,0.352,0.388,0.988,0,36.99,,103.388,109.204,43.19,35.5,38.376,38.472,19.064,20.102,23.202,21.189,22.788,22.747,25.405,29.399,28.479,11.599,7.267,1.808,2.13,4.847,4.284,5.949,4.708,7.602,0.385,0.383,0.873,2.142,2.129,4.637,5.436,9.899,0.159,-0.057,0.518,0.67,2.807,1.19,1.943,0.137,1.898,0.143,0.554,1.47,0.353,0.319,0.146,1.077,0.405,1.379,1.233,0.583,0.983,1.575,0.024,0.192,0
  Effect of Exchange Rate Changes,-0.93184,1.0528998,1.0205975,-1.8044548,0,0,0,0,0,0.0623574,0,0,0,0,0.21,,1.6458,0.30464,-2.4214281,0.683098,0.7214606,2.2454177,-0.202419,0.8632624,-1.97534,0.5070065,-0.4131192,0.611294,0.3235782,-0.6086508,-0.3506146,-0.538125,-0.271593,0,0,0,0,0,0,0,0,0,0,0,0,0,0,0,-0.0466494,0,0,0,0,0.1197658,-0.0645678,0.021588,-0.0139132,0,0,0,0,0,0,0,0,0,0,0,0,0,0,0,0
Net Change in Cash,65.45,17.82,-3.132,17.977,2.841,3.862,-1.743,1.969,-2.629,0.88,1.558,-0.034,-0.582,0.996,56.8,,-9.596,-4.672,64.912,6.154,-1.861,0.638,20.672,-0.572,-2.497,0.699,-1.484,0.124,-2.516,-3.871,0.042,17.08,4.162,5.364,-0.334,-2.646,0.477,-1.714,1.144,-2.896,7.389,-0.011,-0.434,-1.261,0.011,-2.513,-1.002,-4.304,9.64,0.215,-0.487,-0.164,-2.117,1.585,-0.747,1.838,-1.762,1.767,-0.419,-0.892,1.115,0.035,0.188,-0.958,0.689,-0.973,0.161,0.618,-0.415,-0.58,1.327,-0.169,0.19
Ending Cash Position,104.532,39.11,21.888,25.528,7.172,4.235,0.372,2.124,0.157,2.774,1.91,0.354,0.407,0.996,93.792,,93.792,104.532,108.103,41.654,36.514,39.11,39.736,19.53,20.704,21.888,21.303,22.87,22.888,25.528,28.521,28.678,11.429,7.172,1.796,2.202,4.76,4.235,5.853,4.706,7.774,0.372,0.439,0.88,2.14,2.124,4.434,5.595,9.799,0.157,0.031,0.506,0.689,2.774,1.195,1.975,0.136,1.91,0.135,0.578,1.468,0.354,0.334,0.119,1.095,0.407,1.394,1.202,0.568,0.996,1.351,0.023,0.19
,,,,,,,,,,,,,,,,,,,,,,,,,,,,,,,,,,,,,,,,,,,,,,,,,,,,,,,,,,,,,,,,,,,,,,,,,
Capital Expenditure,-25.961,-5.044,-8.067,-14.492,-10.491,-9.775,-3.412,-4.438,-1.829,-6.755,-2.216,-2.669,-2.14,-0.651,-30.92,,-10.267,-8.178,-8.644,-3.831,-4.948,-3.575,-0.392,-0.607,-0.564,-1.158,-0.997,-1.047,-4.993,-4.932,-2.23,-4.125,-3.251,-3.168,-2.101,-1.776,-3.266,-2.537,-2.552,-2.436,-2.17,1.621,-1.747,-2.085,-1.061,-1.046,-2.378,-0.68,-0.202,-0.827,-0.497,-0.356,-0.114,-2.401,-1.171,-0.147,-2.994,-0.766,0.108,-0.34,-1.149,-0.907,-0.503,-0.954,-0.349,-0.617,-0.514,-0.831,-0.295,0,0.181,0,0
Free Cash Flow,-3.508,-3.311,-3.359,-16.698,-13.139,-14.345,-6.902,-9.068,-2.921,-9.078,-4.212,-3.956,-2.818,-1.012,-15.48,,-11.27,-6.021,-1.076,2.883,0.361,0.889,-2.15,-1.821,-0.433,0.299,-0.963,-1.326,-1.447,-4.6,-2.259,-6.439,-3.387,-3.174,-2.689,-3.356,-3.849,-4.062,-3.014,-4.686,-2.457,-1.113,-1.629,-2.356,-1.645,-2.201,-3.408,-2.841,-0.348,-1.472,-0.528,-0.315,-0.56,-2.96,-1.816,-0.931,-3.324,-1.066,-0.336,-0.841,-1.917,-1.193,-1.282,-0.919,-0.627,-0.863,-0.571,-1.124,-0.419,-0.126,0.002,-0.021,0
,,,,,,,,,,,,,,,,,,,,,,,,,,,,,,,,,,,,,,,,,,,,,,,,,,,,,,,,,,,,,,,,,,,,,,,,,
Valuation Ratios,,,,,,,,,,,,,,,,,,,,,,,,,,,,,,,,,,,,,,,,,,,,,,,,,,,,,,,,,,,,,,,,,,,,,,,,,
PE Ratio,0,0,0,0,0,0,0,0,0,0,0,0,0,0,0,,0,0,243.44,0,0,0,0,0,0,0,79.55,475,0,0,0,0,0,0,0,0,0,0,0,0,0,0,0,0,0,0,0,0,0,0,0,0,0,0,0,0,0,0,0,0,0,0,0,0,0,0,0,0,0,9999,9999,9999,9999
PE Ratio without NRI,0,0,0,0,0,0,0,0,0,0,0,0,0,0,0,,0,0,243.44,0,0,0,0,0,0,0,79.55,475,0,0,0,0,0,0,0,0,0,0,0,0,0,0,0,0,0,0,0,0,0,0,0,0,0,0,0,0,0,0,0,0,0,0,0,0,0,0,0,0,0,9999,9999,9999,9999
Price-to-Owner-Earnings,1193.75,0,0,0,0,0,0,0,0,0,0,0,0,0,0,,0,1193.75,288.52,0,0,0,0,0,0,0,0,0,0,0,0,0,0,0,0,0,0,0,0,0,0,0,0,0,0,0,0,0,0,0,0,0,0,0,0,0,0,0,0,0,0,0,0,0,0,0,0,0,0,0,0,0,0
PB Ratio,5.89,4.54,2.91,2.84,4.99,2.22,1.69,4.02,1.63,1.67,1.67,3.56,3.6,1.07,5.3,,5.55,5.89,4.86,9.2,5.39,4.54,3.23,2.22,1.51,2.91,2.46,2.65,3.16,2.84,3.45,3.81,5.78,4.99,6.55,3.06,2.22,2.22,2.42,2.19,1.74,1.69,2.27,6.22,4.63,4.02,2.14,3.2,2.96,1.63,1.63,1.81,1.75,1.67,1.7,1.46,1.39,1.67,2.12,2.31,2.32,3.56,1.83,1.77,1.58,3.6,3.08,2.42,2.89,1.07,1.63,0,0
Price-to-Tangible-Book,5.89,4.54,2.91,2.84,4.99,2.22,1.69,4.02,1.63,1.67,1.67,3.56,3.6,1.07,5.3,,5.55,5.89,4.86,9.2,5.39,4.54,3.23,2.22,1.51,2.91,2.46,2.65,3.16,2.84,3.45,3.81,5.78,4.99,6.55,3.06,2.22,2.22,2.42,2.19,1.74,1.69,2.27,6.22,4.63,4.02,2.14,3.2,2.96,1.63,1.63,1.81,1.75,1.67,1.7,1.46,1.39,1.67,2.12,2.31,2.32,3.56,1.83,1.77,1.58,3.6,3.08,2.42,2.89,1.07,1.63,0,0
Price-to-Free-Cash-Flow,0,0,0,0,0,0,0,0,0,0,0,0,0,0,0,,0,0,243.44,540,0,0,0,0,0,0,0,0,0,0,0,0,0,0,0,0,0,0,0,0,0,0,0,0,0,0,0,0,0,0,0,0,0,0,0,0,0,0,0,0,0,0,0,0,0,0,0,0,0,0,0,0,0
Price-to-Operating-Cash-Flow,43.81,183.33,33.05,0,0,0,0,0,0,0,0,0,0,0,55.39,,57.92,43.81,31.54,61.2,74.7,183.33,0,284,60.63,33.05,38.89,42.22,122.22,0,0,0,0,0,0,0,0,0,0,0,0,0,0,0,0,0,0,0,0,0,0,0,0,0,0,0,0,0,0,0,0,0,0,0,0,0,0,0,0,0,0,0,0
PS Ratio,22.42,18.16,19.31,0,0,0,0,0,0,0,0,0,0,0,19.93,,20.84,22.42,16.75,23.42,16.22,18.16,24.86,13.79,10.43,19.31,20.35,31.67,62.86,0,0,0,0,0,0,0,0,0,0,0,0,0,0,0,0,0,0,0,0,0,0,0,0,0,0,0,0,0,0,0,0,0,0,0,0,0,0,0,0,0,0,0,0
PEG Ratio,0,0,0,0,0,0,0,0,0,0,0,0,0,0,0,,0,0,0,0,0,0,0,0,0,0,0,0,0,0,0,0,0,0,0,0,0,0,0,0,0,0,0,0,0,0,0,0,0,0,0,0,0,0,0,0,0,0,0,0,0,0,0,0,0,0,0,0,0,0,0,0,0
EV-to-Revenue,20.65,17.92,16.73,0,0,0,0,0,0,0,0,0,0,0,18.22,,19.41,20.65,15.94,22.9,15.42,17.92,23.94,11.57,7.72,16.73,17.39,27.01,54.18,0,0,0,0,0,0,0,0,0,0,0,0,0,0,0,0,0,0,0,0,0,0,0,0,0,0,0,0,0,0,0,8590.43,0,9167.93,3213.72,2525.96,0,3421.75,2112.28,4949.71,0,0,0,0
EV-to-EBITDA,80.05,664.2,56.45,-37.13,-75.02,-10.6,-3.78,-2.78,-7.73,-10.75,-5.2,-15.13,-4.71,-3.25,102.52,,109.22,80.05,56.46,107.4,111.44,664.2,-48.59,-92.55,34.58,56.45,29.52,60.66,-117.91,-37.13,-48.25,-56.72,-123.68,-75.02,-31.21,-16.9,-9.73,-10.6,-15.61,-5.06,-5.19,-3.78,-2.07,-3.4,-2.51,-2.78,-10.95,-14.76,-18.21,-7.73,-8.41,-9.69,-10.15,-10.75,-8.56,-6.65,-5.66,-5.2,-7.73,-8.72,-8.69,-15.13,-3.35,-2.75,-2.4,-4.71,-15.25,-9.94,-10.27,0,0,0,0
EV-to-EBIT,125.36,-135.16,511.17,-37.13,-75.02,-10.6,-3.78,-2.78,-7.7,-10.73,-5.19,-15.06,-4.69,-3.22,283.73,,302.29,125.36,83.6,207.75,1033.34,-135.16,-29.97,-26.54,-95.36,511.17,41.46,86.48,-92.26,-37.13,-48.25,-56.72,-123.68,-75.02,-31.21,-16.9,-9.73,-10.6,-15.61,-5.06,-5.19,-3.78,-2.07,-3.4,-2.51,-2.78,-10.94,-14.74,-18.16,-7.7,-8.39,-9.66,-10.13,-10.73,-8.55,-6.64,-5.65,-5.19,-7.71,-8.7,-8.66,-15.06,-3.34,-2.74,-2.39,-4.69,-15.04,-9.81,-10.13,0,0,0,0
Earnings Yield (Joel Greenblatt) %,0.8,-0.74,0.2,-2.69,-1.33,-9.43,-26.46,-35.97,-12.99,-9.32,-19.27,-6.64,-21.32,-31.05,0.35,,0.33,0.8,1.2,0.48,0.1,-0.74,-3.34,-3.77,-1.05,0.2,2.41,1.16,-1.08,-2.69,-2.07,-1.76,-0.81,-1.33,-3.2,-5.92,-10.28,-9.43,-6.41,-19.76,-19.27,-26.46,-48.31,-29.41,-39.84,-35.97,-9.14,-6.78,-5.51,-12.99,-11.92,-10.35,-9.87,-9.32,-11.7,-15.06,-17.7,-19.27,-12.97,-11.49,-11.55,-6.64,-29.94,-36.5,-41.84,-21.32,-6.65,-10.19,-9.87,0,0,0,0
Forward Rate of Return (Yacktman) %,0,0,0,0,0,0,0,0,-43.58,-34.54,0,0,0,0,0,,0,0,0,0,0,0,0,0,0,0,0,0,0,0,0,0,0,0,0,0,0,0,0,0,0,0,0,0,0,0,0,-25.72,-25.65,-43.58,-50.34,0,0,-34.54,0,0,0,0,0,0,0,0,0,0,0,0,0,0,0,0,0,0,0
Shiller PE Ratio,0,0,0,0,0,0,0,0,0,0,0,0,0,0,0,,0,0,0,0,0,0,0,0,0,0,0,0,0,0,0,0,0,0,0,0,0,0,0,0,0,0,0,0,0,0,0,0,0,0,0,0,0,0,0,0,0,0,0,0,0,0,0,0,0,0,0,0,0,0,0,0,0
Dividend Yield %,0,0,0,0,0,0,0,0,0,0,0,0,0,0,0,,0,0,0,0,0,0,0,0,0,0,0,0,0,0,0,0,0,0,0,0,0,0,0,0,0,0,0,0,0,0,0,0,0,0,0,0,0,0,0,0,0,0,0,0,0,0,0,0,0,0,0,0,0,0,0,0,0
,,,,,,,,,,,,,,,,,,,,,,,,,,,,,,,,,,,,,,,,,,,,,,,,,,,,,,,,,,,,,,,,,,,,,,,,,
Valuation and Quality,,,,,,,,,,,,,,,,,,,,,,,,,,,,,,,,,,,,,,,,,,,,,,,,,,,,,,,,,,,,,,,,,,,,,,,,,
Market Cap,1001.596,354.9,155.226,149.661,92.639,27.908,18.824,25.747,28.383,30.139,16.045,21.942,10.774,2.398,895.347,,936.283,1001.596,815.451,887.44,466.122,354.9,240.594,112.952,77.162,155.226,139.345,151.348,172.385,149.661,184.138,200.014,141.376,92.639,81.844,39.012,29.523,27.908,33.888,29.301,26.214,18.824,28.236,31.214,28.029,25.747,36.781,54.307,54.449,28.383,26.181,29.454,29.999,30.139,23.985,17.583,13.98,16.045,16.914,19.679,19.295,21.942,9.134,6.7,6.7,10.774,12.909,8.261,5.958,2.398,3.804,0,0
Enterprise Value ($M),906.629,317.337,133.96,124.23,93.306,34.805,26.527,38.959,29.822,27.392,14.837,21.588,10.367,1.403,799.834,,852.112,906.629,716.475,854.142,431.702,317.337,201.742,94.238,57.002,133.96,118.181,128.67,149.736,124.23,155.763,171.525,137.852,93.306,87.55,44.893,35.536,34.805,39,35.072,30.632,26.527,35.726,44.862,36.805,38.959,44.461,60.568,56.368,29.822,28.022,30.579,29.963,27.392,22.83,17.386,14.9,14.837,16.779,19.101,17.827,21.588,8.8,6.561,5.605,10.367,11.515,7.059,5.39,1.403,2.453,0,0
Month End Stock Price,9.55,3.85,1.95,1.91,1.64,0.56,0.48,0.84,0.98,1.12,1.06,2.16,1.72,0.58,8.53,,8.92,9.55,7.79,9.18,4.93,3.85,2.61,1.42,0.97,1.95,1.75,1.9,2.2,1.91,2.35,2.6,2.1,1.64,1.52,0.74,0.56,0.56,0.68,0.62,0.56,0.48,0.72,0.98,0.88,0.84,1.2,1.86,1.88,0.98,0.96,1.08,1.1,1.12,1.08,0.92,0.88,1.06,1.36,1.6,1.62,2.16,1.04,0.92,0.92,1.72,2.16,1.52,1.44,0.58,0.92,0,0
Net Cash per Share,0.65,0.27,0.15,0.2,-0.2,-0.3,-0.43,-0.64,-0.45,-0.04,-0.02,0,-0.02,0.23,0.56,,0.56,0.65,0.72,0.16,0.22,0.27,0.33,0.12,0.13,0.15,0.17,0.19,0.18,0.2,0.24,0.26,-0.1,-0.2,-0.28,-0.28,-0.26,-0.3,-0.24,-0.26,-0.25,-0.43,-0.39,-0.66,-0.62,-0.64,-0.56,-0.53,-0.49,-0.45,-0.46,-0.39,-0.25,-0.04,-0.11,-0.19,-0.16,-0.02,-0.12,-0.1,0.08,0,-0.02,-0.11,0.07,-0.02,0.2,0.2,0.12,0.23,0.31,-0.1,1.67
Net Current Asset Value,0.8,0.39,0.22,0.24,-0.13,-0.24,-0.36,-0.57,-0.44,-0.03,-0.01,0,0,0.25,0.73,,0.73,0.8,0.85,0.27,0.32,0.39,0.39,0.19,0.2,0.22,0.25,0.25,0.24,0.24,0.3,0.31,-0.03,-0.13,-0.22,-0.21,-0.2,-0.24,-0.17,-0.2,-0.2,-0.36,-0.33,-0.6,-0.55,-0.57,-0.51,-0.5,-0.44,-0.44,-0.45,-0.38,-0.24,-0.03,-0.09,-0.18,-0.16,-0.01,-0.11,-0.09,0.09,0,-0.01,-0.1,0.08,0,0.2,0.21,0.14,0.25,0.33,-0.09,1.78
Net-Net Working Capital,0.7,0.33,0.18,0.21,-0.18,-0.28,-0.41,-0.62,-0.45,-0.04,-0.02,0,-0.02,0.24,0.61,,0.61,0.7,0.76,0.2,0.27,0.33,0.36,0.15,0.16,0.18,0.2,0.21,0.2,0.21,0.26,0.27,-0.08,-0.18,-0.26,-0.26,-0.25,-0.28,-0.22,-0.25,-0.24,-0.41,-0.38,-0.65,-0.6,-0.62,-0.55,-0.53,-0.49,-0.45,-0.46,-0.39,-0.25,-0.04,-0.11,-0.19,-0.16,-0.02,-0.11,-0.1,0.09,0,-0.02,-0.11,0.08,-0.02,0.2,0.21,0.13,0.24,0.32,-0.09,1.76
Intrinsic Value: Projected FCF,0.46,-0.31,-0.7,-0.73,-1.87,-1.4,-1.21,-1.42,-0.95,0,0,0,0,0,0.33,,0.33,0.46,0.56,-0.03,-0.18,-0.31,-0.46,-0.73,-0.7,-0.7,-0.68,-0.67,-0.67,-0.73,-1.09,-1.05,-1.65,-1.87,-1.72,-1.63,-1.51,-1.4,-1.33,-1.2,-1.21,-1.21,-1.27,-1.65,-1.5,-1.42,-1.08,-0.93,-0.9,-0.95,0,0,0,0,0,0,0,0,0,0,0,0,0,0,0,0,0,0,0,0,0,0,0
Median PS Value,0,0,0,0,0,0,0,0,0,0,0,0,0,0,0,,0,0,0,0,0,0,0,0,0,0,0,0,0,0,0,0,0,0,0,0,0,0,0,0,0,0,0,0,0,0,0,0,0,0,0,0,0,0,0,0,0,0,0,0,0,0,0,0,0,0,0,0,0,0,0,0,0
Peter Lynch Fair Value,0,0,0,0,0,0,0,0,0,0,0,0,0,0,0,,0,0,0,0,0,0,0,0,0,0,0,0,0,0,0,0,0,0,0,0,0,0,0,0,0,0,0,0,0,0,0,0,0,0,0,0,0,0,0,0,0,0,0,0,0,0,0,0,0,0,0,0,0,0,0,0,0
Graham Number,0,0,0,0,0,0,0,0,0,0,0,0,0,0,0,,0,0,1.07,0,0,0,0,0,0,0,0.6,0.26,0,0,0,0,0,0,0,0,0,0,0,0,0,0,0,0,0,0,0,0,0,0,0,0,0,0,0,0,0,0,0,0,0,0,0,0,0,0,0,0,0,0,0,0,0
Earnings Power Value (EPV),-0.27,-0.76,-0.95,-0.79,-1.12,-1.17,-1.08,-1.53,-1.1,-1.27,0,0,0,0,-0.48,,-0.48,-0.27,-0.22,-0.75,-0.81,-0.76,-0.65,-0.96,-0.97,-0.95,-0.95,-0.99,-0.96,-0.79,-0.65,-0.62,-1.03,-1.12,-1.2,-1.2,-1.13,-1.17,-1.06,-1.01,-1.04,-1.08,-1.36,-1.61,-1.42,-1.53,-1.36,-1.2,-1.04,-1.1,-1.1,-1.11,-1.13,-1.27,0,0,0,0,0,0,0,0,0,0,0,0,0,0,0,0,0,0,0
Altman Z-Score,22.51,16.15,9,8.58,1.09,-1.42,-2.39,-2.74,-0.24,1.57,2.19,31.54,10.69,23.34,20.93,,21.87,22.51,21.21,29.01,19.58,16.15,15.19,6.01,3.87,9,10.24,10.91,11.27,8.58,10.44,9.32,2.36,1.09,0.38,-1.14,-1.41,-1.42,-1,-1.81,-1.51,-2.39,-3.44,-2.93,-2.96,-2.74,-0.25,0.36,0.44,-0.24,-0.2,0.17,0.47,1.57,1.08,0.16,1.19,2.19,4.75,4.09,21.95,31.54,8.69,2.4,5.89,10.69,36.92,46.16,45.24,23.34,0,0,0
Piotroski F-Score,6,5,4,3,3,2,3,2,2,2,1,5,9999,9999,4,,4,6,6,5,5,5,4,5,6,4,5,6,5,3,3,3,3,3,0,1,2,2,2,4,4,3,2,1,2,2,2,3,3,2,3,3,4,2,3,3,2,1,3,3,4,5,2,2,2,9999,9999,9999,9999,9999,9999,9999,9999
Beneish M-Score,-2.53,-0.14,4043.8,-3.66,-5.25,-3.79,-6.94,-6.67,-4.83,-4.55,-1.74,9999999.999,0,0,-2.66,,-2.66,-2.53,-0.18,0.86,8.08,-0.14,-11.32,-3.71,-0.72,4043.8,2916.28,2044.44,1185.56,-3.66,-3.61,-3.49,-4.97,-5.25,-5.25,-4.34,-6.88,-3.79,-5.91,-5.96,-6.46,-6.94,-6.36,-7.95,-7.58,-6.67,-4.75,-5.61,-6.16,-4.83,-5.7,-5.4,2,-4.55,-5.05,-4.74,-4.78,-1.74,-0.09,-9999999.999,-9999999.999,9999999.999,1,-7.05,-5.84,0,0,0,0,0,0,0,0
Scaled Net Operating Assets,0.815,0.64,0.515,0.736,0.602,0.685,0.668,0.64,0.798,1.3,1.281,1.644,1.123,0.541,0.41,,0.41,0.376,0.559,0.616,0.565,0.483,0.588,0.524,0.488,0.499,0.545,0.546,0.513,0.432,0.409,0.564,0.566,0.66,0.616,0.582,0.605,0.61,0.629,0.553,0.684,0.664,0.738,0.67,0.526,0.501,0.648,0.545,0.663,0.653,0.643,0.678,0.725,0.786,0.736,0.929,0.932,0.878,0.764,0.9,1.042,1.056,0.98,0.76,0.887,0.588,0.794,1.033,0.65,0.522,0.875,0.884,0.677
Sloan Ratio %,3.56,4.05,3.93,10.48,-0.97,-2.7,-23.71,-16.8,4.36,28.81,11.6,41.85,23.08,36.72,6.12,,6.12,3.66,3.17,3.75,7.22,4.09,-1.9,-2.04,1.16,4.11,14.47,12.83,11.97,10.36,4.61,4.52,2.64,-0.54,-2.33,-1.75,-1.89,-2.73,-1.25,-19.45,-17.69,-22.96,-60.82,-37.44,-22.71,-17.54,15.32,9.81,0.68,4.31,10.95,16.64,20.44,28.64,22.79,17.74,23.86,11.86,25.59,31.82,39.54,42.53,23.06,16.7,21.88,27.47,35.79,41.24,34.95,,,,
Current Ratio,5.38,6.12,3.84,4.53,1.41,0.81,0.25,0.37,0.05,0.88,1.51,1.77,0.96,17.6,4.81,,4.81,5.38,6.42,3.93,4.9,6.12,8.92,4.42,4.51,3.84,4.41,4.39,3.89,4.53,5.12,5.79,2.16,1.41,0.69,0.84,0.96,0.81,0.95,0.86,0.92,0.25,0.23,0.24,0.34,0.37,0.52,0.62,0.82,0.05,0.07,0.17,0.4,0.88,0.95,1.07,0.14,1.51,0.14,0.38,3.93,1.77,0.98,0.21,2.56,0.96,6.78,11.67,8.16,17.6,26.48,0.17,3.88
Quick Ratio,5.13,5.84,3.43,4.28,1.15,0.6,0.12,0.28,0.05,0.88,1.51,1.77,0.96,17.6,4.61,,4.61,5.13,6.19,3.62,4.6,5.84,8.36,4,3.87,3.43,3.85,3.83,3.46,4.28,4.82,5.42,1.81,1.15,0.43,0.57,0.76,0.6,0.75,0.7,0.83,0.12,0.15,0.17,0.26,0.28,0.46,0.59,0.82,0.05,0.07,0.17,0.4,0.88,0.95,1.07,0.14,1.51,0.14,0.38,3.93,1.77,0.98,0.21,2.56,0.96,6.78,11.67,8.16,17.6,26.48,0.17,3.88
Cash Ratio,4.68,4.8,3.03,4.05,0.93,0.45,0.03,0.19,0.04,0.82,1.45,1.43,0.76,16.14,4.05,,4.05,4.68,5.73,3.09,3.83,4.8,7.78,3.5,3.59,3.03,3.41,3.61,3.29,4.05,4.47,5.03,1.55,0.93,0.25,0.33,0.56,0.45,0.61,0.55,0.71,0.03,0.04,0.07,0.18,0.19,0.39,0.53,0.71,0.04,0.04,0.13,0.34,0.82,0.85,0.95,0.09,1.45,0.09,0.35,3.67,1.43,0.82,0.15,2.38,0.76,6.68,11.23,7.24,16.14,25.54,0.05,3.71
Interest Coverage,10000,0,0,0,0,0,0,0,0,0,0,10000,0,10000,,,0,10000,0,10000,0,6.95,0,0,0,0,0.98,15.82,87.33,0,0,0,0,0,0,0,0,0,0,0,0,0,0,0,0,0,0,0,0,0,0,0,0,0,0,0,0,0,10000,10000,10000,0,0,10000,10000,0,10000,10000,10000,10000,10000,10000,10000
Highest Stock Price,11.6,3.85,2.6,2.96,1.66,1.02,1.22,2.04,1.2,1.24,2.16,2.4,2.16,1.24,11.85,,11.36,10.25,11.6,9.18,5.58,3.85,2.76,2.44,2.25,2,2.2,2.3,2.6,2.78,2.96,2.96,2.88,1.66,1.6,0.78,0.64,0.64,1.02,0.68,0.72,0.84,1.04,1.2,1.22,1.2,1.94,1.98,2.04,1.1,1.16,1.2,1.2,1.18,1.08,1.2,1.24,1.48,1.74,1.78,2.16,2.4,1.38,1,1.84,2.04,2.16,2,1.68,0.92,1.24,0,0
Lowest Stock Price,3.8,0.82,1.58,1.64,0.48,0.44,0.42,0.78,0.88,0.78,0.96,0.72,0.58,0,5.69,,8,7.76,7.3,5.1,3.8,2.62,1.29,0.95,0.82,1.63,1.69,1.9,1.58,1.7,2.02,2.08,1.64,1.24,0.72,0.48,0.5,0.44,0.56,0.54,0.44,0.42,0.72,0.78,0.8,0.78,1.2,1.48,0.96,0.92,0.88,0.92,0.96,0.98,0.78,0.82,0.88,0.96,1.18,1.12,1.6,0.96,0.76,0.72,0.92,1.66,1.32,1.42,0.58,0.44,0.92,0,0
Shares Buyback Ratio %,-13.77,-15.8,-1.59,-38.72,-13.35,-27.08,-27.95,-5.83,-7.63,-77.78,-49.01,-62.17,-51.49,,-11.01696744,,-0.08,-0.19,-8.28,-2.25,-2.57,0,-15.89,0.01,0.07,0.03,0.04,-1.66,0,0,-1.86,-14.27,-19.18,-4.91,-2.13,0,-5.79,0,-5.45,-0.96,-19.36,0,-23.13,0,-3.92,0,-4.98,-0.81,0,-6.2,0,0,-1.35,-21.17,-16.2,-20.3,-4.95,-21.71,-1.12,-3.27,-17.25,-15.66,-20.6,0,-16.26,-4.81,-9.97,-31.35,-0.06,0,0,-4881.93,
Buyback Yield %,-7.05,-7.21,0.08,-18.72,-1.54,-17.21,-7.98,0,0,-29.53,-31.41,-19,-23.76,-94.5,-7.81,,0,0,-34.31,0,0,0,-44.03,0.01,0.35,0,0.17,0,0,29.45,-3.11,-60.04,-18.58,0.33,-0.11,-3.15,-16.05,1.72,-15.84,1.64,-55.56,1.37,-4.92,-0.22,-16.84,33.18,-21.79,-0.88,0,0.85,0.21,0.55,-1.15,-58.86,-18.89,-47.78,-34.83,-53.12,4.81,1.05,-62.7,-26.98,-64.37,2.6,-78.6,-8.25,-22.66,-83.94,-0.25,59.26,-181.81,0,0
YoY Rev. per Sh. Growth,101.52,110.3,0,0,0,0,0,0,0,0,0,0,0,0,43.33,,1.78,-29.76,262.28,254.72,1078.49,301.42,8.82,36.6,-73.52,0,0,0,0,0,0,0,0,0,0,0,0,0,0,0,0,0,0,0,0,0,0,0,0,0,0,0,0,0,0,0,0,0,0,0,0,0,0,-43.76,0,0,0,0,0,0,0,0,0
YoY EPS Growth,88.58,-279.27,82.85,-32.32,48.84,71.31,46.44,-330.83,-0.43,50.37,-19.35,54.47,-172.99,0,-150,,-774.45,-291.08,150.17,74.66,155.26,162.19,-624.56,-258.82,-230.51,0,140.64,130.37,141.35,-100,-31.68,-285.18,35.58,101.43,7.11,74.36,-51.96,-23.03,93.26,-0.05,66.81,91.97,-300.67,50.93,0.95,-949.84,1.6,-107.11,0.2,3.97,-0.86,3.01,-1.08,52.96,-2.88,-0.23,50.43,-82.88,3.5,-2.44,-100.28,86.05,1.06,49.27,-0.2,-1195.82,-1.23,2.86,89.72,0,0,0,0
YoY EBITDA Growth (%),1826.35,-80.85,165.16,-94,66.45,65.61,56.93,-234.46,-7.84,43.74,-32.06,55.93,-146.22,0,166.67,,-100.14,-50.64,235.54,252.69,0,461.94,-231.32,-212.08,-103.55,-235.64,329.26,155.95,255.12,429.23,-7.04,-524.77,44.17,92.29,-60.99,82.66,-135.14,-47.26,96.81,-330.24,86.62,94,-592.49,89.56,-168.64,-613.11,14.45,-131.34,66.12,-27.62,-7.8,10.07,6.41,47.26,33.22,32.96,50.19,-92.69,37.01,15.86,-98.67,80.98,-73.2,27.3,-3.47,-663.84,4.83,-13.47,89.25,0,0,0,0
5-Year EBITDA Growth Rate (Per Share),0,0,0,37.74,19.83,1.2,-11.48,13.99,15.3,-1.68,0,0,0,0,0,,0,0,0,0,0,0,0,0,0,0,0,0,42.46,37.74,34.15,30.97,27.33,19.83,12.89,8.79,3.99,1.2,-3.7,-10.06,-9.76,-11.48,-8.4,-0.07,6.88,13.99,17.33,15.53,13.5,15.3,-10.34,0,0,-1.68,0,0,0,0,0,0,0,0,0,0,0,0,0,0,0,0,0,0,0
Shares Outstanding (Basic Average),98.348,83.691,79.603,73.131,52.741,46.727,34.299,29.557,27.204,19.365,12.194,8.056,5.473,2.646,104.971,,104.971,105.085,95.678,95.248,94.151,92.275,83.311,79.568,79.549,79.536,79.626,78.573,78.357,78.414,77.684,75.394,61.126,53.844,52.893,51.164,51.164,50.04,49.667,46.81,39.801,39.271,35.269,31.851,30.758,30.663,29.539,29.062,28.962,27.273,27.272,27.272,26.996,23.761,20.882,17.261,15.524,14.183,12.309,11.974,10.535,9.731,8.179,7.282,7.014,7.443,5.849,4.446,4.136,4.135,4.058,1.973,0.083
Shares Outstanding (EOP),104.879,92.182,79.603,78.357,56.487,49.835,39.217,30.651,28.962,26.91,15.137,10.158,6.264,4.135,104.96,,104.965,104.879,104.679,96.671,94.548,92.182,92.182,79.544,79.549,79.603,79.626,79.657,78.357,78.357,78.357,76.928,67.322,56.487,53.845,52.72,52.72,49.835,49.835,47.26,46.81,39.217,39.217,31.851,31.851,30.651,30.651,29.197,28.962,28.962,27.272,27.272,27.272,26.91,22.208,19.112,15.887,15.137,12.437,12.299,11.91,10.158,8.783,7.282,7.282,6.264,5.976,5.435,4.138,4.135,4.135,4.135,0.083
Beta,1.59,1.41,-0.22,-0.07,0.5,2.15,1.41,1.63,0.18,0.27,-0.37,0,0,0,1.68,,1.61,1.59,1.56,1.52,1.41,1.41,1.7,1.49,0.02,-0.22,-0.19,-0.17,-0.13,-0.07,-0.27,0.69,0.53,0.5,1.25,1.19,1.75,2.15,2.15,2.11,1.52,1.41,1.24,1.24,1.53,1.63,1.21,0.91,0.63,0.18,0.88,0.85,0.66,0.27,0.29,0.7,0.73,-0.37,0.29,0.36,0,0,0,0,0,0,0,0,0,0,0,0,0
Restated Filing Date,03/30/22,03/30/22,03/26/21,05/14/20,04/01/19,04/30/18,04/26/17,04/29/16,04/29/15,04/30/14,04/30/13,04/27/12,04/29/11,04/30/10,05/13/22,,05/13/22,03/30/22,11/15/21,08/13/21,05/13/22,03/30/22,11/15/21,08/13/21,05/13/21,03/26/21,11/13/20,09/01/20,06/30/20,05/14/20,11/14/19,08/14/19,05/13/19,04/01/19,11/13/18,08/13/18,05/28/18,04/30/18,11/29/17,08/28/17,05/26/17,04/26/17,11/25/16,08/26/16,05/30/16,04/29/16,11/30/15,08/31/15,05/28/15,04/29/15,11/27/14,08/29/14,05/29/14,04/30/14,11/29/13,08/29/13,05/30/13,04/30/13,11/28/12,08/29/12,05/29/12,04/27/12,11/29/11,08/26/11,06/29/11,04/29/11,11/29/10,08/27/10,05/31/10,04/30/10,11/24/09,08/26/09,05/28/09
Filing Date,03/30/22,03/30/22,05/14/20,04/01/19,04/30/18,04/26/17,04/29/16,04/29/15,04/30/14,04/30/13,04/27/12,04/29/11,04/30/10,04/29/09,05/13/22,,05/13/22,03/30/22,11/15/21,08/13/21,05/13/22,03/30/22,11/13/20,09/01/20,06/30/20,05/14/20,11/14/19,08/14/19,05/13/19,04/01/19,11/13/18,08/13/18,05/28/18,04/30/18,11/29/17,08/28/17,05/26/17,04/26/17,11/25/16,08/26/16,05/30/16,04/29/16,11/30/15,08/31/15,05/28/15,04/29/15,11/27/14,08/29/14,05/29/14,04/30/14,11/29/13,08/29/13,05/30/13,04/30/13,11/28/12,08/29/12,05/29/12,04/27/12,11/29/11,08/26/11,06/29/11,04/29/11,11/29/10,08/27/10,05/31/10,04/30/10,11/24/09,08/26/09,05/28/09,04/29/09,11/24/09,08/26/09,05/28/09
Earnings Release Date,,,,,,,,,,,,,,,,,,,,,,,,,,,,,,,,,,,,,,,,,,,,,,,,,,,,,,,,,,,,,,,,,,,,,,,,,
Number of Shareholders,0,0,0,0,0,0,0,0,0,0,0,0,0,0,0,,0,0,0,0,0,0,0,0,0,0,0,0,0,0,0,0,0,0,0,0,0,0,0,0,0,0,0,0,0,0,0,0,0,0,0,0,0,0,0,0,0,0,0,0,0,0,0,0,0,0,0,0,0,0,0,0,0
Number of Employees,285,223,194,190,190,0,0,0,0,0,0,0,0,0,285,,285,285,223,223,223,223,194,194,194,194,190,190,190,190,190,190,190,190,0,0,0,0,0,0,0,0,0,0,0,0,0,0,0,0,0,0,0,0,0,0,0,0,0,0,0,0,0,0,0,0,0,0,0,0,0,0,0
,,,,,,,,,,,,,,,,,,,,,,,,,,,,,,,,,,,,,,,,,,,,,,,,,,,,,,,,,,,,,,,,,,,,,,,,,
Forex Rate,0.78125,0.78070107,0.759359101,0.744269128,0.783146683,0.749681385,0.729235032,0.867152272,0.939937964,1.010305112,0.97703957,0.991965083,0.949036728,0.810569831,,,0.789889416,0.78125,0.789203693,0.818330606,0.795608242,0.78070107,0.755857899,0.737898465,0.716332378,0.759359101,0.755229968,0.752502069,0.747887219,0.744269128,0.767224183,0.761904762,0.773215805,0.783146683,0.814398567,0.752162467,0.746993352,0.749681385,0.76289289,0.775554522,0.756086496,0.729235032,0.753806724,0.808734331,0.792518624,0.867152272,0.908182726,0.923361034,0.900333123,0.939937964,0.966930961,0.969555943,0.976181179,1.010305112,1.022181335,0.972762646,1.00623868,0.97703957,0.997506234,1.02396068,1.02396068,0.991965083,0.968054211,0.963762529,0.97761267,0.949036728,0.924556213,0.887784091,0.790826414,0.810569831,0.945000945,0.98367106,0.997108386
,,,,,,,,,,,,,,,,,,,,,,,,,,,,,,,,,,,,,,,,,,,,,,,,,,,,,,,,,,,,,,,,,,,,,,,,,
