0,1,2,3,4,5,6,7,8,9,10,11,12,13,14,15,16,17,18,19,20,21,22,23,24,25,26,27,28,29,30,31,32,33,34,35,36,37,38,39,40,41,42,43,44,45,46,47,48,49,50,51,52
Downloaded from http://www.GuruFocus.com on Mon Jun 20 2022 17:37:20 GMT+0700 (GMT+07:00),,,,,,,,,,,,,,,,,,,,,,,,,,,,,,,,,,,,,,,,,,,,,,,,,,,,
GuruFocus_ASX:PRU_Financial_2022-6-20 at 17:37.csv,,,,,,,,,,,,,,,,,,,,,,,,,,,,,,,,,,,,,,,,,,,,,,,,,,,,
,,,,,,,,,,,,,,,,,,,,,,,,,,,,,,,,,,,,,,,,,,,,,,,,,,,,
ASX:PRU,"Perseus Mining Ltd, Australia, Basic Materials, Metals & Mining, Gold",,,,,,,,,,,,,,,,,,,,,,,,,,,,,,,,,,,,,,,,,,,,,,,,,,,
Key Statistics: ,,,,,,,,,,,,,,,,,,,,,,,,,,,,,,,,,,,,,,,,,,,,,,,,,,,,
Price,1.735,,,,,,,,,,,,,,,,,,,,,,,,,,,,,,,,,,,,,,,,,,,,,,,,,,,
Market Cap (Million),1792.106,,,,,,,,,,,,,,,,,,,,,,,,,,,,,,,,,,,,,,,,,,,,,,,,,,,
Shares Outstanding (Million),1359.65,,,,,,,,,,,,,,,,,,,,,,,,,,,,,,,,,,,,,,,,,,,,,,,,,,,
PE Ratio,12.39,,,,,,,,,,,,,,,,,,,,,,,,,,,,,,,,,,,,,,,,,,,,,,,,,,,
PB Ratio,2.05,,,,,,,,,,,,,,,,,,,,,,,,,,,,,,,,,,,,,,,,,,,,,,,,,,,
PS Ratio,2.53,,,,,,,,,,,,,,,,,,,,,,,,,,,,,,,,,,,,,,,,,,,,,,,,,,,
,,,,,,,,,,,,,,,,,,,,,,,,,,,,,,,,,,,,,,,,,,,,,,,,,,,,
Growth Rate: ,,,,,,,,,,,,,,,,,,,,,,,,,,,,,,,,,,,,,,,,,,,,,,,,,,,,
Annual Rates (per share),10 Years,5 Years,12 Months,,,,,,,,,,,,,,,,,,,,,,,,,,,,,,,,,,,,,,,,,,,,,,,,,
Revenue Growth (%),0,10.3,50.9,,,,,,,,,,,,,,,,,,,,,,,,,,,,,,,,,,,,,,,,,,,,,,,,,
EBITDA  Growth (%),0,0,55.2,,,,,,,,,,,,,,,,,,,,,,,,,,,,,,,,,,,,,,,,,,,,,,,,,
Free Cash Flow Growth (%),0,0,0,,,,,,,,,,,,,,,,,,,,,,,,,,,,,,,,,,,,,,,,,,,,,,,,,
Book Value Growth (%),0.1,2.1,18.8,,,,,,,,,,,,,,,,,,,,,,,,,,,,,,,,,,,,,,,,,,,,,,,,,
,,,,,,,,,,,,,,,,,,,,,,,,,,,,,,,,,,,,,,,,,,,,,,,,,,,,
30 Year Financials of ASX:PRU - Perseus Mining Ltd,,,,,,,,,,,,,,,,,,,,,,,,,,,,,,,,,,,,,,,,,,,,,,,,,,,,
,,,,,,,,,,,,,,,,,,,,,,,,,,,,,,,,,,,,,,,,,,,,,,,,,,,,
"All Numbers are in Millions except per share data, ratios, and percentage data; All shares outstanding data and per share data are split adjusted",,,,,,,,,,,,,,,,,,,,,,,,,,,,,,,,,,,,,,,,,,,,,,,,,,,,
,,,,,,,,,,,,,,,,,,,,,,,,,,,,,,,,,,,,,,,,,,,,,,,,,,,,
Annual Data:,,,,,,,,,,,,,,,,,,,Quarterly Data:,,,,,,,,,,,,,,,,,,,,,,,,,,,,,,,,,
Fiscal Period:,2021-06,2020-06,2019-06,2018-06,2017-06,2016-06,2015-06,2014-06,2013-06,2012-06,2011-06,2010-06,2009-06,2008-06,2007-06,2005-06,TTM/current,,2021-12,2021-06,2020-12,2020-06,2019-12,2019-06,2018-12,2018-06,2017-12,2017-06,2016-12,2016-06,2015-12,2015-06,2014-12,2014-06,2013-12,2013-06,2012-12,2012-06,2011-12,2011-06,2010-12,2010-06,2009-12,2009-06,2008-12,2008-06,2007-12,2007-06,2006-12,2005-12,2005-06,2004-12
Per Share Data,,,,,,,,,,,,,,,,,,,,,,,,,,,,,,,,,,,,,,,,,,,,,,,,,,,,
Revenue per Share,0.548,0.494,0.429,0.366,0.275,0.406,0.617,0.542,0.634,0.319,0,0,0,0,0,0,0.75,,0.436,0.314,0.233,0.264,0.23,0.192,0.237,0.203,0.163,0.164,0.11,0.146,0.274,0.354,0.263,0.252,0.292,0.317,0.318,0,0,0,0,0,0,0,0,0,0,0,0,0.001,0,0.001
EBITDA per Share,0.21,0.204,0.117,0.07,-0.039,-0.008,0.274,0.012,0.185,0.16,-0.033,-0.03,-0.017,-0.038,-0.019,-0.015,0.3,,0.17,0.128,0.081,0.111,0.093,0.057,0.06,0.045,0.025,-0.023,-0.016,-0.051,0.058,0.163,0.111,-0.022,0.037,0.038,0.147,0.159,-0.013,-0.014,-0.02,-0.019,-0.011,-0.009,-0.008,-0.024,-0.013,-0.008,-0.009,-0.01,-0.009,-0.006
EBIT per Share,0.136,0.109,0.01,-0.015,-0.092,-0.071,0.218,-0.072,0.141,0.137,-0.034,-0.031,-0.017,-0.038,-0.02,-0.015,0.19,,0.107,0.087,0.048,0.071,0.038,0.003,0.007,-0.008,-0.007,-0.054,-0.037,-0.082,0.026,0.133,0.085,-0.062,-0.008,0.016,0.125,0.139,-0.014,-0.014,-0.02,-0.02,-0.011,-0.009,-0.008,-0.025,-0.013,-0.009,-0.009,-0.01,-0.009,-0.007
Earnings per Share (Diluted),0.094,0.079,0.006,-0.025,-0.074,-0.057,0.163,-0.064,0.083,0.104,-0.113,-0.029,-0.025,-0.034,-0.005,-0.012,0.15,,0.089,0.064,0.029,0.054,0.025,-0.004,0.009,-0.013,-0.012,-0.052,-0.022,-0.08,0.022,0.088,0.075,-0.055,-0.008,0.022,0.061,0.073,0.031,-0.014,-0.099,-0.008,-0.021,-0.003,-0.022,-0.024,-0.01,-0.011,0.005,-0.01,-0.005,-0.007
EPS without NRI,0.094,0.079,0.006,-0.025,-0.074,-0.057,0.163,-0.064,0.083,0.104,-0.113,-0.029,-0.025,-0.032,-0.005,-0.012,0.15,,0.089,0.064,0.029,0.054,0.025,-0.004,0.009,-0.013,-0.012,-0.052,-0.022,-0.08,0.022,0.088,0.075,-0.055,-0.008,0.022,0.061,0.073,0.031,-0.014,-0.099,-0.008,-0.021,-0.003,-0.022,-0.022,-0.01,-0.011,0.005,-0.01,-0.005,-0.007
Owner Earnings per Share (TTM),0.081,0.092,0.049,-0.009,-0.078,-0.113,0.052,-0.177,-0.071,-0.065,-0.246,-0.107,-0.094,0,0,0,0.08,,0,0.081,0,0.092,0,0.049,0,-0.009,-0.068,-0.078,-0.074,-0.113,0.109,0.052,0,-0.177,0,-0.071,0,-0.065,0,-0.246,0,-0.107,0,-0.094,0,0,0,0,0,0,0,0
Free Cash Flow per Share,0.042,-0.05,0.068,-0.05,-0.154,-0.07,0.087,-0.059,-0.011,-0.252,-0.374,-0.218,-0.133,-0.205,-0.112,-0.032,0.13,,0.144,-0.012,0.055,-0.098,0.048,0.009,0.06,-0.044,-0.005,-0.12,-0.033,-0.039,-0.029,0.095,-0.008,-0.018,-0.042,-0.008,-0.003,-0.023,-0.246,-0.153,-0.225,-0.144,-0.068,-0.041,-0.096,-0.122,-0.079,-0.067,-0.035,-0.027,-0.014,-0.018
Operating Cash Flow per Share,0.243,0.178,0.123,0.066,0.001,0.049,0.159,0.039,0.101,0.095,-0.014,-0.009,-0.008,-0.01,-0.013,-0.011,0.35,,0.196,0.159,0.084,0.116,0.061,0.051,0.072,0.043,0.023,0.017,-0.017,0.028,0.019,0.138,0.02,0.041,-0.004,0.032,0.069,0.096,-0.009,-0.003,-0.012,-0.004,-0.005,-0.003,-0.005,-0.005,-0.005,-0.008,-0.004,-0.01,-0.004,-0.007
Cash per Share,0.148,0.187,0.107,0.03,0.023,0.151,0.195,0.069,0.077,0.228,0.224,0.439,0.265,0.108,0.045,0.032,0.219,,0.219,0.148,0.098,0.187,0.058,0.107,0.061,0.03,0.021,0.023,0.053,0.151,0.177,0.195,0.081,0.069,0.035,0.077,0.086,0.228,0.285,0.224,0.208,0.439,0.208,0.265,0.02,0.108,0.055,0.045,0.047,0.034,0.032,0.047
Dividends per Share,0,0,0,0,0,0,0,0,0,0,0,0,0,0,0,0,0.02,,0.015,0,0,0,0,0,0,0,0,0,0,0,0,0,0,0,0,0,0,0,0,0,0,0,0,0,0,0,0,0,0,0,0,0
Book Value per Share,0.841,0.742,0.665,0.683,0.686,0.758,1.073,0.864,1.02,0.779,0.509,0.76,0.44,0.334,0.184,0.085,0.923,,0.923,0.841,0.777,0.742,0.684,0.665,0.704,0.683,0.672,0.686,0.742,0.758,1.087,1.073,0.986,0.864,1.031,1.02,0.838,0.779,0.689,0.509,0.564,0.76,0.467,0.44,0.355,0.334,0.247,0.184,0.147,0.096,0.085,0.09
Tangible Book per Share,0.841,0.742,0.665,0.683,0.686,0.758,1.073,0.864,1.02,0.779,0.509,0.76,0.44,0.334,0.184,0.085,0.923,,0.923,0.841,0.777,0.742,0.684,0.665,0.704,0.683,0.672,0.686,0.742,0.758,1.087,1.073,0.986,0.864,1.031,1.02,0.838,0.779,0.689,0.509,0.564,0.76,0.467,0.44,0.355,0.334,0.247,0.184,0.147,0.096,0.085,0.09
Total Debt per Share,0.112,0.188,0.038,0.082,0.018,0,0,0,0,0.13,0.186,0,0,0,0,0,0.061,,0.061,0.112,0.139,0.188,0.063,0.038,0.066,0.082,0.059,0.018,0,0,0,0,0,0,0,0,0,0.13,0.177,0.186,0,0,0,0,0,0,0,0,0,0,0,0
Month End Stock Price,1.46,1.31,0.59,0.43,0.29,0.52,0.43,0.41,0.43,2.45,2.59,2.28,0.72,1.17,1.14,0.15,1.735,,1.62,1.46,1.3,1.31,1.16,0.59,0.42,0.43,0.38,0.29,0.34,0.52,0.32,0.43,0.26,0.41,0.24,0.43,2.08,2.45,2.37,2.59,3.34,2.28,1.75,0.72,0.57,1.17,1.34,1.14,0.49,0.39,0.15,0.17
,,,,,,,,,,,,,,,,,,,,,,,,,,,,,,,,,,,,,,,,,,,,,,,,,,,,
Ratios,,,,,,,,,,,,,,,,,,,,,,,,,,,,,,,,,,,,,,,,,,,,,,,,,,,,
ROE %,12.245,11.486,0.943,-3.652,-10.364,-5.351,17.035,-6.639,9.215,16.275,-17.861,-4.262,-4.995,-11.965,-3.849,-13.44,17.94,,20.601,16.139,7.945,15.499,7.571,-0.916,2.908,-3.917,-3.459,-14.622,-5.839,-14.229,4.209,17.267,16.449,-11.576,-1.614,4.717,15.093,20.22,9.602,-7.404,-28.255,-2.674,-9.191,-1.825,-12.764,-15.468,-9.236,-11.658,9.962,-22.18,-12.82,-12.789
ROE % Adjusted to Book Value,7.05,6.51,1.06,-5.8,-24.52,-7.8,42.5,-14,21.87,5.17,-3.51,-1.42,-3.05,-3.41,-0.62,-7.6,8.99,,11.74,9.3,4.75,8.78,4.46,-1.03,4.88,-6.22,-6.12,-34.59,-12.74,-20.73,14.3,43.08,62.41,-24.4,-6.93,11.19,6.08,6.43,2.79,-1.46,-4.77,-0.89,-2.45,-1.12,-7.94,-4.41,-1.7,-1.88,2.99,-5.45,-7.25,-6.8
ROA %,8.5921,8.3317,0.7235,-2.8286,-8.4276,-4.344,13.9412,-5.3748,6.8603,10.3189,-13.1856,-3.9278,-4.5244,-10.4214,-3.1894,-12.3763,13.56,,15.3797,11.6494,5.4865,10.9974,5.9002,-0.7171,2.1783,-2.9431,-2.7481,-11.93,-4.7281,-11.5066,3.4275,14.2791,13.6216,-9.3092,-1.2847,3.6565,10.768,13.2251,5.7711,-4.9682,-24.542,-2.5125,-8.6426,-1.6622,-11.5412,-13.5846,-7.6865,-9.9154,9.3702,-20.9951,-11.9979,-12.1539
Return-on-Tangible-Equity,12.2452,11.4857,0.9428,-3.6521,-10.3641,-5.3509,17.0355,-6.6391,9.2147,16.2754,-17.8612,-4.2621,-4.9946,-11.9648,-3.8494,-13.4401,18.43,,20.6014,16.1394,7.9453,15.4988,7.5708,-0.9161,2.908,-3.9169,-3.4593,-14.6217,-5.8391,-14.2293,4.2085,17.2666,16.4487,-11.5757,-1.6142,4.7168,15.0935,20.2202,9.6022,-7.4037,-28.2554,-2.6745,-9.1909,-1.8253,-12.7641,-15.468,-9.2356,-11.6577,9.9622,-22.18,-12.8203,-12.7886
Return-on-Tangible-Asset,8.5921,8.3317,0.7235,-2.8286,-8.4276,-4.344,13.9412,-5.3748,6.8603,10.3189,-13.1856,-3.9278,-4.5244,-10.4214,-3.1894,-12.3763,13.56,,15.3797,11.6494,5.4865,10.9974,5.9002,-0.7171,2.1783,-2.9431,-2.7481,-11.93,-4.7281,-11.5066,3.4275,14.2791,13.6216,-9.3092,-1.2847,3.6565,10.768,13.2251,5.7711,-4.9682,-24.542,-2.5125,-8.6426,-1.6622,-11.5412,-13.5846,-7.6865,-9.9154,9.3702,-20.9951,-11.9979,-12.1539
ROC (Joel Greenblatt) %,17.07,16.17,1.57,-2.12,-13.56,-7.47,24.96,-8.45,17.86,21.44,-7.16,-10.35,-6.71,-18.64,-16.54,-24.7,22.76,,25.17,20.25,12.03,19.73,11.79,0.8,2.3,-2.25,-1.93,-15.12,-10.6,-19.11,5.2,27.06,19.21,-14.75,-1.7,4,34.81,45.69,-4.25,-5.6,-9.69,-13.22,-9.76,-6.39,-5.81,-22.52,-13.03,-13.09,-27.45,-33.91,-32.61,-24.3
ROCE %,13.622,12.637,1.376,-1.999,-11.737,-5.896,20.149,-6.732,13.564,16.547,-4.455,-4.518,-3.376,-12.875,-13.247,-17.035,18.89,,20.344,17.384,9.818,15.86,9.965,0.685,2.103,-2.138,-1.847,-14.1,-8.997,-15.482,4.259,22.972,16.694,-12.018,-1.346,3.161,27.065,32.561,-3.14,-4.171,-5.288,-5.95,-4.537,-3.763,-4.464,-16.033,-10.863,-10.416,-19.335,-22.18,-19.741,-12.789
ROIC %,14.66,9.62,-1.11,-0.64,-4.88,-4.32,12.85,0.73,10.17,14.2,-6.17,-9.19,-6.18,-16.94,-14.8,0,20.85,,25.24,16.54,11.76,12.67,6.02,-4.06,-4.01,-5.77,4.9,4.57,-11.32,-10.79,2.58,17.49,5.73,-0.98,2.37,3.54,17.24,22.3,-9.25,-4.94,-8.75,-11.42,-8.56,-5.87,-5.35,-20.66,-11.7,-11.8,-26.14,-33.04,0,0
WACC %,4.26,3.89,2.05,1.04,4.77,3.56,5.34,4.8,6.06,8.77,15.02,18.89,19.01,22.24,12.2,0,4.14,,0,4.26,0,3.89,0,2.05,0,1.04,2.93,4.77,1.94,3.56,3.73,5.34,6.34,4.8,10.11,6.06,6.27,8.77,0,15.02,0,18.89,0,19.01,0,22.24,0,12.2,0,0,0,0
Effective Interest Rate on Debt %,2.95,3.09,9.24,6,1.83,,,,5.13,2.77,0,,,,,,7.01,,10.23,4.57,1.79,2.16,8.46,9.31,8.73,4.86,6.68,3.52,,,,,,,,,5.2,5.49,0,0,,,,,,,,,,,,
,,,,,,,,,,,,,,,,,,,,,,,,,,,,,,,,,,,,,,,,,,,,,,,,,,,,
Gross Margin %,44.59,46.32,32.26,36.45,99.27,0,98.13,0,36.14,55.96,0,0,0,0,0,0,45.76,,46.26,45.08,43.91,46.74,45.82,35.89,29.34,29.67,44.97,159.67,5.68,204.86,34.72,140.63,40.93,169.51,34.28,10.99,61.2,0,0,0,0,0,0,0,0,0,0,0,0,0,0,0
Operating Margin %,26.2802,19.1322,-1.3428,-1.045,-15.3346,-12.8071,25.1414,1.541,24.5363,42.1696,0,0,0,0,0,0,26.28,,25.6196,27.205,25.0124,24.3895,13.0628,0.8092,-3.0773,-8.7985,8.7042,11.1316,-56.3428,-39.523,5.6636,35.3978,11.338,-2.1748,5.0763,3.9188,45.078,0,0,0,0,0,0,0,-15833.3333,0,-82200,0,-3784.6154,-1317.6471,0,-646.2963
Net Margin %,17.0981,15.9591,1.3744,-6.838,-26.9523,-14.1315,26.3324,-11.7241,13.0689,32.5917,0,0,0,0,0,0,20.4,,20.4255,20.3718,12.6096,20.3723,10.864,-1.5185,3.7061,-6.5145,-7.2449,-31.3741,-20.1008,-46.3343,8.1329,24.7269,28.4931,-21.0704,-2.832,6.9204,19.1949,0,0,0,0,0,0,0,-43288.8889,0,-63750,0,1950,-1317.6471,0,-646.2963
EBITDA Margin %,38.2541,41.3862,27.2537,19.2342,-14.1154,-1.8596,44.3814,2.1869,29.144,49.9934,0,0,0,0,0,0,39.73,,38.9806,40.7622,34.8154,42.2967,40.3351,29.5489,25.4038,22.3654,15.2971,-13.8949,-14.4571,-34.9707,21.0327,46.0248,42.1698,-8.7877,12.6283,12.097,46.1286,0,0,0,0,0,0,0,-15200,0,-81050,0,-3738.4615,-1270.5882,0,-598.1481
FCF Margin %,7.7281,-10.2162,15.9254,-13.5917,-56.1593,-17.3563,14.065,-10.9384,-1.7429,-78.8143,,,,,,,17.56,,32.9407,-3.7939,23.5253,-37.237,20.9791,4.477,25.1528,-21.7875,-3.2863,-73.0839,-29.9352,-27.0157,-10.678,26.8133,-3.0921,-7.2882,-14.4113,-2.4017,-1.0866,,,,,,,,-188277.7778,,-509750,,-14573.0769,-3527.451,,-1701.8519
,,,,,,,,,,,,,,,,,,,,,,,,,,,,,,,,,,,,,,,,,,,,,,,,,,,,
Debt-to-Equity,0.133,0.253,0.058,0.12,0.026,0,0,0,0,0.167,0.366,0,0,0,0,0,0.066,,0.066,0.133,0.179,0.253,0.092,0.058,0.094,0.12,0.088,0.026,0,0,0,0,0,0,0,0,0,0.167,0.256,0.366,0,0,0,0,0,0,0,0,0,0,0,0
Equity-to-Asset,0.732,0.669,0.801,0.734,0.82,0.807,0.818,0.819,0.801,0.682,0.569,0.926,0.91,0.896,0.81,0.921,0.761,,0.761,0.732,0.711,0.669,0.76,0.801,0.764,0.734,0.77,0.82,0.812,0.807,0.811,0.818,0.837,0.819,0.791,0.801,0.746,0.682,0.625,0.569,0.802,0.926,0.969,0.91,0.912,0.896,0.848,0.81,0.928,0.966,0.921,0.95
Debt-to-Asset,0.097,0.169,0.046,0.088,0.021,0,0,0,0,0.114,0,0,0,0,0,0,0.05,,0.05,0.097,0.127,0.169,0.07,0.046,0.072,0.088,0.068,0.021,0,0,0,0,0,0,0,0,0,0,0,0,0,0,0,0,0,0,0,0,0,0,0,0
Liabilities-to-Assets,0.25,0.32,0.19,0.26,0.17,0.18,0.16,0.17,0.18,0.32,0.45,0.07,0.09,0.1,0.19,0.08,0.21,,0.21,0.25,0.28,0.32,0.23,0.19,0.23,0.26,0.22,0.17,0.18,0.18,0.17,0.16,0.15,0.17,0.19,0.18,0.25,0.32,0.39,0.45,0.22,0.07,0.03,0.09,0.09,0.1,0.15,0.19,0.07,0.03,0.08,0.05
Gross-Profit-to-Asset %,22.405,24.18,16.984,15.076,31.04,32.052,51.953,45.942,18.972,17.717,0,0,0,0,0,0,30.41,,34.829,25.78,19.103,25.232,24.887,16.947,17.248,13.402,17.058,60.714,1.337,50.875,14.633,81.211,19.567,74.892,15.553,5.807,34.333,0,0,0,0,0,0,0,0.027,0,0.012,0,0.481,1.593,0,1.881
,,,,,,,,,,,,,,,,,,,,,,,,,,,,,,,,,,,,,,,,,,,,,,,,,,,,
Asset Turnover,0.503,0.522,0.526,0.414,0.313,0.307,0.529,0.458,0.525,0.317,0,0,0,0,0,0,0.66,,0.376,0.286,0.218,0.27,0.272,0.236,0.294,0.226,0.19,0.19,0.118,0.124,0.211,0.289,0.239,0.221,0.227,0.264,0.28,0,0,0,0,0,0,0,0,0,0,0,0.002,0.008,0,0.009
Dividend Payout Ratio,0,0,0,,,,0,,0,0,,,,,,,0.1,,0.169,0,0,0,0,,0,,,,,,0,0,0,,,0,0,0,0,,,,,,,,,,0,,,
,,,,,,,,,,,,,,,,,,,,,,,,,,,,,,,,,,,,,,,,,,,,,,,,,,,,
Days Sales Outstanding,0.62,0.6,0.51,10.14,23.07,28.78,20.01,13.85,11.21,25.39,0,0,0,0,0,0,4.23,,2.26,4.73,6.42,4.1,4.68,7.05,5.56,15.93,30.9,24.17,33.16,43.3,35.6,29.05,31.11,15.12,11.63,12.07,13.32,0,0,0,0,0,0,0,25367.5,0,19071.25,0,852.84,518.87,0,98.01
Days Payable,106.67,96.36,87.68,129.31,13433.27,,2575.34,,79.91,167.11,,,,,,,88.68,,80.32,98.49,120.89,101.76,95.47,93.19,82.17,105.3,143.65,,149.48,,78.75,,95.78,,116.06,65.51,116.49,,,,,,,,,,,,,,,
Days Inventory,143.22,140.27,133.3,129.56,9245.84,,2372.21,,66.21,108.15,,,,,,,109.58,,101.64,131.22,141.26,129.06,152.51,147.29,106.74,111.21,100.57,,103.69,,84.75,,86.76,,75.84,62.86,154.32,,,,,,,,,,,,,,,
Cash Conversion Cycle,37.18,44.51,46.14,10.39,-4164.36,28.78,-183.12,13.85,-2.49,-33.57,0,0,0,0,0,0,25.13,,23.57,37.47,26.79,31.4,61.73,61.15,30.14,21.84,-12.18,24.17,-12.63,43.3,41.6,29.05,22.09,15.12,-28.58,9.41,51.15,0,0,0,0,0,0,0,25367.5,0,19071.25,0,852.84,518.87,0,98.01
,,,,,,,,,,,,,,,,,,,,,,,,,,,,,,,,,,,,,,,,,,,,,,,,,,,,
Inventory Turnover,2.55,2.6,2.74,2.82,0.04,0,0.15,0,5.51,3.37,0,,,,,,3.33,,1.8,1.39,1.29,1.41,1.2,1.24,1.71,1.64,1.81,-1.94,1.76,-2.05,2.15,-1.79,2.1,-2.23,2.41,2.9,1.18,0,0,0,,,,,,,,,,,,
COGS-to-Revenue,0.55,0.54,0.68,0.64,0.01,0,0.02,0,0.64,0.44,0,0,0,0,0,0,0.54,,0.54,0.55,0.56,0.53,0.54,0.64,0.71,0.7,0.55,-0.6,0.94,-1.05,0.65,-0.41,0.59,-0.7,0.66,0.89,0.39,0,0,0,0,0,0,0,0,0,0,0,0,0,0,0
Inventory-to-Revenue,0.217,0.206,0.247,0.226,0.185,0.204,0.122,0.128,0.116,0.13,,,,,,,0.163,,0.299,0.395,0.434,0.377,0.453,0.517,0.413,0.429,0.303,0.308,0.536,0.511,0.303,0.227,0.281,0.312,0.273,0.307,0.328,,,,,,,,0,,0,,0,0,,0
Capex-to-Revenue,0.37,0.46,0.13,0.32,0.56,0.29,0.12,0.18,0.18,1.09,0,0,0,0,0,0,0.298,,0.12,0.54,0.13,0.81,0.06,0.22,0.05,0.43,0.17,0.84,0.14,0.47,0.18,0.12,0.11,0.24,0.13,0.13,0.23,0,0,0,0,0,0,0,1774.67,0,4747.5,0,128.27,22.14,0,9.91
Capex-to-Operating-Income,1.4,2.42,0,0,0,0,0.46,11.79,0.72,2.57,0,0,0,0,0,0,1.133,,0.47,1.99,0.5,3.33,0.44,27.46,0,0,2.01,7.52,0,0,3.11,0.35,0.96,0,2.58,3.2,0.5,0.87,0,0,0,0,0,0,0,0,0,0,0,0,0,0
Capex-to-Operating-Cash-Flow,0.83,1.28,0.45,1.75,185.57,2.44,0.45,2.51,1.11,3.65,0,0,0,0,0,0,0.629,,0.27,1.08,0.35,1.85,0.21,0.83,0.17,2.03,1.23,7.88,0,2.39,2.55,0.31,1.4,1.45,0,1.24,1.05,1.24,0,0,0,0,0,0,0,0,0,0,0,0,0,0
,,,,,,,,,,,,,,,,,,,,,,,,,,,,,,,,,,,,,,,,,,,,,,,,,,,,
Income Statement,,,,,,,,,,,,,,,,,,,,,,,,,,,,,,,,,,,,,,,,,,,,,,,,,,,,
Revenue,679.731,591.238,508.646,378.076,282.648,252.203,333.502,263.978,293.59,144.687,0,0,0,0,0,0,938.72,,545.671,393.053,286.678,316.817,274.421,227.003,281.643,210.593,167.483,171.782,110.866,103.092,149.111,191.334,142.168,128.702,135.276,146.524,147.065,0,0,0,0,0,0,0,0.009,0,0.002,0,0.026,0.051,0,0.054
Cost of Goods Sold,376.666,317.402,344.536,240.282,2.066,0,6.237,0,187.481,63.724,0,0,0,0,0,0,509.12,,293.269,215.855,160.811,168.734,148.668,145.54,198.996,148.119,92.163,-102.5,104.566,-108.105,97.336,-77.742,83.979,-89.461,88.898,130.42,57.061,0,0,0,0,0,0,0,0,0,0,0,0,0,0,0
Gross Profit,303.065,273.836,164.11,137.794,280.582,262.972,327.265,264.541,106.109,80.963,0,0,0,0,0,0,429.6,,252.402,177.198,125.867,148.083,125.753,81.463,82.647,62.474,75.32,274.282,6.3,211.197,51.775,269.076,58.189,218.163,46.378,16.104,90.005,0,0,0,0,0,0,0,0.009,0,0.002,0,0.026,0.051,0,0.054
Gross Margin %,44.59,46.32,32.26,36.45,99.27,0,98.13,0,36.14,55.96,0,0,0,0,0,0,45.76,,46.26,45.08,43.91,46.74,45.82,35.89,29.34,29.67,44.97,159.67,5.68,204.86,34.72,140.63,40.93,169.51,34.28,10.99,61.2,0,0,0,0,0,0,0,0,0,0,0,0,0,0,0
,,,,,,,,,,,,,,,,,,,,,,,,,,,,,,,,,,,,,,,,,,,,,,,,,,,,
"Selling, General, & Admin. Expense",19.581,22.016,16.637,12.729,33.38,32.042,27.193,29.596,24.512,10.753,9.61,5.721,2.673,4.984,1.552,0.666,22.45,,11.191,11.26,8.321,10.556,11.46,8.825,7.812,-3.786,16.515,16.87,16.51,19.168,12.874,13.715,13.478,14.899,14.697,13.973,10.539,7.465,3.288,3.706,5.904,3.235,2.486,1.638,1.035,3.592,1.392,0.878,0.675,0.419,0.369,0.298
Research & Development,0,0,0,0,0,0,0,0,0,0,0,0,0,0,0,0,0,,0,0,0,0,0,0,0,0,0,0,0,0,0,0,0,0,0,0,0,0,0,0,0,0,0,0,0,0,0,0,0,0,0,0
Other Operating Expense,104.849,138.703,154.303,129.016,290.545,263.23,216.225,230.877,9.561,9.196,4.833,4.654,0.652,0.553,0.423,0.206,160.42,,101.412,59.008,45.841,60.257,78.446,70.801,83.502,84.789,44.227,238.29,52.255,232.774,30.456,187.633,28.592,206.063,24.814,-3.611,13.172,6.733,2.463,2.67,2.163,3.861,0.793,0.253,0.399,0.299,0.254,0.087,0.335,0.304,0.1,0.105
Total Operating Expense,124.43,160.719,170.94,141.745,323.925,295.272,243.418,260.473,34.073,19.949,14.443,10.375,3.325,5.537,1.975,0.872,182.87,,112.603,70.268,54.162,70.813,89.906,79.626,91.314,81.003,60.742,255.16,68.765,251.942,43.33,201.348,42.07,220.962,39.511,10.362,23.711,14.198,5.751,6.376,8.067,7.096,3.279,1.891,1.434,3.891,1.646,0.965,1.01,0.723,0.469,0.403
Operating Income,178.635,113.117,-6.83,-3.951,-43.343,-32.3,83.847,4.068,72.036,61.014,-14.443,-10.375,-3.325,-5.537,-1.975,-0.872,246.73,,139.799,106.93,71.705,77.27,35.847,1.837,-8.667,-18.529,14.578,19.122,-62.465,-40.745,8.445,67.728,16.119,-2.799,6.867,5.742,66.294,66.765,-5.751,-6.376,-8.067,-7.096,-3.279,-1.901,-1.425,-3.894,-1.644,-0.991,-0.984,-0.672,-0.522,-0.349
Operating Margin %,26.2802,19.1322,-1.3428,-1.045,-15.3346,-12.8071,25.1414,1.541,24.5363,42.1696,0,0,0,0,0,0,26.28,,25.6196,27.205,25.0124,24.3895,13.0628,0.8092,-3.0773,-8.7985,8.7042,11.1316,-56.3428,-39.523,5.6636,35.3978,11.338,-2.1748,5.0763,3.9188,45.078,0,0,0,0,0,0,0,-15833.3333,0,-82200,0,-3784.6154,-1317.6471,0,-646.2963
,,,,,,,,,,,,,,,,,,,,,,,,,,,,,,,,,,,,,,,,,,,,,,,,,,,,
  Interest Income,0,0,3.084,0.786,0.616,0,0,0.24,0.144,0.863,2.448,1.876,0.701,0.776,0.382,0.108,0,,0,0,0,0,0,1.992,1.092,0.502,0.284,0.225,0.391,0,0,0,0,0.215,0.025,0.03,0.114,0.391,0.472,0.822,1.626,0.826,1.05,0.312,0.389,0.407,0.369,0.273,0.108,0,0,0
  Interest Expense,-5.26,-4.085,-6,-3.094,-0.332,-0.306,-0.746,-1.588,-3.089,-1.946,0,0,0,0,0,0,-8.94,,-5.431,-3.513,-1.747,-1.583,-2.502,-2.643,-3.357,-1.774,-1.32,-0.32,-0.012,-0.013,-0.293,-0.285,-0.461,-0.676,-0.912,-1.522,-1.567,-1.946,0,0,0,0,0,0,0,0,0,0,0,0,0,0
Net Interest Income,-5.26,-4.085,-2.916,-2.308,0.284,-0.306,-0.746,-1.348,-2.945,-1.083,2.448,1.876,0.701,0.776,0.382,0.108,-8.94,,-5.431,-3.513,-1.747,-1.583,-2.502,-0.651,-2.265,-1.272,-1.036,-0.095,0.379,-0.013,-0.293,-0.285,-0.461,-0.461,-0.887,-1.492,-1.453,-1.555,0.472,0.822,1.626,0.826,1.05,0.312,0.389,0.407,0.369,0.273,0.108,0,0,0
Other Income (Expense),-10.331,17.635,15.537,-12.855,-51.461,-11.692,33.881,-39.497,-6.859,0.29,-39.181,-1.282,-2.165,0.123,1.072,0.076,-3.67,,-5.854,2.181,-12.512,7.656,9.979,-0.865,16.402,9.287,-22.142,-76.022,24.561,-17.405,5.713,4.101,29.78,-28.976,-10.521,1.837,-8.696,-9.81,10.1,-3.197,-35.985,3.008,-4.29,0.695,-2.86,0.124,0,-0.311,1.383,0,0.183,0
Pretax Income,163.044,126.667,5.791,-19.114,-94.52,-44.298,116.982,-36.777,62.232,60.221,-51.176,-9.781,-4.789,-4.638,-0.521,-0.688,234.11,,128.514,105.598,57.446,83.343,43.324,0.321,5.47,-10.514,-8.6,-56.995,-37.525,-58.163,13.865,71.544,45.438,-32.236,-4.541,6.087,56.145,55.4,4.821,-8.751,-42.426,-3.262,-6.519,-0.894,-3.896,-3.363,-1.275,-1.029,0.507,-0.672,-0.339,-0.349
Tax Provision,-23.666,-32.244,1.787,-5.792,15.212,6.752,-24.815,4.717,-20.796,-7.76,0,0,0,0,0,0.688,-16.91,,-1.603,-15.306,-8.36,-19.33,-12.914,-3.136,4.923,-2.922,-2.87,3.297,11.915,8.645,-1.893,-20.544,-4.271,4.2,0.517,2.852,-23.648,-16.625,8.865,0,0,0,0,0,0,0,0,0,0,0,0.339,0.349
Tax Rate %,14.52,25.46,-30.86,-30.3,16.09,15.24,21.21,12.83,33.42,12.89,0,0,0,0,0,100,7.22,,1.25,14.49,14.55,23.19,29.81,976.95,-90,-27.79,-33.37,5.78,31.75,14.86,13.65,28.72,9.4,13.03,11.39,-46.85,42.12,30.01,-183.88,0,0,0,0,0,0,0,0,0,0,0,100,100
Net Income (Continuing Operations),139.378,94.423,7.578,-24.906,-79.308,-37.546,92.167,-32.06,41.435,52.461,-51.176,-9.781,-4.789,-4.638,-0.521,-0.688,217.2,,126.911,90.292,49.086,64.013,30.41,-2.815,10.393,-13.436,-11.47,-53.698,-25.61,-49.518,11.972,51,41.167,-28.036,-4.024,8.939,32.497,38.775,13.686,-8.751,-42.426,-3.262,-6.519,-0.894,-3.896,-3.363,-1.275,-1.029,0.507,-0.672,-0.339,-0.349
Net Income (Discontinued Operations),0,0,0,0,0,0,0,0,0,0,0,0,0,-0.203,0,0,0,,0,0,0,0,0,0,0,0,0,0,0,0,0,0,0,0,0,0,0,0,0,0,0,0,0,0,0,0,0,0,0,0,0,0
  Other Income (Minority Interest),-23.157,-0.067,-0.587,-0.947,3.128,1.906,-4.348,1.111,-3.066,-5.305,2.931,0.105,0,0,0,0,-25.68,,-15.455,-10.22,-12.937,0.53,-0.597,-0.632,0.045,-0.283,-0.664,-0.197,3.325,1.751,0.155,-3.689,-0.659,0.918,0.193,1.201,-4.267,-4.499,-0.806,0.233,2.697,0,0,0,0,0,0,0,0,0,0,0
Net Income,116.221,94.356,6.991,-25.853,-76.18,-35.64,87.819,-30.949,38.369,47.156,-48.246,-9.676,-4.789,-4.841,-0.521,-0.688,191.53,,111.456,80.072,36.149,64.543,29.813,-3.447,10.438,-13.719,-12.134,-53.895,-22.285,-47.767,12.127,47.311,40.508,-27.118,-3.831,10.14,28.229,34.276,12.88,-8.517,-39.728,-3.157,-6.519,-0.894,-3.896,-3.567,-1.275,-1.029,0.507,-0.672,-0.339,-0.349
Net Margin %,17.0981,15.9591,1.3744,-6.838,-26.9523,-14.1315,26.3324,-11.7241,13.0689,32.5917,0,0,0,0,0,0,20.4,,20.4255,20.3718,12.6096,20.3723,10.864,-1.5185,3.7061,-6.5145,-7.2449,-31.3741,-20.1008,-46.3343,8.1329,24.7269,28.4931,-21.0704,-2.832,6.9204,19.1949,0,0,0,0,0,0,0,-43288.8889,0,-63750,0,1950,-1317.6471,0,-646.2963
,,,,,,,,,,,,,,,,,,,,,,,,,,,,,,,,,,,,,,,,,,,,,,,,,,,,
Preferred Dividends,0,0,0,0,0,0,0,0,0,0,0,0,0,0,0,0,0,,0,0,0,0,0,0,0,0,0,0,0,0,0,0,0,0,0,0,0,0,0,0,0,0,0,0,0,0,0,0,0,0,0,0
EPS (Basic),0.096,0.081,0.007,-0.025,-0.074,-0.057,0.165,-0.064,0.083,0.104,-0.113,-0.029,-0.025,-0.034,-0.005,-0.012,0.16,,0.091,0.066,0.03,0.055,0.026,-0.004,0.01,-0.013,-0.012,-0.052,-0.022,-0.08,0.023,0.089,0.076,-0.055,-0.008,0.022,0.061,0.073,0.031,-0.014,-0.099,-0.008,-0.021,-0.003,-0.022,-0.024,-0.01,-0.011,0.006,-0.01,-0.005,-0.007
EPS (Diluted),0.094,0.079,0.006,-0.025,-0.074,-0.057,0.163,-0.064,0.083,0.104,-0.113,-0.029,-0.025,-0.034,-0.005,-0.012,0.15,,0.089,0.064,0.029,0.054,0.025,-0.004,0.009,-0.013,-0.012,-0.052,-0.022,-0.08,0.022,0.088,0.075,-0.055,-0.008,0.022,0.061,0.073,0.031,-0.014,-0.099,-0.008,-0.021,-0.003,-0.022,-0.024,-0.01,-0.011,0.005,-0.01,-0.005,-0.007
Shares Outstanding (Diluted Average),1240.352,1197.411,1184.915,1033.696,1027.96,621.364,540.153,486.767,462.802,452.987,426.982,336.073,191.546,143.996,100.815,56.366,1252.315,,1252.315,1251.147,1229.558,1202.302,1192.52,1183.694,1186.136,1039.087,1028.305,1047.55,1008.371,707.79,544.674,540.252,540.054,510.731,462.802,462.802,462.802,488.785,417.19,452.481,401.484,362.855,309.291,205.991,177.102,158.778,129.214,111.384,107.168,65.861,60.276,52.456
,,,,,,,,,,,,,,,,,,,,,,,,,,,,,,,,,,,,,,,,,,,,,,,,,,,,
EBIT,168.304,130.752,11.791,-16.02,-94.188,-43.992,117.728,-35.189,65.321,62.167,-14.443,-10.375,-3.325,-5.537,-1.975,-0.872,243.06,,133.945,109.111,59.193,84.926,45.826,2.964,8.827,-8.74,-7.28,-56.675,-37.513,-58.15,14.158,71.829,45.899,-31.56,-3.629,7.609,57.712,67.919,-5.751,-6.376,-8.067,-7.096,-3.279,-1.901,-1.425,-3.894,-1.644,-0.991,-0.984,-0.672,-0.522,-0.349
"Depreciation, Depletion and Amortization",91.721,113.939,126.834,88.74,54.291,39.302,30.285,40.962,20.243,10.167,0.25,0.295,0.031,0.03,0.062,0.013,129.87,,78.761,51.106,40.615,49.077,64.862,64.113,62.721,55.84,32.9,32.806,21.485,22.098,17.204,16.232,14.053,20.25,20.712,10.116,10.127,10.04,0.127,0.133,0.117,0.274,0.02,-0.025,0.056,0.007,0.023,0.05,0.011,0.024,-0.014,0.027
EBITDA,260.025,244.691,138.625,72.72,-39.897,-4.69,148.013,5.773,85.564,72.334,-14.193,-10.081,-3.294,-5.507,-1.914,-0.859,372.92,,212.706,160.217,99.808,134.003,110.688,67.077,71.548,47.1,25.62,-23.869,-16.028,-36.052,31.362,88.061,59.952,-11.31,17.083,17.725,67.839,77.959,-5.624,-6.244,-7.949,-6.822,-3.259,-1.901,-1.368,-3.887,-1.621,-0.941,-0.972,-0.648,-0.522,-0.323
EBITDA Margin %,38.2541,41.3862,27.2537,19.2342,-14.1154,-1.8596,44.3814,2.1869,29.144,49.9934,0,0,0,0,0,0,39.73,,38.9806,40.7622,34.8154,42.2967,40.3351,29.5489,25.4038,22.3654,15.2971,-13.8949,-14.4571,-34.9707,21.0327,46.0248,42.1698,-8.7877,12.6283,12.097,46.1286,0,0,0,0,0,0,0,-15200,0,-81050,0,-3738.4615,-1270.5882,0,-598.1481
,,,,,,,,,,,,,,,,,,,,,,,,,,,,,,,,,,,,,,,,,,,,,,,,,,,,
Balance Sheet,,,,,,,,,,,,,,,,,,,,,,,,,,,,,,,,,,,,,,,,,,,,,,,,,,,,
  Cash and Cash Equivalents,181.545,218.166,125.406,31.166,24.027,151.257,103.741,36.937,35.48,105.497,96.462,185.592,79.876,19.153,5.391,1.917,268.223,,268.223,181.545,120.531,218.166,67.467,125.406,63.095,31.166,21.833,24.027,54.655,151.257,94.641,103.741,43.087,36.937,16.016,35.48,39.674,105.497,131.455,96.462,88.796,185.592,67.166,79.876,3.622,19.153,7.377,5.391,4.309,2.495,1.917,2.832
  Marketable Securities,0,0,0,0,0,0,0,0,0,0.003,0,0,0,0,0,0,0,,0,0,0,0,0,0,0,0,0,0,0,0,0,0,0,0,0,0,0,0.003,0,0,0,0,0,0,0,0,0,0,0,0,0,0
"Cash, Cash Equivalents, Marketable Securities",181.545,218.166,125.406,31.166,24.027,151.257,103.741,36.937,35.48,105.5,96.462,185.592,79.876,19.153,5.391,1.917,268.223,,268.223,181.545,120.531,218.166,67.467,125.406,63.095,31.166,21.833,24.027,54.655,151.257,94.641,103.741,43.087,36.937,16.016,35.48,39.674,105.5,131.455,96.462,88.796,185.592,67.166,79.876,3.622,19.153,7.377,5.391,4.309,2.495,1.917,2.832
  Accounts Receivable,1.263,1.053,0.896,0.533,20.476,15.258,24.508,12.061,7.975,10.063,0,0,0,0,0,0,12.233,,12.233,1.263,19.111,1.053,13.193,0.896,16.634,0.533,36.234,20.476,25.028,15.258,33.662,24.508,36.404,12.061,9.27,7.975,11.406,10.063,10.152,0,0.788,0,0.403,0,1.251,0,0.209,0,0.098,0.145,0,0.029
  Notes Receivable,0,0,0,0,0,0,0,0,0,0,0,0,0,0,0,0,0,,0,0,0,0,0,0,0,0,0,0,0,0,0,0,0,0,0,0,0,0,0,0,0,0,0,0,0,0,0,0,0,0,0,0
  Loans Receivable,0,0,0,0,0,0,0,0,0,0,0,0,0,0,0,0,,,0,0,0,0,0,0,0,0,0,0,0,0,0,0,0,0,0,0,0,0,0,0,0,0,0,0,0,0,0,0,0,0,0,0
  Other Current Receivables,10.917,12.74,10.089,21.876,30.436,43.648,40.72,32.985,8.203,10.507,8.547,0.161,0.68,1.282,0.138,0.062,12.233,,12.233,10.917,19.111,12.74,13.193,10.089,16.634,21.876,36.234,30.436,21.154,43.648,29.838,40.72,32.982,32.985,9.27,8.203,11.406,10.507,10.152,8.547,0.788,0.161,0.403,0.68,1.251,1.282,0.209,0.138,0.098,0.145,0.062,0.029
Total Receivables,10.917,12.74,10.089,21.876,30.436,43.648,40.72,32.985,8.203,10.507,8.547,0.161,0.68,1.282,0.138,0.062,12.233,,12.233,10.917,19.111,12.74,13.193,10.089,16.634,21.876,36.234,30.436,21.154,43.648,29.838,40.72,32.982,32.985,9.27,8.203,11.406,10.507,10.152,8.547,0.788,0.161,0.403,0.68,1.251,1.282,0.209,0.138,0.098,0.145,0.062,0.029
"  Inventories, Raw Materials & Components",145.208,100.115,83.129,39.412,40.979,52.292,39.672,34.8,14.64,7.261,0.428,0,0,0,0,0,0,,0,145.208,0,100.115,0,83.129,0,39.412,0,40.979,0,52.292,0,39.672,0,34.8,0,14.64,0,7.261,0,0.428,0,0,0,0,0,0,0,0,0,0,0,0
"  Inventories, Work In Process",7.402,6.698,10.235,0,4.84,6.557,4.288,2.311,0.833,28.435,0,0,0,0,0,0,0,,0,7.402,0,6.698,0,10.235,0,0,0,4.84,0,6.557,0,4.288,0,2.311,0,0.833,0,28.435,0,0,0,0,0,0,0,0,0,0,0,0,0,0
"  Inventories, Inventories Adjustments",0,0,0,0,0,0,0,0,0,0,0,0,0,0,0,0,,,0,0,0,0,0,0,0,0,0,0,0,0,0,0,0,0,0,0,0,0,0,0,0,0,0,0,0,0,0,0,0,0,0,0
"  Inventories, Finished Goods",25.93,10.25,33.535,31.172,0,0,0,0,15.205,0.49,0,0,0,0,0,0,0,,0,25.93,0,10.25,0,33.535,0,31.172,0,0,0,0,0,0,0,0,0,15.205,0,0.49,0,0,0,0,0,0,0,0,0,0,0,0,0,0
"  Inventories, Other",0,0,0,54.178,0,0,0,0,-0.001,1.149,0,0,0,0,0,0,148.109,,148.109,0,131.876,0,121.58,0,108.025,54.178,55.758,0,59.974,0,46.445,0,42.735,0,43.208,-0.001,59.165,1.149,31.803,0,0,0,0,0,0,0,0,0,0,0,0,0
Total Inventories,178.54,117.063,126.899,124.762,45.819,58.849,43.96,37.111,30.677,37.335,0.428,0,0,0,0,0,148.109,,148.109,178.54,131.876,117.063,121.58,126.899,108.025,124.762,55.758,45.819,59.974,58.849,46.445,43.96,42.735,37.111,43.208,30.677,59.165,37.335,31.803,0.428,0,0,0,0,0,0,0,0,0,0,0,0
Other Current Assets,32.3,14.73,6.08,19.98,4.78,16.54,27.31,15.5,12.89,5.62,3.08,0.76,0.08,5.3,0.06,0.01,30.59,,30.59,32.3,25.16,14.73,19.85,6.08,12.59,19.98,4.94,4.78,50.39,16.54,41.58,27.31,43.11,15.5,14.73,12.89,10.75,5.62,3.58,3.08,3.32,0.76,0.2,0.08,0.11,5.3,0.08,0.06,0.05,0.07,0.01,0.01
Total Current Assets,403.299,362.702,268.474,197.785,105.062,270.299,215.73,122.533,87.254,158.96,108.518,186.517,80.635,25.734,5.585,1.986,459.155,,459.155,403.299,296.676,362.702,222.09,268.474,200.342,197.785,118.764,105.062,186.173,270.299,212.502,215.73,161.917,122.533,83.221,87.254,120.991,158.96,176.991,108.518,92.9,186.517,67.772,80.635,4.984,25.734,7.666,5.585,4.455,2.706,1.986,2.871
Investments And Advances,0.797,0.667,0.444,1.4,3.324,5.044,2.82,1.548,15.15,13.668,12.562,12.147,5.196,0,1.178,0,0.765,,0.765,0.797,0.546,0.667,0.397,0.444,0,1.4,0,3.324,0,5.044,1.714,2.82,2.405,1.548,0.652,15.15,10.061,13.668,12.142,12.562,8.761,12.147,11.231,5.196,2,0,0,1.178,0,0,0,0
    Land And Improvements,0,0,0,0,0,0,0,0,0,0,0,0,0,0,0,0,0,,0,0,0,0,0,0,0,0,0,0,0,0,0,0,0,0,0,0,0,0,0,0,0,0,0,0,0,0,0,0,0,0,0,0
    Buildings And Improvements,0,0,0,0,0,0,0,0,0,0,0,0,0,0,0,0,0,,0,0,0,0,0,0,0,0,0,0,0,0,0,0,0,0,0,0,0,0,0,0,0,0,0,0,0,0,0,0,0,0,0,0
"    Machinery, Furniture, Equipment",644.75,368.66,360.003,341.916,213.664,193.218,177.088,139.142,136.372,118.962,5.875,3.664,2.469,1.505,1.363,0.383,387.732,,387.732,644.75,714.374,368.66,554.024,360.003,417.212,341.916,504.809,213.664,298.548,193.218,215.267,177.088,199.759,139.142,215.499,136.372,177.818,118.962,230.088,5.875,163.323,3.664,10.615,2.469,2.208,1.505,1.163,1.363,1.011,0.387,0.383,0.324
    Construction In Progress,33.561,503.863,246.502,202.532,177.563,122.072,84.942,74.054,91.356,48.497,226.212,111.703,0,0,0,0,0,,0,33.561,0,503.863,0,246.502,0,202.532,0,177.563,0,122.072,0,84.942,0,74.054,0,91.356,0,48.497,0,226.212,0,111.703,0,0,0,0,0,0,0,0,0,0
    Other Gross PPE,1098.594,718.167,643.899,590.145,613.981,558.646,371.585,281.829,222.877,161.497,32.246,25.869,58.168,36.971,19.17,3.187,608.167,,608.167,1098.594,298.539,718.167,215.606,643.899,287.719,590.145,251.444,613.981,435.807,558.646,274.976,371.585,251.844,281.829,216.311,222.877,168.54,161.497,47.664,32.246,29.083,25.869,63.648,58.168,56.775,36.971,28.962,19.17,8.933,4.01,3.187,2.548
"  Gross Property, Plant and Equipment",1776.905,1590.69,1250.404,1134.593,1005.208,873.936,633.615,495.025,450.605,328.956,264.333,141.236,60.637,38.476,20.533,3.57,995.899,,995.899,1776.905,1012.913,1590.69,769.63,1250.404,704.931,1134.593,756.253,1005.208,734.355,873.936,490.243,633.615,451.603,495.025,431.81,450.605,346.358,328.956,277.752,264.333,192.406,141.236,74.263,60.637,58.983,38.476,30.125,20.533,9.944,4.397,3.57,2.872
  Accumulated Depreciation,-786.53,-722.675,-581.526,-403.532,-268.746,-221.445,-166.676,-87.934,-35.931,-12.056,-1.201,-0.764,-0.565,-0.245,-0.184,-0.038,0,,0,-786.53,0,-722.675,0,-581.526,0,-403.532,0,-268.746,0,-221.445,0,-166.676,0,-87.934,0,-35.931,0,-12.056,0,-1.201,0,-0.764,0,-0.565,0,-0.245,0,-0.184,0,0,-0.038,0
"Property, Plant and Equipment",990.375,868.015,668.878,731.061,736.462,652.491,466.939,407.091,414.674,316.901,263.132,140.472,60.072,38.231,20.349,3.531,995.899,,995.899,990.375,1012.913,868.015,769.63,668.878,704.931,731.061,756.253,736.462,734.355,652.491,490.243,466.939,451.603,407.091,431.81,414.674,346.358,316.901,277.752,263.132,192.406,140.472,74.263,60.072,58.983,38.231,30.125,20.349,9.944,4.397,3.531,2.872
Intangible Assets,0,0,0,0,0,0,0,0,0,0,0,0,0,0,0,0,0,,0,0,0,0,0,0,0,0,0,0,0,0,0,0,0,0,0,0,0,0,0,0,0,0,0,0,0,0,0,0,0,0,0,0
  Goodwill,0,0,0,0,0,0,0,0,0,0,0,0,0,0,0,0,0,,0,0,0,0,0,0,0,0,0,0,0,0,0,0,0,0,0,0,0,0,0,0,0,0,0,0,0,0,0,0,0,0,0,0
Other Long Term Assets,15.127,64.331,31.487,32.942,19.951,15.241,12.337,30.85,72.53,39.442,0.792,7.657,0,1.828,0,0.042,33.37,,33.37,15.127,29.659,64.331,59.749,31.487,48.24,32.942,26.363,19.951,21.713,15.241,12.968,12.337,11.572,30.85,87.509,72.53,42.243,39.442,40.836,0.792,6.651,7.657,2.547,0,3.269,1.828,1.447,0,0,0.141,0.042,0
Total Long-Term Assets,1006.299,933.013,700.809,765.403,759.737,672.776,482.096,439.489,502.354,370.011,276.486,160.276,65.268,40.059,21.527,3.573,1030.034,,1030.034,1006.299,1043.118,933.013,829.776,700.809,753.171,765.403,782.616,759.737,756.068,672.776,504.925,482.096,465.58,439.489,519.971,502.354,398.662,370.011,330.73,276.486,207.818,160.276,88.041,65.268,64.252,40.059,31.572,21.527,9.944,4.538,3.573,2.872
Total Assets,1409.598,1295.715,969.283,963.188,864.799,943.075,697.826,562.022,589.608,528.971,385.004,346.793,145.903,65.793,27.112,5.559,1489.189,,1489.189,1409.598,1339.794,1295.715,1051.866,969.283,953.513,963.188,901.38,864.799,942.241,943.075,717.427,697.826,627.497,562.022,603.192,589.608,519.653,528.971,507.721,385.004,300.718,346.793,155.813,145.903,69.236,65.793,39.238,27.112,14.399,7.244,5.559,5.743
,,,,,,,,,,,,,,,,,,,,,,,,,,,,,,,,,,,,,,,,,,,,,,,,,,,,
  Accounts Payable,120.043,100.11,67.484,98.047,72.204,79.868,36.437,51.576,51.44,30.646,27.704,23.053,7.027,2.837,0.836,0.432,138.114,,138.114,120.043,112.936,100.11,88.056,67.484,81.145,98.047,72.879,72.204,91.421,79.868,47.566,36.437,36.573,51.576,61.624,51.44,42.197,30.646,32.997,27.704,13.571,23.053,2.37,7.027,2.858,2.837,1.879,0.836,0.482,0.228,0.432,0.285
  Total Tax Payable,0,0,0,0,0,0,0,0,0,0,0,0,0,0,0,0,0,,0,0,0,0,0,0,0,0,0,0,0,0,0,0,0,0,0,0,0,0,0,0,0,0,0,0,0,0,0,0,0,0,0,0
  Other Current Payables,2.826,0,0,0,0,1.581,1.617,1.501,1.644,1.086,0.933,0,3.205,1.521,0,0,,,0,2.826,0,0,0,0,0,0,0,0,0,1.581,0,1.617,0,1.501,0,1.644,0,1.086,0,0.933,0,0,0,3.205,0,1.521,0,0,0,0,0,0
  Current Accrued Expense,0,0,0,0,0,0,0,0,0,0,0,0,0,0,0,0,,,0,0,0,0,0,0,0,0,0,0,0,0,0,0,0,0,0,0,0,0,0,0,0,0,0,0,0,0,0,0,0,0,0,0
Accounts Payable & Accrued Expense,122.869,100.11,67.484,98.047,72.204,81.449,38.054,53.077,53.084,31.732,28.637,23.053,10.232,4.358,0.836,0.432,138.114,,138.114,122.869,112.936,100.11,88.056,67.484,81.145,98.047,72.879,72.204,91.421,81.449,47.566,38.054,36.573,53.077,61.624,53.084,42.197,31.732,32.997,28.637,13.571,23.053,2.37,10.232,2.858,4.358,1.879,0.836,0.482,0.228,0.432,0.285
  Short-Term Debt,0,0,7.831,32.632,18.158,0,0,0,0,34.657,20.761,0,0,0,0,0,2.547,,2.547,0,1.265,0,1.281,7.831,18.428,32.632,18.628,18.158,0,0,0,0,0,0,0,0,0,34.657,38.537,20.761,0,0,0,0,0,0,0,0,0,0,0,0
  Short-Term Capital Lease Obligation,1.707,1.265,0,0,0,0,0,0,0,0,0,0,0,0,0,0,0,,0,1.707,0,1.265,0,0,0,0,0,0,0,0,0,0,0,0,0,0,0,0,0,0,0,0,0,0,0,0,0,0,0,0,0,0
Short-Term Debt & Capital Lease Obligation,1.707,1.265,7.831,32.632,18.158,0,0,0,0,34.657,20.761,0,0,0,0,0,2.547,,2.547,1.707,1.265,1.265,1.281,7.831,18.428,32.632,18.628,18.158,0,0,0,0,0,0,0,0,0,34.657,38.537,20.761,0,0,0,0,0,0,0,0,0,0,0,0
  Current Deferred Revenue,0,0,0,0,0,0,0,0,0,0,0,0,0,0,0,0,0,,0,0,0,0,0,0,0,0,0,0,0,0,0,0,0,0,0,0,0,0,0,0,0,0,0,0,0,0,0,0,0,0,0,0
  Current Deferred Taxes Liabilities,0,0,0,0,0,0,0,0,0,3.119,0,0,0,0,0,0,0,,0,0,0,0,0,0,0,0,0,0,0,0,0,0,0,0,0,0,13.151,3.119,0,0,0,0,0,0,0,0,0,0,0,0,0,0
Deferred Tax And Revenue,0,0,0,0,0,0,0,0,0,3.119,0,0,0,0,0,0,0,,0,0,0,0,0,0,0,0,0,0,0,0,0,0,0,0,0,0,13.151,3.119,0,0,0,0,0,0,0,0,0,0,0,0,0,0
Other Current Liabilities,0,8.39,10.518,2.017,1.993,29.137,0,0.115,0,32.836,10.837,0.174,0,0.123,1.576,0.008,0,,0,0,0,8.39,6.533,10.518,5.492,2.017,5.44,1.993,15.436,29.137,0,0,0,0.115,0,0,37.992,32.836,28.453,10.837,0.514,0.174,0,0,0,0.123,1.521,1.576,0.56,0.016,0.008,0
Total Current Liabilities,124.576,109.765,85.833,132.696,92.355,110.586,38.054,53.192,53.084,102.344,60.235,23.227,10.232,4.481,2.412,0.44,140.661,,140.661,124.576,114.201,109.765,95.87,85.833,105.065,132.696,96.947,92.355,106.857,110.586,47.566,38.054,36.573,53.192,61.624,53.084,93.34,102.344,99.987,60.235,14.085,23.227,2.37,10.232,2.858,4.481,3.4,2.412,1.042,0.244,0.44,0.285
  Long-Term Debt,133.199,217.667,36.996,52.383,0,0,0,0,0,25.607,59.451,0,0,0,0,0,72.436,,72.436,133.199,169.053,217.667,72.225,36.996,50.32,52.383,42.275,0,0,0,0,0,0,0,0,0,0,25.607,42.872,59.451,0,0,0,0,0,0,0,0,0,0,0,0
  Long-Term Capital Lease Obligation,2.497,0.524,0,0,0,0,0,0,0,0,0,0,0,0,0,0,0,,0,2.497,0,0.524,0,0,0,0,0,0,0,0,0,0,0,0,0,0,0,0,0,0,0,0,0,0,0,0,0,0,0,0,0,0
Long-Term Debt & Capital Lease Obligation,135.696,218.191,36.996,52.383,0,0,0,0,0,25.607,59.451,0,0,0,0,0,72.436,,72.436,135.696,169.053,218.191,72.225,36.996,50.32,52.383,42.275,0,0,0,0,0,0,0,0,0,0,25.607,42.872,59.451,0,0,0,0,0,0,0,0,0,0,0,0
Debt-to-Equity,0.133,0.253,0.058,0.12,0.026,0,0,0,0,0.167,0.366,0,0,0,0,0,0.066,,0.066,0.133,0.179,0.253,0.092,0.058,0.094,0.12,0.088,0.026,0,0,0,0,0,0,0,0,0,0.167,0.256,0.366,0,0,0,0,0,0,0,0,0,0,0,0
Pension And Retirement Benefit,1.641,0.808,0.746,0.619,0.624,0.287,0.194,0.126,0.119,0.135,0,0,0,0,0,0,0,,0,1.641,0,0.808,0,0.746,0,0.619,0,0.624,0,0.287,0,0.194,0,0.126,0,0.119,0,0.135,0,0,0,0,0,0,0,0,0,0,0,0,0,0
NonCurrent Deferred Liabilities,50.713,51.986,41.817,45.116,37.944,47.216,66.073,34.552,47.198,0,0,0,0,0,0,0,50.126,,50.126,50.713,47.824,51.986,51.72,41.817,40.907,45.116,39.719,37.944,43.724,47.216,64.333,66.073,47.725,34.552,47.526,47.198,0,0,0,0,0,0,0,0,0,0,0,0,0,0,0,0
Other Long-Term Liabilities,37.873,39.413,20.379,18.06,18.577,15.648,10.283,7.543,7.864,41.017,52.934,2.635,2.874,2.341,2.75,0,52.28,,52.28,37.873,38.863,39.413,23.38,20.379,20.764,18.06,21.448,18.577,19.714,15.648,12.396,10.283,9.213,7.543,7.983,7.864,35.356,41.017,53.261,52.934,50.67,2.635,2.525,2.874,3.257,2.341,2.567,2.75,0,0,0,0
Total Long-Term Liabilities,225.923,310.398,99.938,116.178,57.145,63.151,76.55,42.221,55.181,66.759,112.385,2.635,2.874,2.341,2.75,0,174.842,,174.842,225.923,255.74,310.398,147.325,99.938,111.991,116.178,103.442,57.145,63.438,63.151,76.729,76.55,56.938,42.221,55.509,55.181,35.356,66.759,96.133,112.385,50.67,2.635,2.525,2.874,3.257,2.341,2.567,2.75,0,0,0,0
Total Liabilities,350.499,420.163,185.771,248.874,149.5,173.737,114.604,95.413,108.265,169.103,172.62,25.862,13.106,6.822,5.162,0.44,315.503,,315.503,350.499,369.941,420.163,243.195,185.771,217.056,248.874,200.389,149.5,170.295,173.737,124.295,114.604,93.511,95.413,117.133,108.265,128.696,169.103,196.12,172.62,64.755,25.862,4.895,13.106,6.115,6.822,5.967,5.162,1.042,0.244,0.44,0.285
,,,,,,,,,,,,,,,,,,,,,,,,,,,,,,,,,,,,,,,,,,,,,,,,,,,,
Common Stock,850.412,776.564,776.564,720.943,720.739,708.692,476.427,476.429,445.404,445.45,355.759,346.616,152.221,69.68,25.235,6.09,832.176,,832.176,850.412,850.412,776.564,776.564,776.564,721.003,720.943,720.756,720.739,720.592,708.692,476.427,476.427,476.429,476.429,445.404,445.404,445.45,445.45,443.113,355.759,353.492,346.616,177.873,152.221,69.95,69.68,37.928,25.235,14.739,8.289,6.09,6.09
Preferred Stock,0,0,0,0,0,0,0,0,0,0,0,0,0,0,0,0,0,,0,0,0,0,0,0,0,0,0,0,0,0,0,0,0,0,0,0,0,0,0,0,0,0,0,0,0,0,0,0,0,0,0,0
Retained Earnings,149.001,32.78,-61.576,-68.567,-39.281,36.899,72.539,-15.28,15.267,-23.102,-70.257,-22.012,-12.336,-7.547,-2.706,-0.971,260.457,,260.457,149.001,68.929,32.78,-31.763,-61.576,-58.129,-68.567,-51.415,-39.281,14.614,36.899,84.666,72.539,25.228,-15.28,11.838,15.267,5.128,-23.102,-57.377,-70.257,-61.74,-22.012,-18.855,-12.336,-11.442,-7.547,-3.98,-2.706,-1.677,-1.841,-0.971,-0.632
Accumulated other comprehensive income (loss),32.007,57.463,61.228,54.485,27.467,15.555,22.007,-1.11,11.609,-61.854,-66.519,-3.356,-7.088,-3.162,-0.58,0,39.994,,39.994,32.007,33.751,57.463,54.142,61.228,66.029,54.485,24.804,27.467,30.255,15.555,20.542,22.007,23.38,-1.11,19.782,11.609,-62.96,-61.854,-68.174,-66.519,-50.586,-3.356,-8.1,-7.088,4.614,-3.162,-0.677,-0.58,0.295,0.552,0,0
Additional Paid-In Capital,0,0,0,0,0,0,0,0,0,0,0,0,0,0,0,0,0,,0,0,0,0,0,0,0,0,0,0,0,0,0,0,0,0,0,0,0,0,0,0,0,0,0,0,0,0,0,0,0,0,0,0
Treasury Stock,0,0,0,0,0,0,0,0,0,0,0,0,0,0,0,0,0,,0,0,0,0,0,0,0,0,0,0,0,0,0,0,0,0,0,0,0,0,0,0,0,0,0,0,0,0,0,0,0,0,0,0
Other Stockholders Equity,0,0,0,0,0,0,0,0,0.001,0,0,0,0,0,0.001,0,0,,0,0,0,0,0,0,0,0,0,0,0,0,0,0,0,0,0,0.001,0,0,0,0,-0.001,0,0,0,-0.001,0,0,0.001,0,0,0,0
Total Stockholders Equity,1031.42,866.807,776.216,706.861,708.925,761.146,570.973,460.039,472.281,360.494,218.983,321.248,132.797,58.971,21.95,5.119,1132.627,,1132.627,1031.42,953.092,866.807,798.943,776.216,728.903,706.861,694.145,708.925,765.461,761.146,581.635,570.973,525.037,460.039,477.024,472.281,387.618,360.494,317.562,218.983,241.165,321.248,150.918,132.797,63.121,58.971,33.271,21.95,13.357,7,5.119,5.458
Minority Interest,27.679,8.745,7.296,7.453,6.374,8.192,12.249,6.57,9.062,-0.626,-6.598,-0.318,0,0,0,0,41.059,,41.059,27.679,16.761,8.745,9.728,7.296,7.554,7.453,6.846,6.374,6.485,8.192,11.497,12.249,8.949,6.57,9.035,9.062,3.34,-0.626,-5.96,-6.598,-5.202,-0.318,0,0,0,0,0,0,0,0,0,0
Total Equity,1059.099,875.552,783.512,714.314,715.299,769.338,583.222,466.609,481.343,359.868,212.385,320.93,132.797,58.971,21.95,5.119,1173.686,,1173.686,1059.099,969.853,875.552,808.671,783.512,736.457,714.314,700.991,715.299,771.946,769.338,593.132,583.222,533.986,466.609,486.059,481.343,390.957,359.868,311.601,212.385,235.963,320.93,150.918,132.797,63.121,58.971,33.271,21.95,13.357,7,5.119,5.458
Equity-to-Asset,0.732,0.669,0.801,0.734,0.82,0.807,0.818,0.819,0.801,0.682,0.569,0.926,0.91,0.896,0.81,0.921,0.761,,0.761,0.732,0.711,0.669,0.76,0.801,0.764,0.734,0.77,0.82,0.812,0.807,0.811,0.818,0.837,0.819,0.791,0.801,0.746,0.682,0.625,0.569,0.802,0.926,0.969,0.91,0.912,0.896,0.848,0.81,0.928,0.966,0.921,0.95
,,,,,,,,,,,,,,,,,,,,,,,,,,,,,,,,,,,,,,,,,,,,,,,,,,,,
Cashflow Statement,,,,,,,,,,,,,,,,,,,,,,,,,,,,,,,,,,,,,,,,,,,,,,,,,,,,
  Receipts from Customers,676.32,589.242,509.097,375.063,287.082,263.165,314,255.294,285.185,134.229,0,0,0,0,0,0,932.7,,545.671,387.033,289.287,315.065,274.177,227.865,281.232,209.001,166.062,165.428,121.654,119.356,143.809,176.942,137.058,124.332,130.962,144.113,141.072,0,0,0,0,0,0,0,0,0,0,0,0,0,0,0
  Receipts from Government Grants,0,0,0,0,0,0,0,0,0,0,0,0,0,0,0,0,0,,0,0,0,0,0,0,0,0,0,0,0,0,0,0,0,0,0,0,0,0,0,0,0,0,0,0,0,0,0,0,0,0,0,0
  Other Cash Receipts from Operating Activities,0,0,0,0,0,0,0,0,0,0,0,0,0.006,0,0.022,0,0,,0,0,0,-0.001,0.001,0,0,0,0,0,0,0,0,0,0,0,0,0,0,0,0,0,0,0,0.001,0,0,0,0,-0.004,0.026,0,0,0
Cash Receipts From Operating Activities,676.32,589.242,509.097,375.063,287.082,263.165,314,255.294,285.185,134.229,0,0,0.006,0,0.022,0,932.7,,545.671,387.033,289.287,315.064,274.178,227.865,281.232,209.001,166.062,165.428,121.654,119.356,143.809,176.942,137.058,124.332,130.962,144.113,141.072,0,0,0,0,0,0.001,0,0,0,0,-0.004,0.026,0,0,0
  Payments to Suppliers for Goods and Services,-353.946,-351.575,-363.918,-307.37,-286.877,-233.734,-228.844,-236.142,-235.71,-90.39,-8.29,-4.906,-2.199,-2.163,-1.693,-0.736,-480.42,,-294.045,-186.374,-167.572,-149.309,-202.266,-167.622,-196.296,-164.766,-142.604,-147.379,-139.498,-99.787,-133.947,-102.528,-126.316,-103.627,-132.515,-128.391,-107.319,-86.147,-4.243,-4.471,-3.819,-2.417,-2.488,-0.786,-1.413,-1.11,-1.053,-1.098,-0.595,-0.718,-0.299,-0.437
  Payments on Behalf of Employees,0,0,0,0,0,0,0,0,0,0,0,0,0,0,0,0,0,,0,0,0,0,0,0,0,0,0,0,0,0,0,0,0,0,0,0,0,0,0,0,0,0,0,0,0,0,0,0,0,0,0,0
  Other Cash Payments from Operating Activities,0,0,0,0,0,0,0,0,0,0,0,0,0,0,0,0,0,,0,0,0,0,0,0,0,0,0,0,0,0,0,0,0,0,0,0,0,0,0,0,0,0,0,0,0,0,0,0,0,0,0,0
Cash Payments,-353.946,-351.575,-363.918,-307.37,-286.877,-233.734,-228.844,-236.142,-235.71,-90.39,-8.29,-4.906,-2.199,-2.163,-1.693,-0.736,-480.42,,-294.045,-186.374,-167.572,-149.309,-202.266,-167.622,-196.296,-164.766,-142.604,-147.379,-139.498,-99.787,-133.947,-102.528,-126.316,-103.627,-132.515,-128.391,-107.319,-86.147,-4.243,-4.471,-3.819,-2.417,-2.488,-0.786,-1.413,-1.11,-1.053,-1.098,-0.595,-0.718,-0.299,-0.437
Dividends Paid,0,0,0,0,0,0,0,0,0,0,0,0,0,0,0,0,0,,0,0,0,0,0,0,0,0,0,0,0,0,0,0,0,0,0,0,0,0,0,0,0,0,0,0,0,0,0,0,0,0,0,0
Dividends Received,0,0,0,0,0,0,0,0,0,0,0,0,0,0,0,0,0,,0,0,0,0,0,0,0,0,0,0,0,0,0,0,0,0,0,0,0,0,0,0,0,0,0,0,0,0,0,0,0,0,0,0
Interest Paid,0,0,0,0,0,0,0,-0.269,-2.981,-1.688,0,0,0,0,0,0,0,,0,0,0,0,0,0,0,0,0,0,0,0,0,0,0,-0.014,-0.255,-0.87,-2.111,0,0,0,-2.397,0,-0.03,0,-0.016,0,0,0,0,0,0,0
Interest Received,0.522,1.644,1.045,0.598,0.655,0.964,0.637,0.203,0.188,0.917,2.464,1.849,0.631,0.732,0.376,0.105,0.2,,0.145,0.051,0.471,0.344,1.3,0.367,0.678,0.263,0.335,0.198,0.457,0.522,0.442,0.376,0.261,0.177,0.026,0.025,0.163,0.41,0.506,0.872,1.592,0.808,1.042,0.174,0.457,0.379,0.354,0.261,0.115,0.048,0.052,0.053
Taxes Refund Paid,-20.878,-26.52,0,0,0,0,0,0,0,0,0,0,0,0,0,0,-8.19,,-5.866,-2.321,-18.557,0,0,0,0,0,0,0,0,0,0,0,0,0,0,0,0,0,0,0,0,0,0,0,0,0,0,0,0,0,0,0
Cash Flow from Others,0,0,0,0,0,0,0,0,-0.001,-0.001,0,0.001,0,0,0,0,0,,0,0,0,-26.52,0,0,0,0,0,0,0,0,0,0,0,0,0,-0.001,0,132.541,0,2.397,-0.001,0.029,-0.001,0.022,-0.001,0,-0.001,0,0,0,0,0
Cash Flow from Operations,302.018,212.791,146.224,68.291,0.86,30.395,85.793,19.086,46.681,43.067,-5.826,-3.056,-1.562,-1.431,-1.295,-0.631,444.29,,245.905,198.389,103.629,139.579,73.212,60.61,85.614,44.498,23.793,18.247,-17.387,20.091,10.304,74.79,11.003,20.868,-1.782,14.876,31.805,46.804,-3.737,-1.202,-4.625,-1.58,-1.476,-0.59,-0.973,-0.731,-0.7,-0.841,-0.454,-0.67,-0.247,-0.384
,,,,,,,,,,,,,,,,,,,,,,,,,,,,,,,,,,,,,,,,,,,,,,,,,,,,
"Purchase Of Property, Plant, Equipment",-220.728,-254.475,-56.651,-25.92,-31.689,-16.27,-13.15,-21.928,-0.92,-3.721,-3.074,-1.419,-1.176,-0.717,-0.345,-0.36,-236.5,,-40.993,-195.509,-25.219,-245.212,-9.263,-46.21,-10.441,-6.154,-19.766,-21.692,-9.997,-15.663,-0.607,-6.176,-6.974,-9.379,-12.549,18.422,-19.341,80.217,-83.938,74.841,-77.916,7.681,-9.1,-0.345,-0.83,-0.602,-0.115,-0.317,-0.028,-0.075,-0.066,-0.294
"Sale Of Property, Plant, Equipment",0,0,0,0,0.235,0.005,-0.047,0.164,0,0,0,0,0,0.003,0.005,0,0,,0,0,0,0,0,0,0,0,0,0,0,0,0,0,0,0.083,0.081,0,0,0,0,0,0,0,0,0,0,0,0.003,0.004,0,0,0,0
Purchase Of Business,0,0,0,0,0,-0.046,0,0,0,0,-4.73,-2.225,0,0,0,0,0,,0,0,0,0,0,0,0,0,0,0,0,0,0,0,0,0,0,0,0,0,-2.386,-3.54,-1.19,0,0,0,0,0,0,0,0,0,0,0
Sale Of Business,0,0,0,0.027,0.316,2.315,0,0,0,0,0,0,0,0,0,0,0,,0,0,0,0,0,0,0,0,0,0,0,0,0,0,0,0,0,0,0,0,0,0,0,0,0,0,0,0,0,0,0,0,0,0
Purchase Of Investment,0,0,0,0,0,0,-0.281,-0.229,0,-2.386,0,-12.699,0,0,-0.6,0,0,,0,0,0,0,0,0,0,0,0,0,0,0,0,-0.181,-0.1,-0.05,-0.179,0,0,0,0,0,0,-0.977,-11.722,0,0,0,0,0,-0.6,0,0,0
Sale Of Investment,0.205,0.115,0.045,0,0,0,0,0,0,0,0,0,0,0,2.71,0,0.23,,0.23,0,0.205,0,0,0,0,0,0.027,0,0,0,0,0,0,0,0,0,0,0,0,0,0,0,0,0,0,0,0,0,2.71,0,0,0
Net Intangibles Purchase And Sale,0,0,0,-77.387,-111.959,-50.003,-20.166,-17.624,-37.5,-122.942,-137.211,-42.515,-0.521,-0.82,0,0,0,,0,0,0,0,0,0,0,0,0,0,0,-31.242,-18.761,0,0,0,0,-30.586,-6.914,-123.98,1.037,-137.728,0.517,0,0,0,0,0,0,0,0,0,0,0
Cash From Discontinued Investing Activities,0,0,0,0,0,0,0,0,0,0,0,0,0,0,0,0,0,,0,0,0,0,0,0,0,0,0,0,0,0,0,0,0,0,0,0,0,0,0,0,0,0,0,0,0,0,0,0,0,0,0,0
Cash From Other Investing Activities,-28.686,-15.527,-3.381,-16.371,-15.945,-7.895,-5.57,-8.409,-20.292,25.962,-15.952,-26.261,-21.322,-27.359,-10.851,-0.882,71.41,,-25.518,96.928,-125.614,121.376,-136.788,19.4,-22.736,-42.308,-51.45,-43.92,-83.433,1.237,-6.858,-17.358,-8.425,-20.869,-5.164,-13.144,-7.148,-5.889,31.852,-7.326,-8.625,-60.567,-10.434,-6.879,-14.964,-18.484,-9.696,-7.526,-3.324,-1.081,-0.598,-0.285
Cash Flow from Investing,-249.209,-269.887,-59.987,-119.651,-159.042,-71.894,-39.214,-48.026,-58.712,-103.087,-160.967,-85.119,-23.019,-28.893,-9.081,-1.242,-164.86,,-66.281,-98.581,-150.628,-123.836,-146.051,-26.81,-33.177,-48.462,-71.189,-65.612,-93.43,-45.668,-26.226,-23.715,-15.499,-30.215,-17.811,-25.308,-33.403,-49.652,-53.435,-73.753,-87.214,-53.863,-31.256,-7.224,-15.794,-19.086,-9.808,-7.839,-1.242,-1.156,-0.664,-0.579
,,,,,,,,,,,,,,,,,,,,,,,,,,,,,,,,,,,,,,,,,,,,,,,,,,,,
Issuance of Stock,0,0,55.698,0.204,12.844,94.576,0,32.286,0,94.617,9.23,204.472,86.611,46.079,10.06,3.717,0,,0,0,0,0,0,0,0,0,0,5.193,7.651,0,0,0,0,0,0,0,0,2.401,92.216,2.297,6.933,178.885,25.587,86.332,0.279,32.864,13.215,9.892,0.168,2.5,0,3.717
Repurchase of Stock,0,0,-0.076,0,-0.796,-3.879,-0.002,-1.261,-0.046,-4.926,-0.163,-14.354,-2.06,-1.644,-0.534,-0.325,-18.24,,-18.236,0,0,0,0,0,0,0,0,0.001,-0.797,0,0,0,0,0,0,0,0,-0.063,-4.863,-0.03,-0.134,-10.142,-4.211,-2.06,0,-1.121,-0.523,-0.533,-0.001,-0.097,0,-0.325
Net Issuance of Preferred Stock,0,0,0,0,0,0,0,0,0,0,0,0,0,0,0,0,0,,0,0,0,0,0,0,0,0,0,0,0,0,0,0,0,0,0,0,0,0,0,0,0,0,0,0,0,0,0,0,0,0,0,0
  Issuance of Debt,0,226.534,0,70.368,26.161,0,0,0,0,0,80.211,0,0,0,0,0,0,,0,0,0,153.521,73.013,0,0,19.256,51.112,0,0,0,0,0,0,0,0,0,0,0,0,0,0,0,0,0,0,0,0,0,0,0,0,0
  Payments of Debt,-79.06,-45.518,-43.846,-8.976,-6.631,0,0,0,-60.554,-21.24,0,0,0,0,0,0,-119.73,,-68.322,-51.407,-27.653,0,-45.518,-23.936,-19.91,-2.561,-6.415,0,0,0,0,0,0,0,0,0.175,-60.729,0,0,0,0,0,0,0,0,0,0,0,0,0,0,0
Net Issuance of Debt,-79.06,181.016,-43.846,61.392,19.53,0,0,0,-60.554,-21.24,80.211,0,0,0,0,0,-119.73,,-68.322,-51.407,-27.653,153.521,27.495,-23.936,-19.91,16.695,44.697,0,0,0,0,0,0,0,0,0.175,-60.729,0,0,0,0,0,0,0,0,0,0,0,0,0,0,0
Cash Flow for Dividends,-2.29,0,0,0,0,0,0,0,0,0,0,0,0,0,0,0,-2.75,,-2.747,0,-2.29,0,0,0,0,0,0,0,0,0,0,0,0,0,0,0,0,0,0,0,0,0,0,0,0,0,0,0,0,0,0,0
Other Financing,0,-15.303,-5.706,-4.154,-1.761,-0.475,0,0,0,-0.001,0,0.001,0,0,0.577,0,3.17,,-4.47,7.644,-7.644,-3.301,-12.002,53.225,-3.309,-1.064,-2.886,12.723,5.046,0,0,0,0,0,0,-0.046,0,-21.241,0,80.212,0.001,0,0,0,0,-0.001,0.001,0.576,0.001,0,0,0
Cash Flow from Financing,-81.35,165.713,6.07,57.442,29.817,90.222,-0.002,31.025,-60.6,68.45,89.278,190.119,84.551,44.435,10.103,3.392,-137.54,,-93.775,-43.763,-37.587,150.22,15.493,29.289,-23.219,15.631,41.811,17.917,11.9,90.697,-0.475,0,0,0,0,0.129,-60.729,-18.903,87.353,82.479,6.8,168.743,21.376,84.272,0.279,31.742,12.693,9.935,0.168,2.403,0,3.392
,,,,,,,,,,,,,,,,,,,,,,,,,,,,,,,,,,,,,,,,,,,,,,,,,,,,
Beginning Cash Position,218.166,125.406,31.166,24.027,151.257,103.741,36.937,35.48,105.497,96.462,185.592,79.876,19.153,5.391,6,0.402,120.53,,181.545,120.531,218.166,67.467,125.406,63.095,31.166,21.833,24.027,54.655,151.257,94.641,103.741,43.085,36.937,47.041,35.48,39.674,105.496,131.455,96.462,88.796,185.592,67.166,79.876,3.622,19.153,7.378,5.391,4.309,6,1.918,2.828,0.403
  Effect of Exchange Rate Changes,-8.08,-15.857,1.933,1.057,1.135,-1.207,20.227,-0.628,2.614,0.605,-11.615,3.772,0.753,-0.205,-0.336,-0.004,5.8,,0.829,4.969,-13.049,-15.264,-0.593,-0.778,2.711,-2.334,3.391,-1.18,2.315,-8.504,7.297,9.581,10.646,-0.757,0.129,6.109,-3.495,-4.207,4.812,0.142,-11.757,5.126,-1.354,-0.204,0.957,-0.006,-0.199,-0.173,-0.163,0,0,0
Net Change in Cash,-36.621,92.76,94.24,7.139,-127.23,47.516,66.804,1.457,-70.017,9.035,-89.13,105.716,60.723,13.906,-0.609,1.515,147.69,,86.678,61.014,-97.635,150.699,-57.939,62.311,31.929,9.333,-2.194,-30.628,-96.602,56.616,-9.1,60.656,6.15,-10.104,-19.464,-4.194,-65.822,-25.958,34.993,7.666,-96.796,118.426,-12.71,76.254,-15.531,11.919,1.986,1.082,-1.691,0.577,-0.911,2.429
Ending Cash Position,181.545,218.166,125.406,31.166,24.027,151.257,103.741,36.937,35.48,105.497,96.462,185.592,79.876,19.297,5.391,1.917,268.223,,268.223,181.545,120.531,218.166,67.467,125.406,63.095,31.166,21.833,24.027,54.655,151.257,94.641,103.741,43.087,36.937,16.016,35.48,39.674,105.497,131.455,96.462,88.796,185.592,67.166,79.876,3.622,19.297,7.377,5.391,4.309,2.495,1.917,2.832
,,,,,,,,,,,,,,,,,,,,,,,,,,,,,,,,,,,,,,,,,,,,,,,,,,,,
Capital Expenditure,-249.488,-273.193,-65.22,-119.678,-159.593,-74.168,-38.886,-47.961,-51.798,-157.101,-153.716,-70.223,-23.824,-28.125,-9.997,-1.153,-279.46,,-66.157,-213.301,-36.187,-257.552,-15.641,-50.447,-14.773,-90.381,-29.297,-143.792,-15.801,-47.942,-26.226,-23.487,-15.399,-30.248,-17.713,-18.395,-33.403,-58.207,-98.894,-67.915,-85.802,-50.66,-19.562,-7.852,-15.972,-18.631,-9.495,-6.662,-3.335,-1.129,-0.618,-0.535
Free Cash Flow,52.53,-60.402,81.004,-51.387,-158.733,-43.773,46.907,-28.875,-5.117,-114.034,-159.542,-73.279,-25.386,-29.556,-11.292,-1.784,164.84,,179.748,-14.912,67.442,-117.973,57.571,10.163,70.841,-45.883,-5.504,-125.545,-33.188,-27.851,-15.922,51.303,-4.396,-9.38,-19.495,-3.519,-1.598,-11.403,-102.631,-69.117,-90.427,-52.24,-21.038,-8.442,-16.945,-19.362,-10.195,-7.503,-3.789,-1.799,-0.865,-0.919
,,,,,,,,,,,,,,,,,,,,,,,,,,,,,,,,,,,,,,,,,,,,,,,,,,,,
Valuation Ratios,,,,,,,,,,,,,,,,,,,,,,,,,,,,,,,,,,,,,,,,,,,,,,,,,,,,
PE Ratio,15.53,16.58,98.33,0,0,0,2.64,0,5.18,23.56,0,0,0,0,0,0,12.39,,0,15.53,9999,16.58,9999,98.33,9999,0,9999,0,9999,0,2.88,2.64,13,0,17.14,5.18,12.46,23.56,9999,0,9999,0,9999,0,9999,0,9999,0,9999,9999,9999,9999
PE Ratio without NRI,15.53,16.58,98.33,0,0,0,2.64,0,5.18,23.56,0,0,0,0,0,0,12.39,,0,15.53,9999,16.58,9999,98.33,9999,0,9999,0,9999,0,2.91,2.64,13,0,18.46,5.18,12.24,23.56,9999,0,9999,0,9999,0,9999,0,9999,0,9999,9999,9999,9999
Price-to-Owner-Earnings,18.02,14.24,12.04,0,0,0,8.27,0,0,0,0,0,0,0,0,0,23.4,,0,18.02,0,14.24,0,12.04,0,0,0,0,0,0,2.94,8.27,0,0,0,0,0,0,0,0,0,0,0,0,0,0,0,0,0,0,0,0
PB Ratio,1.74,1.77,0.89,0.63,0.42,0.69,0.4,0.47,0.42,3.15,5.09,3,1.64,3.51,6.19,1.77,2.05,,1.76,1.74,1.67,1.77,1.7,0.89,0.6,0.63,0.57,0.42,0.46,0.69,0.29,0.4,0.26,0.47,0.23,0.42,2.48,3.15,3.44,5.09,5.92,3,3.75,1.64,1.61,3.51,5.43,6.19,3.34,4.07,1.77,1.88
Price-to-Tangible-Book,1.74,1.77,0.89,0.63,0.42,0.69,0.4,0.47,0.42,3.15,5.09,3,1.64,3.51,6.19,1.77,1.89,,1.76,1.74,1.67,1.77,1.7,0.89,0.6,0.63,0.57,0.42,0.46,0.69,0.29,0.4,0.26,0.47,0.23,0.42,2.48,3.15,3.44,5.09,5.92,3,3.75,1.64,1.61,3.51,5.43,6.19,3.34,4.07,1.77,1.88
Price-to-Free-Cash-Flow,34.76,0,8.68,0,0,0,4.94,0,0,0,0,0,0,0,0,0,14.36,,0,34.76,0,0,0,8.68,0,0,0,0,0,0,4.57,4.94,0,0,0,0,173.33,0,0,0,0,0,0,0,0,0,0,0,0,0,0,0
Price-to-Operating-Cash-Flow,6.01,7.36,4.8,6.52,346.64,10.61,2.7,10.51,4.26,25.79,0,0,0,0,0,0,5.34,,0,6.01,0,7.36,0,4.8,0,6.52,0,0,0,10.61,1.94,2.7,5.78,10.51,2.29,4.26,30.59,25.79,0,0,0,0,0,0,0,0,0,0,0,0,0,0
PS Ratio,2.66,2.65,1.38,1.17,1.05,1.28,0.7,0.76,0.68,7.68,0,0,0,0,0,0,2.53,,0,2.66,0,2.65,0,1.38,0,1.17,0,1.05,1.42,1.28,0.49,0.7,0.5,0.76,0.39,0.68,6.58,7.68,0,0,0,0,0,0,0,0,0,0,0,0,0,0
PEG Ratio,0,0,0,0,0,0,0,0,0,0,0,0,0,0,0,0,0,,0,0,0,0,0,0,0,0,0,0,0,0,0,0,0,0,0,0,0,0,0,0,0,0,0,0,0,0,0,0,0,0,0,0
EV-to-Revenue,2.61,2.61,1.21,1.34,1.06,1.5,0.41,0.71,0.59,7.52,0,0,0,0,0,0,2.54,,0,2.61,0,2.61,0,1.21,0,1.34,0,1.06,1.48,1.5,0.15,0.41,0.25,0.71,0.35,0.59,6.3,7.52,0,0,0,0,0,0,0,0,0,0,0,0,0,0
EV-to-EBITDA,6.82,6.29,4.44,6.96,-7.52,-80.89,0.93,32.54,2.02,15.04,-76.88,-77.1,-41.68,-34.08,-68.18,-8.31,6.39,,0,6.82,0,6.29,0,4.44,0,6.96,0,-7.52,-12.29,-80.89,0.38,0.93,1.18,32.54,2.58,2.02,12.78,15.04,0,-76.88,0,-77.1,0,-41.68,0,-34.08,0,-68.18,0,0,0,0
EV-to-EBIT,10.54,11.78,52.2,-31.6,-3.19,-8.62,1.17,-5.34,2.64,17.5,-75.55,-74.92,-41.29,-33.89,-66.07,-8.18,9.81,,0,10.54,0,11.78,0,52.2,0,-31.6,0,-3.19,-4.76,-8.62,0.61,1.17,4.79,-5.34,27.94,2.64,15.76,17.5,0,-75.55,0,-74.92,0,-41.29,0,-33.89,0,-66.07,0,0,0,0
Earnings Yield (Joel Greenblatt) %,9.49,8.49,1.92,-3.16,-31.35,-11.6,85.47,-18.73,37.88,5.71,-1.32,-1.33,-2.42,-2.95,-1.51,-12.22,10.19,,0,9.49,0,8.49,0,1.92,0,-3.16,0,-31.35,-21.01,-11.6,163.93,85.47,20.88,-18.73,3.58,37.88,6.35,5.71,0,-1.32,0,-1.33,0,-2.42,0,-2.95,0,-1.51,0,0,0,0
Forward Rate of Return (Yacktman) %,0,0,0,0,0,0,0,-44.34,-45.52,-9.6,40.67,22.38,8.32,0,0,0,0,,0,0,0,0,0,0,0,0,0,0,0,0,0,0,0,-44.34,0,-45.52,0,-9.6,0,40.67,0,22.38,0,8.32,0,0,0,0,0,0,0,0
Shiller PE Ratio,0,0,0,0,0,0,0,0,0,0,0,0,0,0,0,0,0,,0,0,0,0,0,0,0,0,0,0,0,0,0,0,0,0,0,0,0,0,0,0,0,0,0,0,0,0,0,0,0,0,0,0
Dividend Yield %,0,0,0,0,0,0,0,0,0,0,0,0,0,0,0,0,1.22,,0.93,0,0,0,0,0,0,0,0,0,0,0,0,0,0,0,0,0,0,0,0,0,0,0,0,0,0,0,0,0,0,0,0,0
,,,,,,,,,,,,,,,,,,,,,,,,,,,,,,,,,,,,,,,,,,,,,,,,,,,,
Valuation and Quality,,,,,,,,,,,,,,,,,,,,,,,,,,,,,,,,,,,,,,,,,,,,,,,,,,,,
Market Cap,1790.627,1530.153,688.794,444.975,299.633,522.42,228.856,218.211,199.005,1133.866,1113.999,963.187,217.16,206.812,135.885,9.051,2576.531,,1987.934,1790.627,1593.862,1530.153,1354.857,688.794,434.687,444.975,392.638,299.633,350.818,522.42,171.18,228.856,138.378,218.211,111.073,199.005,962.629,1133.866,1091.728,1113.999,1427.202,963.187,566.064,217.16,101.413,206.812,180.823,135.885,44.551,28.475,9.051,10.258
Enterprise Value ($M),1774.164,1540.188,615.511,506.277,300.138,379.355,137.364,187.844,172.587,1088.004,1091.151,777.277,137.284,187.659,130.494,7.134,2383.291,,1835.753,1774.164,1660.41,1540.188,1370.624,615.511,447.894,506.277,438.554,300.138,302.648,379.355,88.036,137.364,104.24,187.844,104.092,172.587,926.295,1088.004,1035.722,1091.151,1333.204,777.277,498.898,137.284,97.791,187.659,173.446,130.494,40.242,25.98,7.134,7.426
Month End Stock Price,1.46,1.31,0.59,0.43,0.29,0.52,0.43,0.41,0.43,2.45,2.59,2.28,0.72,1.17,1.14,0.15,1.735,,1.62,1.46,1.3,1.31,1.16,0.59,0.42,0.43,0.38,0.29,0.34,0.52,0.32,0.43,0.26,0.41,0.24,0.43,2.08,2.45,2.37,2.59,3.34,2.28,1.75,0.72,0.57,1.17,1.34,1.14,0.49,0.39,0.15,0.17
Net Cash per Share,-0.16,-0.18,-0.06,-0.22,-0.13,-0.03,-0.04,-0.12,-0.18,-0.14,-0.16,0.38,0.22,0.07,0,0.02,-0.07,,-0.07,-0.16,-0.22,-0.18,-0.16,-0.06,-0.16,-0.22,-0.18,-0.13,-0.12,-0.03,-0.08,-0.04,-0.11,-0.12,-0.24,-0.18,-0.2,-0.14,-0.13,-0.16,0.07,0.38,0.19,0.22,-0.01,0.07,0.01,0,0.04,0.03,0.02,0.04
Net Current Asset Value,0.02,-0.06,0.06,-0.06,-0.05,0.09,0.17,0.04,-0.06,-0.02,-0.13,0.38,0.22,0.11,0,0.03,0.08,,0.08,0.02,-0.07,-0.06,-0.03,0.06,-0.02,-0.06,-0.09,-0.05,0.01,0.09,0.14,0.17,0.11,0.04,-0.09,-0.06,-0.02,-0.02,-0.03,-0.13,0.08,0.38,0.19,0.22,-0.01,0.11,0.01,0,0.04,0.03,0.03,0.04
Net-Net Working Capital,-0.09,-0.13,0,-0.16,-0.09,0.01,0.03,-0.07,-0.13,-0.08,-0.16,0.38,0.22,0.07,0,0.02,0,,0,-0.09,-0.15,-0.13,-0.1,0,-0.09,-0.16,-0.13,-0.09,-0.07,0.01,0.01,0.03,-0.02,-0.07,-0.18,-0.13,-0.12,-0.08,-0.08,-0.16,0.07,0.38,0.19,0.22,-0.01,0.07,0.01,0,0.04,0.03,0.02,0.04
Intrinsic Value: Projected FCF,0.52,0.33,0.34,0.08,-0.06,0.15,-0.06,-0.46,-0.41,-0.61,-0.71,0.08,0,0,0,0,0,,0,0.52,0,0.33,0,0.34,0,0.08,0.33,-0.06,0.39,0.15,0,-0.06,0,-0.46,0,-0.41,0,-0.61,0,-0.71,0,0.08,0,0,0,0,0,0,0,0,0,0
Median PS Value,0,0,0,0,0,0,0,0,0,0,0,0,0,0,0,0,0,,0,0,0,0,0,0,0,0,0,0,0,0,0,0,0,0,0,0,0,0,0,0,0,0,0,0,0,0,0,0,0,0,0,0
Peter Lynch Fair Value,0,0,0,0,0,0,0,0,0,0,0,-0.75,-0.69,0,0,0,0,,0,0,0,0,0,0,0,0,0,0,0,0,0,0,0,0,0,0,0,0,0,0,0,0,0,0,0,0,0,0,0,0,0,0
Graham Number,1.33,1.15,0.3,0,0,0,1.98,0,1.38,1.35,0,0,0,0,0,0,1.78,,1.78,1.33,1.21,1.15,0.58,0.28,0,0,0,0,0,0,1.64,1.98,0.66,0,0.56,1.38,1.59,1.35,0.51,0,0,0,0,0,0,0,0,0,0,0,0,0
Earnings Power Value (EPV),-0.64,-0.95,-0.62,-0.76,-0.41,-0.34,-0.87,-1.63,-1.8,-1.92,-1.45,-0.33,-0.35,0,0,0,0,,0,-0.64,0,-0.95,0,-0.62,0,-0.76,-0.53,-0.41,-0.42,-0.34,-0.38,-0.87,0,-1.63,0,-1.8,0,-1.92,0,-1.45,0,-0.33,0,-0.35,0,0,0,0,0,0,0,0
Altman Z-Score,4.33,3.24,2.93,1.39,1.12,2.18,2.68,1.75,2.07,4.75,3.3,17.49,6.22,0,0,0,5.67,,0,4.33,0,3.24,0,2.93,0,1.39,1.09,1.12,1.29,2.18,2.07,2.68,1.61,1.75,1.09,2.07,5.11,4.75,0,3.3,0,17.49,0,6.22,0,0,0,0,0,0,0,0
Piotroski F-Score,4,7,7,5,3,4,6,5,6,6,1,4,4,3,9999,9999,4,,0,4,0,7,0,7,0,5,1,3,2,4,8,6,7,5,7,6,7,6,0,1,0,4,0,4,0,3,0,9999,0,0,9999,0
Beneish M-Score,-3.29,-3,-3.41,-2.14,-2.71,-3.08,-2.48,-0.18,-1.51,48.02,39.08,-3.56,-3.11,90.54,-3.12,0,-3.29,,0,-3.29,0,-3,0,-3.41,0,-2.14,8.51,-2.71,-3.1,-3.08,-3.53,-2.48,-2.59,-0.18,-1.26,-1.51,0,48.02,0,39.08,0,-3.56,0,-3.11,0,90.54,0,-3.12,0,0,0,0
Scaled Net Operating Assets,0.783,0.905,0.73,0.888,0.752,0.886,0.853,0.729,0.843,0.817,0.566,0.928,0.804,1.469,2.979,0.576,0.696,,0.696,0.758,0.787,0.834,0.841,0.737,0.77,0.852,0.856,0.753,0.761,0.862,0.714,0.764,0.873,0.712,0.797,0.858,0.664,0.62,0.679,0.652,0.424,0.869,0.574,0.764,0.904,1.015,0.955,1.15,1.249,0.81,0.558,0.457
Sloan Ratio %,4.5,11.69,-8.18,2.65,9.48,0.62,5.91,-0.36,8.55,20.26,30.79,22.64,13.57,38.73,36.35,21.32,-5.9,,-5.9,4.5,9.85,11.69,6.22,-8.18,-5.43,2.65,3.19,9.48,7.04,0.62,3.39,5.91,4.34,-0.36,6.02,8.55,12.88,20.26,26.88,30.79,34.72,22.64,21.26,13.56,42.06,38.73,43.03,36.35,23.31,23.83,21.33,
Current Ratio,3.24,3.3,3.13,1.49,1.14,2.44,5.67,2.3,1.64,1.55,1.8,8.03,7.88,5.74,2.32,4.51,3.26,,3.26,3.24,2.6,3.3,2.32,3.13,1.91,1.49,1.23,1.14,1.74,2.44,4.47,5.67,4.43,2.3,1.35,1.64,1.3,1.55,1.77,1.8,6.6,8.03,28.6,7.88,1.74,5.74,2.25,2.32,4.28,11.09,4.51,10.07
Quick Ratio,1.8,2.24,1.65,0.55,0.64,1.91,4.51,1.61,1.07,1.19,1.79,8.03,7.88,5.74,2.32,4.51,2.21,,2.21,1.8,1.44,2.24,1.05,1.65,0.88,0.55,0.65,0.64,1.18,1.91,3.49,4.51,3.26,1.61,0.65,1.07,0.66,1.19,1.45,1.79,6.6,8.03,28.6,7.88,1.74,5.74,2.25,2.32,4.28,11.09,4.51,10.07
Cash Ratio,1.46,1.99,1.46,0.23,0.26,1.37,2.73,0.69,0.67,1.03,1.6,7.99,7.81,4.27,2.24,4.36,1.91,,1.91,1.46,1.06,1.99,0.7,1.46,0.6,0.23,0.23,0.26,0.51,1.37,1.99,2.73,1.18,0.69,0.26,0.67,0.43,1.03,1.31,1.6,6.3,7.99,28.34,7.81,1.27,4.27,2.17,2.24,4.14,10.23,4.36,9.94
Interest Coverage,33.96,27.69,0,0,0,0,112.4,2.56,23.32,31.35,9999,10000,10000,10000,10000,10000,27.6,,25.74,30.44,41.04,48.81,14.33,0.7,0,0,11.04,59.76,0,0,28.82,237.64,34.97,0,7.53,3.77,42.31,34.31,9999,9999,10000,10000,10000,10000,10000,10000,10000,10000,10000,10000,10000,10000
Highest Stock Price,1.575,1.34,0.62,0.5,0.68,0.65,0.52,0.87,2.95,3.96,3.46,2.41,1.3,1.55,1.14,0.2,2.09,,1.84,1.465,1.575,1.34,1.16,0.62,0.49,0.5,0.38,0.45,0.68,0.65,0.44,0.48,0.52,0.51,0.87,2.18,2.95,2.96,3.96,3.39,3.46,2.41,1.83,0.98,1.3,1.5,1.55,1.14,0.59,0.39,0.19,0.2
Lowest Stock Price,1.07,0.55,0.33,0.28,0.28,0.27,0.21,0.22,0.43,2.18,2.07,0.68,0.24,0.86,0.37,0,1.31,,1.35,1.07,1.095,0.71,0.55,0.37,0.33,0.38,0.28,0.28,0.31,0.27,0.29,0.24,0.21,0.24,0.22,0.43,2.08,2.18,2.35,2.26,2.07,1.47,0.68,0.44,0.24,0.86,0.86,0.43,0.37,0.15,0.13,0
Shares Buyback Ratio %,-5,-0.05,-12.82,-0.16,-2.84,-88.77,0,-15,0,-7.6,-1.81,-40.06,-70.63,-48.29,-97.54,,-0.087427267,,-0.05,-0.03,-4.96,-0.01,-0.05,-12.8,-0.01,-0.15,0,-0.14,-2.7,-87.81,-0.51,0,0,-15,0,0,0,-0.47,-7.1,-0.66,-1.15,-30.6,-7.25,-69.52,-0.65,-30.99,-13.21,-31.1,-24.52,-21,0,
Buyback Yield %,0,0,-8.08,-0.05,-4.02,-17.36,0,-14.22,0.02,-7.91,-0.81,-19.74,-38.93,-21.49,-7.01,-37.48,0.71,,1.83,0,0,0,0,0,0,0,0,-3.47,-3.91,0,0,0,0,0,0,0,0,-0.41,-16,-0.41,-0.95,-35.04,-7.55,-77.61,-0.55,-30.7,-14.04,-13.77,-0.75,-16.88,0,-66.13
YoY Rev. per Sh. Growth,10.99,15.02,17.37,33.02,-32.26,-34.26,13.85,-14.51,98.61,0,0,0,0,0,0,0,50,,86.88,19.22,1.32,37.41,-3.09,-5.38,45.79,23.59,48.14,12.59,-59.84,-58.87,3.99,40.54,-9.94,-20.41,-8.02,0,0,0,0,0,0,0,0,0,0,0,0,-100,0,-24.78,0,0
YoY EPS Growth,18.91,1235.59,123.6,66.26,-29.09,-135.31,355.92,-176.61,-20.34,192.12,-288.43,-16.21,25.57,-581.97,58.33,0,87.5,,202.72,19.52,17.6,1637.14,184.09,73.48,174.58,74.62,46.61,35.05,-199.26,-191.42,-70.32,258.6,1002.39,-351.35,-113.64,-70,97.43,621.14,131.2,-75.31,-369.49,-163.74,4.18,87.22,-122.99,-125.24,-308.32,-7,196.01,-42.85,0,0
YoY EBITDA Growth (%),2.59,74.67,66.3,281.26,-414.21,-102.75,2210.48,-93.59,15.78,580.39,-10.81,-74.43,55.03,-101.44,-24.58,0,57.89,,109.24,14.89,-12.55,96.68,53.88,25.02,142.11,298.93,256.75,55.27,-127.61,-131.25,-48.13,836.07,200.74,-157.82,-74.82,-75.99,1187.36,1255.81,31.91,26.6,-87.9,-103.73,-36.41,62.3,38.43,-189.77,-38.32,14.13,-4.73,-59.79,0,0
5-Year EBITDA Growth Rate (Per Share),0,0,0,0,0,0,0,0,0,0,-13.75,28.73,23.11,0,0,0,0,,0,0,0,0,0,0,0,0,0,0,0,0,0,0,0,0,0,0,0,0,0,-13.75,0,28.73,0,23.11,0,0,0,0,0,0,0,0
Shares Outstanding (Basic Average),1214.231,1167.973,1059.91,1033.696,1027.96,621.364,532.223,486.767,462.802,451.161,426.982,336.073,191.546,143.996,100.815,56.366,1227.12,,1227.12,1227.499,1200.963,1167.965,1167.98,1086.355,1033.465,1039.087,1028.305,1047.55,1008.371,707.79,534.939,532.116,532.329,510.731,462.802,462.802,462.802,487.791,414.532,452.481,401.484,362.855,309.291,205.991,177.102,158.778,129.214,111.384,90.247,65.861,60.276,52.456
Shares Outstanding (EOP),1226.457,1168.055,1167.447,1034.826,1033.218,1004.653,532.223,532.223,462.802,462.802,430.115,422.45,301.611,176.763,119.197,60.341,1359.65,,1227.12,1226.457,1226.048,1168.055,1167.981,1167.447,1034.969,1034.826,1033.258,1033.218,1031.819,1004.653,534.939,532.223,532.223,532.223,462.802,462.802,462.802,462.802,460.645,430.115,427.306,422.45,323.465,301.611,177.918,176.763,134.943,119.197,90.92,73.013,60.341,60.341
Beta,0.49,0.51,0,-0.37,0.4,0.24,0.39,0.18,0.37,1.03,1.73,2.26,2.24,2.61,0,0,0.63,,0.45,0.49,0.34,0.51,-0.57,0,-0.07,-0.37,0.07,0.4,-0.14,0.24,0.15,0.39,0.56,0.18,0.97,0.37,0.5,1.03,0.95,1.73,2.02,2.26,2.37,2.24,2.55,2.61,2.03,0,0,0,0,0
Restated Filing Date,10/18/21,10/19/20,10/22/19,10/16/18,10/19/17,10/18/16,10/19/15,10/17/14,10/14/13,10/10/12,10/24/11,10/26/10,10/26/09,09/30/08,10/31/07,10/27/05,02/23/22,,02/23/22,10/18/21,02/24/21,10/19/20,02/20/20,10/22/19,02/25/19,10/16/18,02/21/18,10/19/17,02/24/17,10/18/16,02/15/16,10/19/15,02/16/15,10/17/14,02/14/14,10/14/13,02/15/13,10/10/12,02/16/12,10/24/11,02/15/11,10/26/10,03/16/10,10/26/09,03/16/09,09/30/08,03/04/08,10/31/07,03/15/07,03/15/06,10/27/05,03/14/05
Filing Date,10/18/21,10/19/20,10/22/19,10/16/18,10/19/17,10/18/16,10/19/15,10/17/14,10/14/13,10/10/12,10/24/11,10/26/10,10/26/09,09/30/08,10/31/07,10/27/05,02/23/22,,02/23/22,10/18/21,02/24/21,10/19/20,02/20/20,10/22/19,02/25/19,10/16/18,02/21/18,10/19/17,02/24/17,10/18/16,02/15/16,10/19/15,02/16/15,10/17/14,02/14/14,10/14/13,02/15/13,10/10/12,02/16/12,10/24/11,02/15/11,10/26/10,03/16/10,10/26/09,03/16/09,09/30/08,03/04/08,10/31/07,03/15/07,03/15/06,10/27/05,03/14/05
Earnings Release Date,,,,,,,,,,,,,,,,,,,,,,,,,,,,,,,,,,,,,,,,,,,,,,,,,,,,
Number of Shareholders,0,0,0,0,0,0,0,0,0,0,0,0,0,0,0,0,0,,0,0,0,0,0,0,0,0,0,0,0,0,0,0,0,0,0,0,0,0,0,0,0,0,0,0,0,0,0,0,0,0,0,0
Number of Employees,270,270,270,270,270,270,270,270,270,270,270,270,270,48,48,9,270,,270,270,270,270,270,270,270,270,270,270,270,270,270,270,270,270,270,270,270,270,270,270,270,270,270,270,48,48,48,48,9,9,9,0
,,,,,,,,,,,,,,,,,,,,,,,,,,,,,,,,,,,,,,,,,,,,,,,,,,,,
Forex Rate,1,1,1,1,1,1,1,1,1,1,1,1,1,1,1,1,,,1,1,1,1,1,1,1,1,1,1,1,1,1,1,1,1,1,1,1,1,1,1,1,1,1,1,1,1,1,1,1,1,1,1
,,,,,,,,,,,,,,,,,,,,,,,,,,,,,,,,,,,,,,,,,,,,,,,,,,,,
