0,1,2,3,4,5,6,7,8,9,10,11,12,13,14,15,16,17,18,19,20,21,22,23,24,25,26,27,28,29,30,31,32,33,34,35,36,37,38,39,40,41,42,43,44,45,46,47,48,49,50,51,52,53,54,55,56,57,58,59,60,61,62,63,64,65,66,67,68,69
Downloaded from http://www.GuruFocus.com on Mon Jun 20 2022 17:55:49 GMT+0700 (GMT+07:00),,,,,,,,,,,,,,,,,,,,,,,,,,,,,,,,,,,,,,,,,,,,,,,,,,,,,,,,,,,,,,,,,,,,,
GuruFocus_TSX:GGD_Financial_2022-6-20 at 17:55.csv,,,,,,,,,,,,,,,,,,,,,,,,,,,,,,,,,,,,,,,,,,,,,,,,,,,,,,,,,,,,,,,,,,,,,
,,,,,,,,,,,,,,,,,,,,,,,,,,,,,,,,,,,,,,,,,,,,,,,,,,,,,,,,,,,,,,,,,,,,,
TSX:GGD,"GoGold Resources Inc, Canada, Basic Materials, Metals & Mining, Other Precious Metals & Mining",,,,,,,,,,,,,,,,,,,,,,,,,,,,,,,,,,,,,,,,,,,,,,,,,,,,,,,,,,,,,,,,,,,,
Key Statistics: ,,,,,,,,,,,,,,,,,,,,,,,,,,,,,,,,,,,,,,,,,,,,,,,,,,,,,,,,,,,,,,,,,,,,,
Price,2.47,,,,,,,,,,,,,,,,,,,,,,,,,,,,,,,,,,,,,,,,,,,,,,,,,,,,,,,,,,,,,,,,,,,,
Market Cap (Million),560.843,,,,,,,,,,,,,,,,,,,,,,,,,,,,,,,,,,,,,,,,,,,,,,,,,,,,,,,,,,,,,,,,,,,,
Shares Outstanding (Million),295.26,,,,,,,,,,,,,,,,,,,,,,,,,,,,,,,,,,,,,,,,,,,,,,,,,,,,,,,,,,,,,,,,,,,,
PE Ratio,0,,,,,,,,,,,,,,,,,,,,,,,,,,,,,,,,,,,,,,,,,,,,,,,,,,,,,,,,,,,,,,,,,,,,
PB Ratio,2.38,,,,,,,,,,,,,,,,,,,,,,,,,,,,,,,,,,,,,,,,,,,,,,,,,,,,,,,,,,,,,,,,,,,,
PS Ratio,12.67,,,,,,,,,,,,,,,,,,,,,,,,,,,,,,,,,,,,,,,,,,,,,,,,,,,,,,,,,,,,,,,,,,,,
,,,,,,,,,,,,,,,,,,,,,,,,,,,,,,,,,,,,,,,,,,,,,,,,,,,,,,,,,,,,,,,,,,,,,
Growth Rate: ,,,,,,,,,,,,,,,,,,,,,,,,,,,,,,,,,,,,,,,,,,,,,,,,,,,,,,,,,,,,,,,,,,,,,
Annual Rates (per share),10 Years,5 Years,12 Months,,,,,,,,,,,,,,,,,,,,,,,,,,,,,,,,,,,,,,,,,,,,,,,,,,,,,,,,,,,,,,,,,,
Revenue Growth (%),0,16.6,-21.4,,,,,,,,,,,,,,,,,,,,,,,,,,,,,,,,,,,,,,,,,,,,,,,,,,,,,,,,,,,,,,,,,,
EBITDA  Growth (%),0,0,-88.3,,,,,,,,,,,,,,,,,,,,,,,,,,,,,,,,,,,,,,,,,,,,,,,,,,,,,,,,,,,,,,,,,,
Free Cash Flow Growth (%),0,-124.6,0,,,,,,,,,,,,,,,,,,,,,,,,,,,,,,,,,,,,,,,,,,,,,,,,,,,,,,,,,,,,,,,,,,
Book Value Growth (%),3.8,8.2,20.1,,,,,,,,,,,,,,,,,,,,,,,,,,,,,,,,,,,,,,,,,,,,,,,,,,,,,,,,,,,,,,,,,,
,,,,,,,,,,,,,,,,,,,,,,,,,,,,,,,,,,,,,,,,,,,,,,,,,,,,,,,,,,,,,,,,,,,,,
30 Year Financials of TSX:GGD - GoGold Resources Inc,,,,,,,,,,,,,,,,,,,,,,,,,,,,,,,,,,,,,,,,,,,,,,,,,,,,,,,,,,,,,,,,,,,,,
,,,,,,,,,,,,,,,,,,,,,,,,,,,,,,,,,,,,,,,,,,,,,,,,,,,,,,,,,,,,,,,,,,,,,
"All Numbers are in Millions except per share data, ratios, and percentage data; All shares outstanding data and per share data are split adjusted",,,,,,,,,,,,,,,,,,,,,,,,,,,,,,,,,,,,,,,,,,,,,,,,,,,,,,,,,,,,,,,,,,,,,
,,,,,,,,,,,,,,,,,,,,,,,,,,,,,,,,,,,,,,,,,,,,,,,,,,,,,,,,,,,,,,,,,,,,,
Annual Data:,,,,,,,,,,,,,,,,Quarterly Data:,,,,,,,,,,,,,,,,,,,,,,,,,,,,,,,,,,,,,,,,,,,,,,,,,,,,,
Fiscal Period:,2021-09,2020-09,2019-09,2018-09,2017-09,2016-09,2015-09,2014-09,2013-09,2012-09,2011-09,2010-09,2009-09,TTM/current,,2022-03,2021-12,2021-09,2021-06,2021-03,2020-12,2020-09,2020-06,2020-03,2019-12,2019-09,2019-06,2019-03,2018-12,2018-09,2018-06,2018-03,2017-12,2017-09,2017-06,2017-03,2016-12,2016-09,2016-06,2016-03,2015-12,2015-09,2015-06,2015-03,2014-12,2014-09,2014-06,2014-03,2013-12,2013-09,2013-06,2013-03,2012-12,2012-09,2012-06,2012-03,2011-12,2011-09,2011-06,2011-03,2010-12,2010-09,2010-06,2010-03,2009-12,2009-09,2009-06,2009-03,2008-12
Per Share Data,,,,,,,,,,,,,,,,,,,,,,,,,,,,,,,,,,,,,,,,,,,,,,,,,,,,,,,,,,,,,,,,,,,,,
Revenue per Share,0.239,0.241,0.202,0.159,0.122,0.129,0.104,0,0,0,0,0,0,0.2,,0.044,0.039,0.048,0.064,0.06,0.066,0.075,0.047,0.058,0.064,0.068,0.049,0.055,0.03,0.026,0.048,0.041,0.043,0.032,0.036,0.033,0.029,0.017,0.047,0.041,0.025,0.041,0.055,0,0,0,0,0,0,0,0,0,0,0,0,0,0,0,0,0,0,0,0,0,0,0,0,0,
EBITDA per Share,0.062,0.288,0.119,-0.543,-0.021,-0.123,-0.012,-0.035,-0.024,-0.033,-0.029,-0.024,-0.002,0.03,,0.008,0.007,0.012,0.008,0.018,0.025,0.25,0.005,-0.007,0.012,0.019,-0.014,0.031,0.086,-0.534,-0.018,0.011,-0.001,-0.056,0.018,0.016,0.004,-0.012,0.021,-0.129,-0.007,0.002,0.029,-0.026,-0.017,-0.017,-0.003,-0.008,-0.005,-0.006,-0.005,-0.007,-0.006,-0.006,-0.009,-0.011,-0.008,-0.006,-0.005,-0.005,-0.016,-0.007,-0.001,-0.011,-0.002,-0.001,0,0,0
EBIT per Share,0.039,0.266,0.077,-0.581,-0.05,-0.153,-0.032,-0.035,-0.025,-0.033,-0.03,-0.024,-0.002,0.01,,0.003,0.003,0.005,0.002,0.013,0.02,0.245,0.001,-0.013,0.004,0.006,-0.024,0.02,0.079,-0.54,-0.029,0,-0.012,-0.063,0.009,0.009,-0.003,-0.015,0.011,-0.139,-0.013,-0.01,0.022,-0.026,-0.017,-0.017,-0.003,-0.008,-0.005,-0.006,-0.005,-0.007,-0.006,-0.006,-0.009,-0.011,-0.008,-0.006,-0.005,-0.005,-0.016,-0.007,-0.001,-0.011,-0.002,-0.001,0,0,0
Earnings per Share (Diluted),0.032,0.263,0.062,-0.339,0.012,-0.17,-0.053,-0.055,-0.03,-0.03,-0.039,-0.024,-0.004,-0.01,,-0.005,-0.003,-0.003,0.002,0.013,0.019,0.273,0,-0.014,0.004,0.005,-0.025,0.019,0.063,-0.534,-0.026,0,0.23,0,0,0.005,0.005,-0.013,0.002,-0.132,-0.014,-0.027,0.012,-0.025,-0.012,-0.022,-0.003,-0.011,-0.021,-0.01,-0.01,-0.01,-0.01,-0.006,-0.01,-0.01,-0.01,-0.018,-0.01,-0.01,-0.02,-0.004,0,-0.01,0,-0.001,0,0,0
EPS without NRI,0.032,0.263,0.062,-0.56,0.012,-0.17,-0.053,-0.055,-0.03,-0.03,-0.039,-0.024,-0.004,-0.01,,-0.005,-0.003,-0.003,0.002,0.013,0.019,0.273,0,-0.014,0.004,0.005,-0.025,0.019,0.063,-0.521,-0.026,0,-0.013,0,0.013,-0.001,-0.007,-0.013,0.002,-0.132,-0.014,-0.027,0.012,-0.025,-0.012,-0.022,-0.003,-0.011,-0.021,-0.01,-0.01,-0.01,-0.01,-0.006,-0.01,-0.01,-0.01,-0.018,-0.01,-0.01,-0.02,-0.004,0,-0.01,0,-0.004,0,0,0
Owner Earnings per Share (TTM),0.016,0.219,-0.028,-0.49,-0.184,-0.25,-0.137,-0.157,-0.03,0,0,0,0,-0.05,,-0.052,-0.031,0.016,0.215,0.226,0.218,0.219,-0.021,-0.061,-0.079,-0.028,-0.596,-0.596,-0.603,-0.49,-0.012,0.04,0.027,-0.184,-0.101,-0.122,-0.252,-0.25,-0.254,-0.253,-0.132,-0.137,-0.184,-0.199,-0.17,-0.157,-0.09,-0.072,-0.059,-0.03,0,0,0,0,0,0,0,0,0,0,0,0,0,0,0,0,0,0,0
Free Cash Flow per Share,0.054,0.023,-0.102,-0.149,-0.091,-0.111,-0.057,-0.326,-0.016,-0.021,-0.089,-0.015,-0.002,-0.01,,-0.007,-0.021,0.003,0.011,0.014,0.027,0.014,0.002,0.008,-0.003,-0.01,-0.03,-0.039,-0.026,-0.028,-0.01,-0.013,-0.097,-0.029,-0.015,-0.027,-0.026,-0.023,-0.019,-0.029,-0.042,-0.02,0.001,-0.033,-0.034,-0.063,-0.089,-0.09,-0.081,0.001,-0.003,-0.005,-0.008,0,-0.003,-0.017,-0.004,-0.018,-0.046,-0.003,-0.007,-0.008,-0.004,0,-0.001,-0.004,0.001,0.001,
Operating Cash Flow per Share,0.056,0.036,-0.089,-0.125,-0.06,-0.024,-0.033,-0.088,-0.01,-0.02,-0.029,-0.014,-0.002,-0.01,,-0.007,-0.02,0.002,0.012,0.015,0.027,0.015,0.003,0.013,0.005,-0.004,-0.028,-0.035,-0.025,-0.026,-0.005,-0.008,-0.084,-0.03,0.01,-0.019,-0.024,0.005,-0.001,-0.011,-0.017,0.018,0.003,-0.02,-0.03,-0.06,-0.006,0.004,-0.022,0.005,-0.002,-0.005,-0.008,-0.003,0.003,-0.017,-0.003,-0.013,-0.005,-0.002,-0.006,-0.008,-0.004,0,-0.001,-0.004,0.001,0.001,0
Cash per Share,0.305,0.264,0.051,0.063,0.033,0.016,0.022,0.025,0.235,0.192,0.033,0.057,0.03,0.357,,0.357,0.256,0.305,0.323,0.259,0.272,0.264,0.107,0.12,0.035,0.051,0.069,0.124,0.134,0.063,0.091,0.096,0.108,0.033,0.012,0.008,0.003,0.016,0.015,0.008,0.009,0.022,0.01,0.044,0.088,0.025,0.09,0.138,0.155,0.235,0.116,0.142,0.167,0.192,0.014,0.04,0.074,0.033,0.074,0.158,0.166,0.057,0.049,0.054,0,0.03,0,0,0
Dividends per Share,0,0,0,0,0,0,0,0,0,0,0,0,0,0,,0,0,0,0,0,0,0,0,0,0,0,0,0,0,0,0,0,0,0,0,0,0,0,0,0,0,0,0,0,0,0,0,0,0,0,0,0,0,0,0,0,0,0,0,0,0,0,0,0,0,0,0,0,0
Book Value per Share,0.941,0.856,0.519,0.447,0.629,0.674,0.849,0.726,0.73,0.737,0.297,0.068,0.031,1.039,,1.039,0.953,0.941,0.91,0.865,0.862,0.856,0.545,0.556,0.522,0.519,0.515,0.54,0.52,0.447,0.972,0.985,0.975,0.629,0.699,0.708,0.689,0.674,0.671,0.674,0.862,0.849,0.824,0.836,0.781,0.726,0.77,0.736,0.711,0.73,0.714,0.74,0.734,0.737,0.342,0.344,0.351,0.297,0.32,0.171,0.173,0.068,0.049,0.055,0.03,0.031,0,0,0
Tangible Book per Share,0.941,0.856,0.519,0.447,0.629,0.674,0.849,0.726,0.73,0.737,0.297,0.068,0.031,1.039,,1.039,0.953,0.941,0.91,0.865,0.862,0.856,0.545,0.556,0.522,0.519,0.515,0.54,0.52,0.447,0.972,0.985,0.975,0.629,0.699,0.708,0.689,0.674,0.671,0.674,0.862,0.849,0.824,0.836,0.781,0.726,0.77,0.736,0.711,0.73,0.714,0.74,0.734,0.737,0.342,0.344,0.351,0.297,0.32,0.171,0.173,0.068,0.049,0.055,0.03,0.031,0,0,
Total Debt per Share,0,0.008,0,0,0.386,0.268,0.224,0.225,0.103,0,0,0,0,0.005,,0.005,0,0,0,0,0.008,0.008,0.01,0.01,0.021,0,0,0,0,0,0,0,0,0.386,0.359,0.329,0.289,0.268,0.237,0.289,0.266,0.224,0.175,0.198,0.199,0.225,0.222,0.229,0.107,0.103,0,0,0,0,0,0,0,0,0,0,0,0,0,0,0,0,0,0,
Month End Stock Price,2.77,1.53,0.62,0.33,0.54,0.94,1.25,1.76,1.05,1.5,1.41,0.25,0,2.47,,2.93,3.03,2.77,3.08,2.35,2.33,1.53,1,0.54,0.62,0.62,0.39,0.35,0.25,0.33,0.42,0.4,0.45,0.54,0.6,0.68,0.54,0.94,1.23,1.06,1.16,1.25,1.5,1.51,1.45,1.76,1.54,1.53,1.05,1.05,1.04,1.26,1.36,1.5,1.4,1.4,1.38,1.41,0.9,0.95,0.36,0.25,0.27,0.27,0,0,0,0,0
,,,,,,,,,,,,,,,,,,,,,,,,,,,,,,,,,,,,,,,,,,,,,,,,,,,,,,,,,,,,,,,,,,,,,
Ratios,,,,,,,,,,,,,,,,,,,,,,,,,,,,,,,,,,,,,,,,,,,,,,,,,,,,,,,,,,,,,,,,,,,,,
ROE %,3.681,35.411,12.404,-61.682,-0.642,-21.259,-6.583,-7.095,-3.809,-4.298,-14.445,-39.761,-1.848,-0.68,,-1.768,-0.962,-0.643,0.888,5.992,9.55,135.995,0.009,-10.092,2.913,4.297,-18.929,14.319,52.762,-293.045,-11.341,-0.126,105.894,-6.471,-1.565,2.728,3.025,-5.438,0.957,-72.619,-9.283,-10.181,7.774,-13.737,-8.013,-10.235,-1.391,-4.363,-12.067,-3.222,-2.654,-6.629,-3.179,-5.348,-10.555,-12.931,-9.635,-8.338,-8.857,-11.771,-34.316,-48.957,-8.468,-77.518,-7.285,-5.543,,,
ROE % Adjusted to Book Value,1.25,19.8,10.38,-83.58,-0.75,-15.24,-4.47,-2.93,-2.65,-2.11,-3.04,-10.84,,-0.28,,-0.63,-0.3,-0.22,0.26,2.21,3.53,76.05,0,-10.39,2.45,3.6,-24.98,22.1,109.69,-397.1,-26.25,-0.31,229.35,-7.54,-1.82,2.84,3.86,-3.9,0.52,-46.18,-6.9,-6.92,4.27,-7.6,-4.32,-4.22,-0.7,-2.1,-8.18,-2.24,-1.82,-3.89,-1.72,-2.63,-2.58,-3.17,-2.45,-1.75,-3.15,-2.12,-16.48,-13.35,-1.54,-15.9,,,,,
ROA %,3.3998,32.2106,10.9435,-40.553,-0.3763,-14.5168,-4.8182,-5.552,-3.5057,-4.256,-14.1672,-37.3028,-1.81,-0.62,,-1.6145,-0.8794,-0.5906,0.8214,5.5678,8.8902,124.5794,0.0078,-8.6663,2.4675,3.7789,-17.216,13.1882,48.5357,-274.001,-10.7316,-0.1196,77.9819,-3.6386,-0.9206,1.6709,1.8917,-3.4842,0.6187,-49.0306,-6.7138,-7.7237,6.0405,-10.556,-5.9629,-7.4256,-1.0024,-3.3508,-10.2408,-2.969,-2.6442,-6.6064,-3.1595,-5.2864,-10.3763,-12.7833,-9.5086,-8.259,-8.7885,-11.6499,-33.7802,-45.3581,-8.1611,-76.2804,-7.0977,-5.4299,,,
Return-on-Tangible-Equity,3.6815,35.4107,12.4045,-61.6816,-0.6422,-21.2592,-6.583,-7.0946,-3.8095,-4.2982,-14.4447,-39.7611,-1.8476,-0.68,,-1.7684,-0.9624,-0.643,0.8876,5.9924,9.5498,135.995,0.0089,-10.0921,2.9131,4.2974,-18.9292,14.3187,52.7618,-293.0445,-11.3406,-0.1263,105.8943,-6.4712,-1.565,2.7278,3.0246,-5.4382,0.9572,-72.6193,-9.2827,-10.1812,7.7737,-13.737,-8.0128,-10.2349,-1.3905,-4.3626,-12.0668,-3.2216,-2.6535,-6.6293,-3.1786,-5.3476,-10.5553,-12.9309,-9.6349,-8.3384,-8.8569,-11.7709,-34.3156,-48.9573,-8.4684,-77.5177,-7.2854,-5.5427,,,
Return-on-Tangible-Asset,3.3998,32.2106,10.9435,-40.553,-0.3763,-14.5168,-4.8182,-5.552,-3.5057,-4.256,-14.1672,-37.3028,-1.81,-0.62,,-1.6145,-0.8794,-0.5906,0.8214,5.5678,8.8902,124.5794,0.0078,-8.6663,2.4675,3.7789,-17.216,13.1882,48.5357,-274.001,-10.7316,-0.1196,77.9819,-3.6386,-0.9206,1.6709,1.8917,-3.4842,0.6187,-49.0306,-6.7138,-7.7237,6.0405,-10.556,-5.9629,-7.4256,-1.0024,-3.3508,-10.2408,-2.969,-2.6442,-6.6064,-3.1595,-5.2864,-10.3763,-12.7833,-9.5086,-8.259,-8.7885,-11.6499,-33.7802,-45.3581,-8.1611,-76.2804,-7.0977,-5.4299,,,
ROC (Joel Greenblatt) %,8.49,64.37,29.59,-113.98,-6.03,-16.16,-3.35,-4.56,-4.16,-5.64,-17.32,-131.65,,2.72,,2.54,2.09,4.33,1.99,11.47,17.88,247.1,0.77,-17.06,6.03,8.49,-35.16,30.31,137.03,-453.81,-15.05,0.25,-6.12,-30.03,4.17,4.02,-1.64,-7.07,4.97,-55.59,-4.95,-3.98,9.27,-11.19,-7.39,-7.54,-1.17,-4.09,-2.88,-3.94,-3.51,-4.89,-4.2,-6.87,-11.78,-29.97,-24.46,-19.59,-1918.64,-5658,-1116.19,-189.03,,-109.16,-7.37,,,,
ROCE %,4.415,34.638,15.057,-104.709,-7.373,-16.876,-3.268,-4.106,-3.082,-4.298,-14.444,-39.761,-1.848,1.37,,1.266,1.079,2.144,1.007,6.028,9.508,132.293,0.4,-9.099,3.307,4.526,-18.168,14.448,63.535,-299.022,-11.485,0.19,-5.783,-37,4.154,3.365,-1.621,-7.363,4.551,-51.72,-4.62,-4.063,9.983,-11.115,-7.385,-7.642,-1.118,-3.589,-2.252,-3.086,-2.879,-3.856,-3.179,-5.348,-10.555,-12.931,-9.635,-8.338,-8.857,-11.771,-34.316,-48.93,-8.463,-77.518,-7.285,-5.543,0,0,0
ROIC %,4.85,4.04,-6.42,-27.15,-0.98,0.72,1.65,-4.06,-4.15,-5.62,-14.76,-199.22,-30.77,-0.07,,-5.03,-1.63,-0.48,2.14,10.34,12.53,16.57,1.31,-3.75,0.87,0.01,-6.3,-9.38,-17.36,-102.6,-11.62,2.39,-2.84,-3.44,-0.69,-0.35,-0.3,-0.88,0.94,1.88,-1,3.7,7.84,-3.26,-2.76,-3.03,-1.71,-1.8,-11.16,-3.99,-3.5,-4.88,-4.6,-6.84,-11.47,-15.48,-11.57,-10.08,-15.54,-202.8,-484.38,-288.93,-263.13,-206.75,-13.89,-92.31,0,0,0
WACC %,8.6,9.26,0.33,5.49,5.73,5.61,5.55,4.01,13.06,9.09,8.2,8.88,0,8.34,,10.11,8.3,8.6,8.73,8.72,9.22,9.26,7.36,5.15,2.64,0.33,1.2,5.09,4.36,5.49,5.32,3.73,4.58,5.73,3.43,4.42,5.61,5.61,6.36,5.61,5.42,5.55,4.53,3.42,6.28,4.01,4.54,4.11,9.88,13.06,10.59,9.27,9.1,9.09,9.86,10.23,7.99,8.2,8.99,9.27,9.2,8.88,0,0,0,0,0,0,0
Effective Interest Rate on Debt %,22.16,24.5,,1.5,4.57,6.01,7.16,0,0,,,,,44.2,,47.34,,,,18.12,19.9,26.4,21.99,18.08,14.38,,,,,,,,4.81,4.32,4.93,5.08,5.27,8.04,5.13,5.06,4.93,15.68,11.23,3.76,0,0,0,0,8.3,0,,,,,,,,,,,,,,,,,,,
,,,,,,,,,,,,,,,,,,,,,,,,,,,,,,,,,,,,,,,,,,,,,,,,,,,,,,,,,,,,,,,,,,,,,
Gross Margin %,36.83,22.63,1.08,-115.52,-35.99,34.95,43.78,0,0,0,0,0,0,31.98,,32.39,27.12,22.97,41.53,39.34,40.27,40.38,18.83,8.45,12.73,12.38,5.03,5.01,-41.22,-633.42,-36.56,6.9,-4.01,-196.65,15.63,23.9,23.3,39.32,40.85,30.49,27.49,31.22,52.26,41.03,0,0,0,0,0,0,0,0,0,0,0,0,0,0,0,0,0,0,0,0,0,0,0,0,0
Operating Margin %,15.0323,9.9929,-18.0521,-136.339,-57.1605,6.338,15.0946,0,0,0,0,0,0,5.44,,12.6282,6.4829,-1.5708,4.9823,25.7633,28.5552,30.6993,3.2209,-7.9763,1.7217,0.0206,-14.147,-17.724,-70.7532,-661.2829,-56.7658,-13.1408,-21.8621,-230.1755,-3.7626,17.7502,-2.7218,-31.3964,22.9003,12.4188,-8.9304,20.207,38.9596,-2661.5385,0,0,0,0,0,0,0,0,0,0,0,0,0,0,0,0,0,0,0,0,0,0,0,0,0
Net Margin %,13.3003,109.1029,30.083,-207.9035,-3.4262,-126.2495,-48.5744,0,0,0,0,0,0,-3.15,,-9.6671,-5.5907,-2.9772,2.9253,20.6469,30.0966,324.244,0.0254,-23.1394,5.757,7.7256,-50.5562,34.6657,211.7662,-1962.2566,-57.6562,-0.7588,488.5802,-33.7534,-7.6328,14.2657,18.0185,-53.7838,3.487,-336.6463,-78.2739,-51.8216,28.3416,-9135.8974,0,0,0,0,0,0,0,0,0,0,0,0,0,0,0,0,0,0,0,0,0,0,0,0,0
EBITDA Margin %,25.9149,119.4902,59.102,-340.7309,-17.1253,-95.3526,-11.5087,0,0,0,0,0,0,17.85,,17.9505,18.2178,25.4247,11.7812,29.4664,37.9955,331.9715,10.1446,-11.6104,19.2403,27.534,-28.3879,57.2831,287.0649,-2024.2841,-36.4287,27.5403,-2.4863,-176.5077,50.9353,48.971,12.5476,-67.7928,45.7334,-311.6119,-26.7577,4.5192,51.8702,-8507.6923,0,0,0,0,0,0,0,0,0,0,0,0,0,0,0,0,0,0,0,0,0,0,0,0,0
FCF Margin %,22.7382,9.3835,-50.6822,-93.6191,-74.538,-86.1929,-54.3088,,,,,,,-7.71,,-16.6925,-53.3544,5.7169,16.8103,23.6472,41.469,19.2062,4.4256,13.6886,-4.8962,-15.0082,-60.6925,-71.963,-85.3766,-106.1569,-19.9237,-32.667,-222.1022,-91.7417,-41.432,-80.1216,-89.276,-134.5495,-39.6815,-69.4155,-165.5448,-48.2978,1.3675,-10876.9231,,,,,,,,,,,,,,,,,,,,,,,,,
,,,,,,,,,,,,,,,,,,,,,,,,,,,,,,,,,,,,,,,,,,,,,,,,,,,,,,,,,,,,,,,,,,,,,
Debt-to-Equity,0,0.01,0,0,0.613,0.398,0.263,0.31,0.141,0,0,0,0,0.004,,0.004,0,0,0,0,0.01,0.01,0.019,0.018,0.041,0,0,0,0,0,0,0,0,0.613,0.513,0.465,0.42,0.398,0.354,0.429,0.308,0.263,0.212,0.237,0.254,0.31,0.288,0.311,0.15,0.141,0,0,0,0,0,0,0,0,0,0,0,0,0,0,0,0,9999,9999,9999
Equity-to-Asset,0.915,0.933,0.859,0.913,0.548,0.626,0.739,0.723,0.86,0.991,0.985,0.922,0.98,0.914,,0.914,0.912,0.915,0.922,0.929,0.929,0.933,0.886,0.878,0.835,0.859,0.902,0.916,0.926,0.913,0.946,0.947,0.946,0.548,0.576,0.601,0.625,0.626,0.656,0.637,0.709,0.739,0.78,0.774,0.763,0.723,0.728,0.714,0.837,0.86,0.997,0.996,0.997,0.991,0.977,0.989,0.988,0.985,0.996,0.984,0.995,0.922,0.933,0.993,0.969,0.98,0,0,0
Debt-to-Asset,0,0.009,0,0,0.336,0.249,0.195,0,0,0,0,0,0,0.004,,0.004,0,0,0,0,0.009,0.009,0.016,0.016,0.034,0,0,0,0,0,0,0,0,0.336,0.295,0.28,0.262,0.249,0.232,0.273,0.218,0.195,0.166,0.183,0,0,0,0,0,0,0,0,0,0,0,0,0,0,0,0,0,0,0,0,0,0,0,0,0
Liabilities-to-Assets,0.08,0.07,0.14,0.09,0.45,0.37,0.26,0.28,0.14,0.01,0.01,0.08,0.02,0.09,,0.09,0.09,0.08,0.08,0.07,0.07,0.07,0.11,0.12,0.16,0.14,0.1,0.08,0.07,0.09,0.05,0.05,0.05,0.45,0.42,0.4,0.38,0.37,0.34,0.36,0.29,0.26,0.22,0.23,0.24,0.28,0.27,0.27,0.16,0.14,0,0,0,0.01,0.02,0.01,0.01,0.01,0,0.02,0,0.08,0.07,0.01,0.03,0.02,0,0,0
Gross-Profit-to-Asset %,9.415,6.682,0.391,-22.533,-3.953,4.018,4.343,0,0,0,0,0,0,6.31,,5.409,4.265,4.556,11.662,10.608,11.895,15.513,5.806,3.166,5.456,6.056,1.713,1.905,-9.448,-88.448,-6.804,1.088,-0.64,-21.199,1.885,2.799,2.446,2.547,7.248,4.44,2.358,4.653,11.138,0.047,0,0,0,0,0,0,0,0,0,0,0,0,0,0,0,0,0,0,0,0,0,0,,,
,,,,,,,,,,,,,,,,,,,,,,,,,,,,,,,,,,,,,,,,,,,,,,,,,,,,,,,,,,,,,,,,,,,,,
Asset Turnover,0.256,0.295,0.364,0.195,0.11,0.115,0.099,0,0,0,0,0,0,0.2,,0.042,0.039,0.05,0.07,0.067,0.074,0.096,0.077,0.094,0.107,0.122,0.085,0.095,0.057,0.035,0.047,0.039,0.04,0.027,0.03,0.029,0.026,0.016,0.044,0.036,0.021,0.037,0.053,0,0,0,0,0,0,0,0,0,0,0,0,0,0,0,0,0,0,0,0,0,0,0,0,0,0
Dividend Payout Ratio,0,0,0,,0,,,,,,,,,0,,,,,0,0,0,0,0,,0,0,,0,0,,,,0,0,0,0,0,,0,,,,0,,,,,,,,,,,,,,,,,,,,,,,,,,
,,,,,,,,,,,,,,,,,,,,,,,,,,,,,,,,,,,,,,,,,,,,,,,,,,,,,,,,,,,,,,,,,,,,,
Days Sales Outstanding,31.37,37.11,22.21,6.28,12.86,17.67,32.27,0,0,0,0,0,0,35.38,,40.19,43.02,36.74,26.48,26.46,28.39,22.5,24.79,29.97,33.89,24.92,31.66,19.76,7.83,5.63,9.25,10.5,8.65,25.49,61.79,71.6,30.47,74.25,43.61,31.61,33.41,20.11,8.45,679.64,0,0,0,0,0,0,0,0,0,0,0,0,0,0,0,0,0,0,0,0,0,0,0,0,0
Days Payable,86.39,73.29,67.83,70.3,227.26,330.12,206.25,,,,,,,113.21,,131.27,132.06,98.76,94.59,94.04,75.35,66.66,89.35,77.5,75.25,62.69,77.36,57.4,61.66,14.6,43.46,70.3,134.03,107.96,323.41,335.26,403.56,815.63,245.46,188.56,246.68,127.15,93.99,11173.23,,,,,,,,,,,,,,,,,,,,,,,,,
Days Inventory,102.21,105.96,101.07,118.54,436.95,694.05,320,,,,,,,120.21,,149.25,145.44,99.37,97.09,102.89,100.65,104.68,135.8,100.92,96.43,123.07,196.09,130.42,113.68,57.04,295.55,522.44,383.29,174.13,531.19,562.37,760.69,1732.25,526.98,420.91,523.88,265.94,208.16,20325.97,,,,,,,,,,,,,,,,,,,,,,,,,
Cash Conversion Cycle,47.19,69.78,55.45,54.53,222.55,381.6,146.02,0,0,0,0,0,0,42.38,,58.16,56.39,37.35,28.97,35.31,53.69,60.52,71.24,53.4,55.07,85.31,150.39,92.77,59.85,48.08,261.34,462.63,257.91,91.66,269.58,298.71,387.6,990.87,325.14,263.96,310.61,158.9,122.62,9832.38,0,0,0,0,0,0,0,0,0,0,0,0,0,0,0,0,0,0,0,0,0,0,0,0,0
,,,,,,,,,,,,,,,,,,,,,,,,,,,,,,,,,,,,,,,,,,,,,,,,,,,,,,,,,,,,,,,,,,,,,
Inventory Turnover,3.57,3.44,3.61,3.08,0.84,0.53,1.14,0,,,,,,3.04,,0.61,0.63,0.92,0.94,0.89,0.91,0.87,0.67,0.9,0.95,0.74,0.47,0.7,0.8,1.6,0.31,0.17,0.24,0.52,0.17,0.16,0.12,0.05,0.17,0.22,0.17,0.34,0.44,0,0,0,0,,,,,,,,,,,,,,,,,,,,,,
COGS-to-Revenue,0.63,0.77,0.99,2.16,1.36,0.65,0.56,0,0,0,0,0,0,0.68,,0.68,0.73,0.77,0.58,0.61,0.6,0.6,0.81,0.92,0.87,0.88,0.95,0.95,1.41,7.33,1.37,0.93,1.04,2.97,0.84,0.76,0.77,0.61,0.59,0.7,0.73,0.69,0.48,0.59,0,0,0,0,0,0,0,0,0,0,0,0,0,0,0,0,0,0,0,0,0,0,0,0,0
Inventory-to-Revenue,0.177,0.225,0.274,0.7,1.628,1.237,0.493,,,,,,,0.224,,1.106,1.162,0.839,0.622,0.684,0.659,0.684,1.208,1.013,0.922,1.182,2.041,1.358,1.759,4.585,4.423,5.33,4.369,5.661,4.911,4.69,6.394,11.518,3.416,3.206,4.163,2.005,1.089,131.366,,,,,,,,,,,,,,,,,,,,,,,,,
Capex-to-Revenue,0.01,0.06,0.07,0.15,0.26,0.68,0.22,0,0,0,0,0,0,0.006,,0,0.02,-0.01,0.01,0.01,0,0.01,0.02,0.08,0.13,0.1,0.04,0.07,0.02,0.06,0.09,0.13,0.3,-0.02,0.69,0.23,0.06,1.65,0.37,0.44,1,0.92,0.03,42.03,0,0,0,0,0,0,0,0,0,0,0,0,0,0,0,0,0,0,0,0,0,0,0,0,0
Capex-to-Operating-Income,0.03,0.57,0,0,0,10.69,1.47,0,0,0,0,0,0,0.117,,0.02,0.24,0,0.26,0.04,0.01,0.02,0.69,0,7.77,471,0,0,0,0,0,0,0,0,0,1.3,0,0,1.6,3.52,0,4.55,0.08,0,0,0,0,0,0,0,0,0,0,0,0,0,0,0,0,0,0,0,0,0,0,0,0,0,0
Capex-to-Operating-Cash-Flow,0.02,0.38,0,0,0,0,0,0,0,0,0,0,0,,,0,0,-0.15,0.07,0.04,0,0.03,0.33,0.38,1.58,0,0,0,0,0,0,0,0,0,2.48,0,0,5.48,0,0,0,2.11,0.7,0,0,0,0,23.11,0,0.9,0,0,0,0,2.22,0,0,0,0,0,0,0,0,0,0,0,0,0,0
,,,,,,,,,,,,,,,,,,,,,,,,,,,,,,,,,,,,,,,,,,,,,,,,,,,,,,,,,,,,,,,,,,,,,
Income Statement,,,,,,,,,,,,,,,,,,,,,,,,,,,,,,,,,,,,,,,,,,,,,,,,,,,,,,,,,,,,,,,,,,,,,
Revenue,67.45,52.322,35.714,27.392,20.93,21.323,16.61,0,0,0,0,0,0,56.59,,13.083,11.333,13.875,18.297,16.631,18.033,18.199,10.687,12.024,12.238,12.854,8.482,9.4,5.173,4.551,8.254,6.988,7.447,5.457,6.184,5.724,4.901,2.91,7.691,6.72,4.115,6.664,9.223,0.049,0,0,0,0,0,0,0,0,0,0,0,0,0,0,0,0,0,0,0,0,0,0,0,0,0
Cost of Goods Sold,42.606,40.48,35.33,59.036,28.461,13.871,9.338,0,0,0,0,0,0,38.49,,8.846,8.26,10.688,10.697,10.089,10.771,10.851,8.675,11.007,10.68,11.263,8.056,8.929,7.305,33.381,11.272,6.505,7.746,16.187,5.217,4.356,3.759,1.766,4.549,4.671,2.984,4.583,4.403,0.029,0,0,0,0,0,0,0,0,0,0,0,0,0,0,0,0,0,0,0,0,0,0,0,0,0
Gross Profit,24.844,11.842,0.384,-31.644,-7.532,7.452,7.272,0,0,0,0,0,0,18.1,,4.237,3.073,3.187,7.6,6.542,7.261,7.348,2.012,1.016,1.558,1.592,0.427,0.471,-2.132,-28.83,-3.017,0.482,-0.299,-10.731,0.967,1.368,1.142,1.144,3.142,2.049,1.131,2.08,4.82,0.02,0,0,0,0,0,0,0,0,0,0,0,0,0,0,0,0,0,0,0,0,0,0,0,0,0
Gross Margin %,36.83,22.63,1.08,-115.52,-35.99,34.95,43.78,0,0,0,0,0,0,31.98,,32.39,27.12,22.97,41.53,39.34,40.27,40.38,18.83,8.45,12.73,12.38,5.03,5.01,-41.22,-633.42,-36.56,6.9,-4.01,-196.65,15.63,23.9,23.3,39.32,40.85,30.49,27.49,31.22,52.26,41.03,0,0,0,0,0,0,0,0,0,0,0,0,0,0,0,0,0,0,0,0,0,0,0,0,0
,,,,,,,,,,,,,,,,,,,,,,,,,,,,,,,,,,,,,,,,,,,,,,,,,,,,,,,,,,,,,,,,,,,,,
"Selling, General, & Admin. Expense",9.749,6.614,6.223,5.388,4.431,6.1,4.765,3.203,3.153,2.39,1.282,0.322,0.009,10.22,,2.585,2.339,2.838,2.455,2.257,2.112,1.761,1.668,1.975,1.347,1.589,1.627,1.523,1.528,1.266,1.355,1.401,1.329,1.83,1.199,0.352,1.275,2.058,1.381,1.214,1.499,0.734,1.227,1.33,1.144,1.013,0.589,0.5,0.768,0.778,0.671,0.912,0.823,0.772,0.552,0.685,0.458,0.307,0.327,0.209,0.353,0.116,0.017,0.125,0.008,0.006,0,0.001,0
Research & Development,0,0,0,0,0,0,0,0,0,0,0,0,0,0,,0,0,0,0,0,0,0,0,0,0,0,0,0,0,0,0,0,0,0,0,0,0,0,0,0,0,0,0,0,0,0,0,0,0,0,0,0,0,0,0,0,0,0,0,0,0,0,0,0,0,0,0,0,0
Other Operating Expense,4.956,0,0.608,0.314,0,0,0,0,0,0,0,0,0,4.8,,0,0,0.566,4.233,0,0,0,0,0,0,0,0,0.614,0,0.003,0.314,0,0,0,0,0,0,0,0,0,0,0,0,0,0,0,0,0,0,0,0,0,0,0,0,0,0,0.052,-0.051,0,0,0,0,0,0,0,0,0,0
Total Operating Expense,14.705,6.614,6.831,5.702,4.431,6.1,4.765,3.203,3.153,2.39,1.282,0.322,0.009,15.02,,2.585,2.339,3.405,6.688,2.257,2.112,1.761,1.668,1.975,1.347,1.589,1.627,2.137,1.528,1.268,1.668,1.401,1.329,1.83,1.199,0.352,1.275,2.058,1.381,1.214,1.499,0.734,1.227,1.33,1.144,1.013,0.589,0.5,0.768,0.778,0.671,0.912,0.823,0.772,0.552,0.685,0.458,0.359,0.276,0.209,0.353,0.116,0.017,0.125,0.008,0.006,0,0.001,0
Operating Income,10.139,5.228,-6.447,-37.346,-11.963,1.351,2.507,-3.203,-3.153,-2.39,-1.282,-0.322,-0.009,3.08,,1.652,0.735,-0.218,0.912,4.285,5.149,5.587,0.344,-0.959,0.211,0.003,-1.2,-1.666,-3.66,-30.098,-4.686,-0.918,-1.628,-12.56,-0.233,1.016,-0.133,-0.914,1.761,0.835,-0.368,1.346,3.593,-1.31,-1.144,-1.013,-0.589,-0.5,-0.768,-0.778,-0.671,-0.912,-0.823,-0.772,-0.552,-0.685,-0.458,-0.359,-0.276,-0.209,-0.353,-0.116,-0.017,-0.125,-0.008,-0.006,0,-0.001,0
Operating Margin %,15.0323,9.9929,-18.0521,-136.339,-57.1605,6.338,15.0946,0,0,0,0,0,0,5.44,,12.6282,6.4829,-1.5708,4.9823,25.7633,28.5552,30.6993,3.2209,-7.9763,1.7217,0.0206,-14.147,-17.724,-70.7532,-661.2829,-56.7658,-13.1408,-21.8621,-230.1755,-3.7626,17.7502,-2.7218,-31.3964,22.9003,12.4188,-8.9304,20.207,38.9596,-2661.5385,0,0,0,0,0,0,0,0,0,0,0,0,0,0,0,0,0,0,0,0,0,0,0,0,0
,,,,,,,,,,,,,,,,,,,,,,,,,,,,,,,,,,,,,,,,,,,,,,,,,,,,,,,,,,,,,,,,,,,,,
  Interest Income,0.393,0.101,0.449,0.141,0,0,0,0,0.234,0,0,0,0,0.4,,0.077,0.072,0.163,0.086,0.067,0.074,0.032,0.038,0.017,0.016,0.023,0.056,0.071,0.305,0.057,0.058,0,0,0,0,0,0,0,0,0,0,0,0,0,0,0,0,0,0,0.047,0.053,0.065,0.072,0,0,0,0,0,0,0,0,0,0,0,0,0,0,0,0
  Interest Expense,-0.495,-0.548,-0.334,-0.993,-2.559,-2.472,-2.493,0,0,0,0,0,0,-0.61,,-0.163,-0.166,-0.194,-0.089,-0.099,-0.11,-0.148,-0.125,-0.141,-0.142,-0.093,-0.073,-0.108,-0.062,-0.096,-0.042,-0.028,-0.794,-0.689,-0.727,-0.673,-0.63,-0.87,-0.561,-0.569,-0.49,-1.267,-0.848,-0.302,0,0,0,0,-0.289,0,0,0,0,0,0,0,0,0,0,0,0,0,0,0,0,0,0,0,0
Net Interest Income,-0.103,-0.447,0.115,-0.852,-2.559,-2.472,-2.493,0,0.234,0,0,0,0,-0.21,,-0.086,-0.095,-0.03,-0.004,-0.033,-0.036,-0.116,-0.087,-0.124,-0.126,-0.07,-0.017,-0.037,0.243,-0.039,0.016,-0.028,-0.794,-0.689,-0.727,-0.673,-0.63,-0.87,-0.561,-0.569,-0.49,-1.267,-0.848,-0.302,0,0,0,0,-0.289,0.047,0.053,0.065,0.072,0,0,0,0,0,0,0,0,0,0,0,0,0,0,0,0
Other Income (Expense),0.583,52.303,19.578,-62.804,3.396,-26.609,-7.555,-1.725,-0.717,0,0,0.322,0.009,0.26,,-0.782,-0.065,1.484,-0.373,-0.818,0.314,53.539,-0.255,-1.699,0.62,1.061,-3.071,4.962,16.911,-63.111,-0.284,1,-0.411,1.701,1.82,0.481,-0.462,-1.677,0.07,-23.411,-1.753,-2.952,0.052,-2.884,-1.414,-1.536,0.216,-0.573,0.153,-0.013,0,-0.72,0,0,0,0,0,0.359,0.276,0.209,0.353,0.116,0,0,0.008,0.006,0,0.001,0
Pretax Income,10.62,57.085,13.246,-101.003,-11.126,-27.73,-7.54,-4.929,-3.636,-2.39,-1.282,0,0,3.13,,0.784,0.575,1.235,0.535,3.434,5.427,59.01,0.003,-2.782,0.705,0.993,-4.288,3.259,13.494,-93.248,-4.953,0.053,-2.833,-11.548,0.86,0.823,-1.225,-3.461,1.27,-23.145,-2.61,-2.872,2.797,-4.496,-2.558,-2.549,-0.374,-1.073,-0.904,-0.745,-0.619,-1.567,-0.75,-0.772,-0.552,-0.685,-0.458,0,0,0,0,0,-0.017,-0.125,0,0,0,0,0
Tax Provision,-1.648,0,-2.503,5.536,9.404,0.941,-0.528,-2.324,-0.016,0,0.169,0,0,-3.26,,-2.048,-1.208,0,0,0,0,0,0,0,0,0,0,0,-2.539,4.725,0.194,-0.106,0.71,9.878,0.449,-0.949,-0.019,2.026,-1.002,0.522,-0.612,-0.581,-0.183,0,0.217,-0.268,0,0,-1.987,-0.016,0,0,0,0,0,0,0,0,0,0,0,0,0,0,0,0,0,0,0
Tax Rate %,15.52,0,18.89,5.48,84.53,3.39,-7,-47.16,-0.43,0,13.21,,,104.15,,261.39,210.24,0,0,0,0,0,0,0,0,0,0,0,18.82,5.07,3.92,200,25.06,85.54,-52.24,115.28,-1.53,58.56,78.88,2.26,-23.44,-20.23,6.54,0,8.48,-10.5,0,0,-219.76,-2.08,0,0,0,0,0,0,0,,,,,,0,0,,,,,
Net Income (Continuing Operations),8.971,57.085,10.744,-95.468,-1.722,-26.789,-8.068,-7.253,-3.652,-2.39,-1.282,-0.322,-0.009,-1.78,,-1.265,-0.634,-0.413,0.535,3.434,5.427,59.01,0.003,-2.782,0.705,0.993,-4.288,3.259,10.954,-88.523,-4.759,-0.053,-2.123,-1.67,1.31,-0.126,-1.243,-1.434,0.268,-22.623,-3.221,-3.453,2.614,-4.496,-2.341,-2.817,-0.374,-1.073,-2.892,-0.76,-0.619,-1.567,-0.75,-0.772,-0.552,-0.685,-0.458,-0.359,-0.276,-0.209,-0.353,-0.116,-0.017,-0.125,-0.008,-0.006,0,-0.001,0
Net Income (Discontinued Operations),0,0,0,38.518,1.004,-0.131,0,0,0,0,0,0,0,0,,0,0,0,0,0,0,0,0,0,0,0,0,0,0,-0.789,0,0,38.507,-0.172,-1.782,0.942,2.126,0,0,0,0,0,0,0,0,0,0,0,0,0,0,0,0,0,0,0,0,0,0,0,0,0,0,0,0,0,0,0,0
  Other Income (Minority Interest),0,0,0,0,0,0,0,0,0,0,0,0,0,0,,0,0,0,0,0,0,0,0,0,0,0,0,0,0,0,0,0,0,0,0,0,0,0,0,0,0,0,0,0,0,0,0,0,0,0,0,0,0,0,0,0,0,0,0,0,0,0,0,0,0,0,0,0,0
Net Income,8.971,57.085,10.744,-56.949,-0.717,-26.92,-8.068,-7.253,-3.652,-2.39,-1.282,-0.322,-0.009,-1.78,,-1.265,-0.634,-0.413,0.535,3.434,5.427,59.01,0.003,-2.782,0.705,0.993,-4.288,3.259,10.954,-89.312,-4.759,-0.053,36.384,-1.842,-0.472,0.817,0.883,-1.565,0.268,-22.623,-3.221,-3.453,2.614,-4.496,-2.341,-2.817,-0.374,-1.073,-2.892,-0.76,-0.619,-1.567,-0.75,-0.772,-0.552,-0.685,-0.458,-0.359,-0.276,-0.209,-0.353,-0.116,-0.017,-0.125,-0.008,-0.006,0,-0.001,0
Net Margin %,13.3003,109.1029,30.083,-207.9035,-3.4262,-126.2495,-48.5744,0,0,0,0,0,0,-3.15,,-9.6671,-5.5907,-2.9772,2.9253,20.6469,30.0966,324.244,0.0254,-23.1394,5.757,7.7256,-50.5562,34.6657,211.7662,-1962.2566,-57.6562,-0.7588,488.5802,-33.7534,-7.6328,14.2657,18.0185,-53.7838,3.487,-336.6463,-78.2739,-51.8216,28.3416,-9135.8974,0,0,0,0,0,0,0,0,0,0,0,0,0,0,0,0,0,0,0,0,0,0,0,0,0
,,,,,,,,,,,,,,,,,,,,,,,,,,,,,,,,,,,,,,,,,,,,,,,,,,,,,,,,,,,,,,,,,,,,,
Preferred Dividends,0,0,0,0,0,0,0,0,0,0,0,0,0,0,,0,0,0,0,0,0,0,0,0,0,0,0,0,0,0,0,0,0,0,0,0,0,0,0,0,0,0,0,0,0,0,0,0,0,0,0,0,0,0,0,0,0,0,0,0,0,0,0,0,0,0,0,0,0
EPS (Basic),0.033,0.273,0.064,-0.339,0.012,-0.17,-0.053,-0.055,-0.03,-0.03,-0.039,-0.024,-0.004,-0.01,,-0.005,-0.003,-0.003,0.002,0.013,0.02,0.282,0,-0.014,0.004,0.007,-0.025,0.019,0.063,-0.534,-0.026,0,0.23,0,0,0.005,0.005,-0.013,0.002,-0.132,-0.014,-0.027,0.012,-0.025,-0.012,-0.022,-0.003,-0.011,-0.021,-0.01,-0.01,-0.01,-0.01,-0.006,-0.01,-0.01,-0.01,-0.018,-0.01,-0.01,-0.02,-0.004,0,-0.01,0,-0.001,0,0,0
EPS (Diluted),0.032,0.263,0.062,-0.339,0.012,-0.17,-0.053,-0.055,-0.03,-0.03,-0.039,-0.024,-0.004,-0.01,,-0.005,-0.003,-0.003,0.002,0.013,0.019,0.273,0,-0.014,0.004,0.005,-0.025,0.019,0.063,-0.534,-0.026,0,0.23,0,0,0.005,0.005,-0.013,0.002,-0.132,-0.014,-0.027,0.012,-0.025,-0.012,-0.022,-0.003,-0.011,-0.021,-0.01,-0.01,-0.01,-0.01,-0.006,-0.01,-0.01,-0.01,-0.018,-0.01,-0.01,-0.02,-0.004,0,-0.01,0,-0.001,0,0,0
Shares Outstanding (Diluted Average),281.734,217.064,176.75,171.993,171.376,165.086,159.591,138.89,128.327,72.066,43.438,13.552,5,294.374,,294.374,290.231,290.271,284.803,277.241,274.403,241.851,229.577,207.037,190.698,189.798,172.852,172.455,172.309,172.625,171.539,171.376,171.376,171.376,171.376,171.376,171.376,171.346,164.521,162.264,162.222,162.159,167.587,161.995,152.247,147.71,139.916,134.998,132.982,128.443,128.288,128.288,128.288,128.288,61.058,60.987,57.256,55.793,53.871,41.37,22.656,16.406,15,11.401,5,5,10,10,
,,,,,,,,,,,,,,,,,,,,,,,,,,,,,,,,,,,,,,,,,,,,,,,,,,,,,,,,,,,,,,,,,,,,,
EBIT,11.115,57.633,13.58,-100.01,-8.567,-25.258,-5.048,-4.929,-3.153,-2.39,-1.282,-0.322,-0.009,3.74,,0.947,0.741,1.429,0.624,3.533,5.537,59.158,0.127,-2.641,0.847,1.086,-4.215,3.367,13.556,-93.151,-4.911,0.081,-2.039,-10.86,1.587,1.497,-0.595,-2.59,1.831,-22.577,-2.12,-1.605,3.645,-4.194,-2.558,-2.549,-0.374,-1.073,-0.615,-0.778,-0.671,-0.912,-0.75,-0.772,-0.552,-0.685,-0.458,-0.359,-0.276,-0.209,-0.353,-0.116,-0.017,-0.125,-0.008,-0.006,0,-0.001,0
"Depreciation, Depletion and Amortization",6.365,4.887,7.528,6.676,4.983,4.926,3.136,0.054,0.031,0.008,0.004,0,0,6.35,,1.401,1.324,2.098,1.531,1.368,1.314,1.258,0.957,1.245,1.508,2.454,1.807,2.018,1.294,1.017,1.904,1.843,1.854,1.228,1.562,1.307,1.21,0.617,1.687,1.636,1.019,1.906,1.139,0.008,0.007,0.015,0.011,0.014,0.013,0.011,0.018,0,0.002,0.002,0.002,-0.003,0.008,0.002,0.002,0,0.001,0,0,0,0,0,0,0,0
EBITDA,17.48,62.52,21.107,-93.334,-3.584,-20.332,-1.912,-4.875,-3.122,-2.382,-1.278,-0.322,-0.009,10.1,,2.348,2.065,3.528,2.156,4.901,6.852,60.416,1.084,-1.396,2.355,3.539,-2.408,5.385,14.849,-92.135,-3.007,1.924,-0.185,-9.632,3.15,2.803,0.615,-1.973,3.517,-20.941,-1.101,0.301,4.784,-4.187,-2.551,-2.534,-0.363,-1.058,-0.602,-0.765,-0.654,-0.912,-0.748,-0.77,-0.55,-0.685,-0.45,-0.357,-0.274,-0.209,-0.352,-0.116,-0.017,-0.125,-0.008,-0.006,0,-0.001,0
EBITDA Margin %,25.9149,119.4902,59.102,-340.7309,-17.1253,-95.3526,-11.5087,0,0,0,0,0,0,17.85,,17.9505,18.2178,25.4247,11.7812,29.4664,37.9955,331.9715,10.1446,-11.6104,19.2403,27.534,-28.3879,57.2831,287.0649,-2024.2841,-36.4287,27.5403,-2.4863,-176.5077,50.9353,48.971,12.5476,-67.7928,45.7334,-311.6119,-26.7577,4.5192,51.8702,-8507.6923,0,0,0,0,0,0,0,0,0,0,0,0,0,0,0,0,0,0,0,0,0,0,0,0,0
,,,,,,,,,,,,,,,,,,,,,,,,,,,,,,,,,,,,,,,,,,,,,,,,,,,,,,,,,,,,,,,,,,,,,
Balance Sheet,,,,,,,,,,,,,,,,,,,,,,,,,,,,,,,,,,,,,,,,,,,,,,,,,,,,,,,,,,,,,,,,,,,,,
  Cash and Cash Equivalents,84.689,69.624,3.188,10.787,5.656,2.741,3.61,3.757,31.232,24.579,1.553,0.69,0.45,105.413,,105.413,71.382,84.689,89.761,68.796,72.239,69.624,23.754,26.729,6.591,3.188,4.344,8.016,14.618,10.787,15.646,16.399,18.431,5.656,1.973,1.382,0.499,2.741,2.534,1.319,1.4,3.61,1.699,7.079,14.162,3.757,13.184,19.178,20.615,31.232,14.823,18.205,21.377,24.579,0.88,2.448,4.51,1.553,4.128,6.583,6.774,0.69,0.733,0.811,0,0.45,0,0,0
  Marketable Securities,0,0,6.286,0,0,0,0,0,0,0,0.269,0.28,0,0,,0,0,0,0,0,0,0,0,0,0,6.286,7.6,13.343,8.376,0,0,0,0,0,0,0,0,0,0,0,0,0,0,0,0,0,0,0,0,0,0,0,0,0,0,0,0.011,0.269,0.012,0.012,0.011,0.28,0,0,0,0,0,0,0
"Cash, Cash Equivalents, Marketable Securities",84.689,69.624,9.474,10.787,5.656,2.741,3.61,3.757,31.232,24.579,1.822,0.969,0.45,105.413,,105.413,71.382,84.689,89.761,68.796,72.239,69.624,23.754,26.729,6.591,9.474,11.944,21.359,22.994,10.787,15.646,16.399,18.431,5.656,1.973,1.382,0.499,2.741,2.534,1.319,1.4,3.61,1.699,7.079,14.162,3.757,13.184,19.178,20.615,31.232,14.823,18.205,21.377,24.579,0.88,2.448,4.521,1.822,4.14,6.594,6.786,0.969,0.733,0.811,0,0.45,0,0,0
  Accounts Receivable,5.285,6.308,4.332,0.013,0.93,0.545,1.519,1.418,0,0,0,0,0,6.125,,6.125,5.4,5.285,5.886,4.733,4.912,6.308,2.666,3.141,4.758,4.332,2.69,3.196,0.875,0.013,0.549,1.125,0.483,0.93,2.119,6.256,2.728,0.545,4.191,3.161,1.495,1.519,1.418,0.29,0.443,1.418,0,0,0,0,0,0,0,0,0,0,0,0,0,0,0,0,0,0,0,0,0,0,0
  Notes Receivable,0,0,0,0,0,0,0,0,0,0,0,0,0,0,,0,0,0,0,0,0,0,0,0,0,0,0,0,0,0,0,0,0,0,0,0,0,0,0,0,0,0,0,0,0,0,0,0,0,0,0,0,0,0,0,0,0,0,0,0,0,0,0,0,0,0,0,0,0
  Loans Receivable,0,0,0,0,0,0,0,0,0,0,0,0,0,,,0,0,0,0,0,0,0,0,0,0,0,0,0,0,0,0,0,0,0,0,0,0,0,0,0,0,0,0,0,0,0,0,0,0,0,0,0,0,0,0,0,0,0,0,0,0,0,0,0,0,0,0,0,0
  Other Current Receivables,14.527,15.36,7.321,5.069,6.514,4.134,2.303,6.929,0.342,0.592,0.439,0.021,0,15.833,,15.833,14.802,14.527,15.191,14.129,14.657,15.36,10.167,10.02,12.636,7.321,6.368,6.875,5.588,5.069,9.143,9.877,9.164,6.514,4.512,8.336,6.004,4.134,7.286,6.58,4.188,2.303,8.68,6.618,6.526,6.929,4.544,3.108,1.169,0.342,0.307,0.324,0.514,0.592,0.417,0.805,0.604,0.439,0.241,0.036,0.046,0.021,0,0,0,0,0,0,0
Total Receivables,14.527,15.36,7.321,5.069,6.514,4.134,2.303,6.929,0.342,0.592,0.439,0.021,0,15.833,,15.833,14.802,14.527,15.191,14.129,14.657,15.36,10.167,10.02,12.636,7.321,6.368,6.875,5.588,5.069,9.143,9.877,9.164,6.514,4.512,8.336,6.004,4.134,7.286,6.58,4.188,2.303,8.68,6.618,6.526,6.929,4.544,3.108,1.169,0.342,0.307,0.324,0.514,0.592,0.417,0.805,0.604,0.439,0.241,0.036,0.046,0.021,0,0,0,0,0,0,0
"  Inventories, Raw Materials & Components",1.172,1.547,1.776,0.747,1.025,0.937,1.023,0.336,0,0,0,0,0,2.761,,2.761,2.488,1.172,1.563,1.537,1.424,1.547,1.403,1.571,1.241,1.776,1.411,1.532,1.006,0.747,0.923,0.926,0.951,1.025,1.044,1.037,1.008,0.937,1.104,0.918,0.934,1.023,1.119,0.656,0.914,0.336,0.321,0,0,0,0,0,0,0,0,0,0,0,0,0,0,0,0,0,0,0,0,0,0
"  Inventories, Work In Process",9.792,9.801,9.075,6.232,26.677,36.363,13.586,1.326,0,0,0,0,0,10.699,,10.699,11.218,9.792,9.395,8.896,9.664,9.801,10.442,10.66,9.446,9.075,17.079,13.564,7.32,6.232,30.924,35.462,31.624,26.677,29.657,27.201,23.266,36.363,27.713,22.525,18.343,13.586,10.471,6.358,3.403,1.326,0,0,0,0,0,0,0,0,0,0,0,0,0,0,0,0,0,0,0,0,0,0,0
"  Inventories, Inventories Adjustments",0,0,0,0,0,0,0,0,0,0,0,0,0,,,0,0,0,0,0,0,0,0,0,0,0,0,0,0,0,0,0,0,0,0,0,0,0,0,0,0,0,0,0,0,0,0,0,0,0,0,0,0,0,0,0,0,0,0,0,0,0,0,0,0,0,0,0,0
"  Inventories, Finished Goods",0.72,0.831,0.473,1.264,2.402,0.739,0.103,0,0,0,0,0,0,0.829,,0.829,0.94,0.72,0.637,0.735,0.494,0.831,0.874,0.87,0.562,0.473,0.567,0.469,1.632,1.264,1.646,3.135,2.392,2.402,0.976,0.823,0.357,0.739,0.181,0.102,0.274,0.103,0.414,1.071,0.526,0,0,0,0,0,0,0,0,0,0,0,0,0,0,0,0,0,0,0,0,0,0,0,0
"  Inventories, Other",0,0,0,0,0,0,0,0,0,0,0,0,0,0,,0,0,0,0,0,0,0,0,0,0,0,0,0,0,0,0,0,0,0,0,0,0,0,0,0,0,0,0,0,0,0,0,0,0,0,0,0,0,0,0,0,0,0,0,0,0,0,0,0,0,0,0,0,0
Total Inventories,11.684,12.178,11.324,8.243,30.104,38.039,14.712,1.662,0,0,0,0,0,14.289,,14.289,14.646,11.684,11.594,11.169,11.583,12.178,12.719,13.1,11.249,11.324,19.058,15.565,9.959,8.243,33.492,39.523,34.967,30.104,31.677,29.062,24.632,38.039,28.997,23.545,19.551,14.712,12.004,8.086,4.843,1.662,0.321,0,0,0,0,0,0,0,0,0,0,0,0,0,0,0,0,0,0,0,0,0,0
Other Current Assets,1.04,0.38,0.3,0.3,29.87,0.3,1.66,1.6,0.1,0.03,0.03,0.02,0,0.68,,0.68,0.81,1.04,0.75,0.69,0.62,0.38,0.51,0.61,0.48,0.3,0.44,0.44,0.38,0.3,0.44,0.42,0.25,29.87,0.49,0.54,0.34,0.3,0.4,0.15,0.16,1.66,2.41,1.9,1.49,1.6,1.83,0.53,0.27,0.1,0.15,0.22,0.02,0.03,0.06,0.08,0.03,0.03,0.03,0.11,0.01,0.02,0.03,0,0.47,0,0,0,0
Total Current Assets,111.936,97.541,28.419,24.401,72.143,45.211,22.282,13.948,31.671,25.199,2.29,1.005,0.45,136.22,,136.22,101.636,111.936,117.297,94.78,99.097,97.541,47.147,50.46,30.951,28.419,37.807,44.242,38.924,24.401,58.725,66.223,62.811,72.143,38.654,39.318,31.477,45.211,39.217,31.59,25.298,22.282,24.798,23.684,27.025,13.948,19.882,22.817,22.056,31.671,15.282,18.751,21.915,25.199,1.362,3.334,5.15,2.29,4.414,6.739,6.844,1.005,0.766,0.811,0.472,0.45,0,0,0
Investments And Advances,0,0,0,0,0,0,0,0,0,0,0,0,0,0,,0,0,0,0,0,0,0,0,0,0,0,0,0,0,0,0,0,0,0,0,0,0,0,0,0,0,0,0,0,0,0,0,0,1.249,0,0,0,0,0,0,0,0,0,0,0,0,0,0,0,0,0,0,0,0
    Land And Improvements,0,0,0,0,0,0,0,0,0,0,0,0,0,0,,0,0,0,0,0,0,0,0,0,0,0,0,0,0,0,0,0,0,0,0,0,0,0,0,0,0,0,0,0,0,0,0,0,0,0,0,0,0,0,0,0,0,0,0,0,0,0,0,0,0,0,0,0,0
    Buildings And Improvements,0,0,0,0,0,0,0,0,0,0,0,0,0,0,,0,0,0,0,0,0,0,0,0,0,0,0,0,0,0,0,0,0,0,0,0,0,0,0,0,0,0,0,0,0,0,0,0,0,0,0,0,0,0,0,0,0,0,0,0,0,0,0,0,0,0,0,0,0
"    Machinery, Furniture, Equipment",63.498,65.994,63.477,60.171,54.827,51.999,38.714,0.338,0.276,0.176,0.577,0.007,0,63.751,,63.751,64.312,63.498,61.347,62.864,63.896,65.994,67.603,69.487,64.897,63.477,61.976,61.993,62.119,60.171,60.392,58.824,57.725,54.827,57.535,54.073,53.217,51.999,46.457,45.282,43.993,38.714,32.997,33.618,0.334,0.338,0.925,0.914,0.901,0.276,0.259,0.209,0.184,0.176,0,0,0,0.577,0,0,0,0.007,0,0,0,0,0,0,0
    Construction In Progress,0,0,0,0,0,0,0,89.059,54.629,0,0,0,0,0,,0,0,0,0,0,0,0,0,0,0,0,0,0,0,0,0,0,0,0,0,0,0,0,0,0,0,0,0,0,94.107,89.059,89.351,75.949,61.77,54.629,0,0,0,0,0,0,0,0,0,0,0,0,0,0,0,0,0,0,0
    Other Gross PPE,133.082,107.893,92.574,74.707,70.731,98.001,124.029,45.183,26.377,70.602,14.073,0.238,0,149.191,,149.191,143.185,133.082,119.97,115.587,110.508,107.893,105.851,105.854,97.266,92.574,78.06,77.597,76.779,74.707,75.156,74.19,73.012,70.731,106.59,103.376,98.593,98.001,96.341,99.276,129.652,124.029,117.366,118.821,44.357,45.183,45.018,43.574,27.135,26.377,76.472,76.375,72.948,70.602,19.602,17.876,0.403,14.073,0.094,0.022,0.008,0.238,0,0,0,0,0,0,0
"  Gross Property, Plant and Equipment",196.58,173.887,156.052,134.878,125.558,150,162.743,134.58,81.282,70.778,14.651,0.245,0,212.941,,212.941,207.497,196.58,181.317,178.451,174.405,173.887,173.453,175.342,162.163,156.052,140.035,139.591,138.897,134.878,135.548,133.015,130.737,125.558,164.125,157.449,151.81,150,142.798,144.558,173.645,162.743,150.363,152.439,138.798,134.58,135.294,120.437,89.806,81.282,76.731,76.584,73.132,70.778,19.602,17.876,0.403,14.651,0.094,0.022,0.008,0.245,0,0,0,0,0,0,0
  Accumulated Depreciation,-64.338,-57.49,-107.087,-100.607,-30.038,-24.596,-6.782,-0.132,-0.078,-0.517,-0.09,0,0,-68.561,,-68.561,-67.524,-64.338,-59.114,-58.54,-57.697,-57.49,-113.017,-115.353,-107.592,-107.087,-106.541,-104.891,-103.931,-100.607,-37.104,-33.277,-31.34,-30.038,-22.995,-21.201,-18.988,-24.596,-15.661,-12.234,-9.233,-6.782,-4.01,-1.083,-0.144,-0.132,-0.121,-0.109,-0.093,-0.078,-0.066,-0.053,-0.535,-0.517,0,0,0,-0.09,0,-0.001,0,0,0,0,0,0,0,0,0
"Property, Plant and Equipment",132.242,116.398,48.965,34.272,95.52,125.404,155.962,134.448,81.204,70.262,14.561,0.245,0,144.38,,144.38,139.973,132.242,122.202,119.911,116.708,116.398,60.436,59.989,54.571,48.965,33.495,34.699,34.966,34.272,98.444,99.738,99.396,95.52,141.13,136.248,132.822,125.404,127.137,132.323,164.412,155.962,146.353,151.357,138.654,134.448,135.172,120.328,89.713,81.204,76.665,76.531,72.598,70.262,19.602,17.876,0.403,14.561,0.094,0.021,0.008,0.245,0,0,0,0,0,0,0
Intangible Assets,0,0,0,0,0,0,0,0,0,0,0,0,0,0,,0,0,0,0,0,0,0,0,0,0,0,0,0,0,0,0,0,0,0,0,0,0,0,0,0,0,0,0,0,0,0,0,0,0,0,0,0,0,0,0,0,0,0,0,0,0,0,0,0,0,0,0,0,0
  Goodwill,0,0,0,0,0,0,0,0,0,0,0,0,0,0,,0,0,0,0,0,0,0,0,0,0,0,0,0,0,0,0,0,0,0,0,0,0,0,0,0,0,0,0,0,0,0,0,0,0,0,0,0,0,0,0,0,0,0,0,0,0,0,0,0,0,0,0,0,0
Other Long Term Assets,41.325,28.302,34.823,25.47,29.059,13.75,8.271,0,0,-0.001,0,0,0.028,55.167,,55.167,49.307,41.325,34.563,32.563,30.327,28.302,29.114,30.17,30.692,34.823,26.724,22.306,22.525,25.47,19.451,12.192,14.327,29.059,28.447,26.346,24.767,13.75,8.64,7.9,7.602,8.271,0,0,0,0,0,0,0,0,0,0,0,-0.001,0.387,0,16.087,0,13.405,0.485,0.254,0,0.025,0.026,0,0.028,0,0,0
Total Long-Term Assets,173.567,144.699,83.788,59.741,124.579,139.155,164.233,134.448,81.204,70.261,14.561,0.245,0.028,199.547,,199.547,189.28,173.567,156.765,152.473,147.035,144.699,89.55,90.159,85.263,83.788,60.219,57.005,57.491,59.741,117.895,111.93,113.723,124.579,169.578,162.593,157.588,139.155,135.778,140.223,172.015,164.233,146.353,151.357,138.654,134.448,135.172,120.328,90.962,81.204,76.665,76.531,72.598,70.261,19.988,17.876,16.491,14.561,13.499,0.507,0.262,0.245,0.025,0.026,0,0.028,0,0,0
Total Assets,285.503,242.24,112.207,84.142,196.722,184.365,186.515,148.395,112.876,95.46,16.851,1.25,0.478,335.767,,335.767,290.916,285.503,274.063,247.254,246.131,242.24,136.698,140.619,116.214,112.207,98.026,101.247,96.415,84.142,176.621,178.153,176.534,196.722,208.232,201.911,189.066,184.365,174.995,171.814,197.312,186.515,171.151,175.041,165.679,148.395,155.054,143.145,113.018,112.876,91.947,95.281,94.513,95.46,21.351,21.211,21.641,16.851,17.913,7.245,7.106,1.25,0.791,0.837,0.472,0.478,0,0,0
,,,,,,,,,,,,,,,,,,,,,,,,,,,,,,,,,,,,,,,,,,,,,,,,,,,,,,,,,,,,,,,,,,,,,
  Accounts Payable,12.0653262,8.102052,8.1551319,4.9763812,17.7640293,17.6774488,7.4130408,3.1403372,1.6361044,0.851121,0,0,0,13.608234,,13.608234,11.84256,12.0653262,11.070098,11.1084822,9.6874467,8.102052,7.751744,9.235936,9.4606096,8.1551319,7.3209101,6.337854,4.8960784,4.9763812,5.7028125,5.0335236,4.9901252,17.7640293,20.540775,16.439236,15.5706147,17.6774488,13.886838,10.5860904,8.7200967,7.4130408,5.3602275,3.7109538,3.396174,3.1403372,6.973437,4.1484645,1.8777835,1.6361044,0.299106,0.3605888,0.2939706,0.851121,0.486244,0.2355306,0.253828,0,0,0,0,0,0,0,0,0,0,0,0
  Total Tax Payable,0,0,0,0,0.018,0.101,0.054,0.148,0,0,0,0,0,0,,0,0,0,0,0,0,0,0,0,0,0,0,0,0,0,0.868,1.075,1.306,0.018,3.249,2.73,0.103,0.101,0.121,0.168,0.132,0.054,0.183,0,0,0.148,0,0,0,0,0,0,0,0,0,0,0,0,0,0,0,0,0,0,0,0,0,0,0
  Other Current Payables,0,0,0,0,0,0,0,0,0,0,0.25,0.046,0,,,0,0,0,0,0,0,0,0,0,0,0,0,0,0,0,0,0,0,0,0,0,0,0,0,0,0,0,0,0,0,0,0,0,0,0,0,0,0,0,0,0,0,0.25,0,0,0,0.046,0,0,0,0,0,0,0
  Current Accrued Expense,0,0,0,0,0,0,0,0,0,0,0,0,0.01,,,0,0,0,0,0,0,0,0,0,0,0,0,0,0,0,0,0,0,0,0,0,0,0,0,0,0,0,0,0,0,0,0,0,0,0,0,0,0,0,0,0,0,0,0.079,0.114,0.033,0,0.052,0.006,0.015,0.01,0,0,0
Accounts Payable & Accrued Expense,12.0653262,8.102052,8.1551319,4.9763812,17.7824478,17.7783804,7.4674314,3.2878846,1.6361044,0.851121,0.2496225,0.046485,0.0097344,13.608234,,13.608234,11.84256,12.0653262,11.070098,11.1084822,9.6874467,8.102052,7.751744,9.235936,9.4606096,8.1551319,7.3209101,6.337854,4.8960784,4.9763812,6.570375,6.1082559,6.2963939,17.7824478,23.790073,19.1688453,15.673325,17.7783804,14.0080416,10.7540606,8.8517415,7.4674314,5.5432295,3.7109538,3.396174,3.2878846,6.973437,4.1484645,1.8777835,1.6361044,0.299106,0.3605888,0.2939706,0.851121,0.486244,0.2355306,0.253828,0.2496225,0.0791046,0.1142622,0.0332673,0.046485,0.05188,0.0061374,0.0147518,0.0097344,0,0,0
  Short-Term Debt,0,0,0,0,66.072,45.979,0,14.366,1.252,0,0,0,0,0,,0,0,0,0,0,0,0,0,0,0,0,0,0,0,0,0,0,0,66.072,61.496,0,0,45.979,0,0,0,0,28.36,16.463,15.045,14.366,11.304,8.329,2.657,1.252,0,0,0,0,0,0,0,0,0,0,0,0,0,0,0,0,0,0,0
  Short-Term Capital Lease Obligation,0,0.564,0,0,0,0,0,0,0,0,0,0,0,0.539,,0.539,0,0,0,0,0.555,0.564,0.568,0.575,0,0,0,0,0,0,0,0,0,0,0,0,0,0,0,0,0,0,0,0,0,0,0,0,0,0,0,0,0,0,0,0,0,0,0,0,0,0,0,0,0,0,0,0,0
Short-Term Debt & Capital Lease Obligation,0,0.564,0,0,66.072,45.979,0,14.366,1.252,0,0,0,0,0.539,,0.539,0,0,0,0,0.555,0.564,0.568,0.575,0,0,0,0,0,0,0,0,0,66.072,61.496,0,0,45.979,0,0,0,0,28.36,16.463,15.045,14.366,11.304,8.329,2.657,1.252,0,0,0,0,0,0,0,0,0,0,0,0,0,0,0,0,0,0,0
  Current Deferred Revenue,0,0,0,0,0,0,0,0,0,0,0,0,0,0,,0,0,0,0,0,0,0,0,0,0,0,0,0,0,0,0,0,0,0,0,0,0,0,0,0,0,0,0,0,0,0,0,0,0,0,0,0,0,0,0,0,0,0,0,0,0,0,0,0,0,0,0,0,0
  Current Deferred Taxes Liabilities,0,0,0,0,0,0,0,0,0,0,0,0,0,0,,0,0,0,0,0,0,0,0,0,0,0,0,0,0,0,0,0,0,0,0,0,0,0,0,0,0,0,0,0,0,0,0,0,0,0,0,0,0,0,0,0,0,0,0,0,0,0,0,0,0,0,0,0,0
Deferred Tax And Revenue,0,0,0,0,0,0,0,0,0,0,0,0,0,0,,0,0,0,0,0,0,0,0,0,0,0,0,0,0,0,0,0,0,0,0,0,0,0,0,0,0,0,0,0,0,0,0,0,0,0,0,0,0,0,0,0,0,0,0,0,0,0,0,0,0,0,0,0,0
Other Current Liabilities,1.505,2.019,2.832,0,1.009,0.083,0.231,0.657,0,0,0,0.051,0,0.757,,0.757,1.423,1.505,1.674,1.608,1.542,2.019,2.194,2.232,3.108,2.832,0,0,0,0,0,0,0,1.009,0,0,0.303,0.083,0.093,0.111,0.191,0.231,0,0,0.231,0.657,0,0.001,0,0,0,0,0,0,0,0,0,0,0,0,0,0.051,0,0,0,0,0,0,0
Total Current Liabilities,13.571,10.685,10.987,4.976,84.864,63.84,7.698,18.311,2.889,0.851,0.25,0.097,0.01,14.905,,14.905,13.266,13.571,12.744,12.716,11.784,10.685,10.514,12.043,12.568,10.987,7.321,6.338,4.896,4.976,6.57,6.108,6.296,84.864,85.286,19.169,15.976,63.84,14.101,10.865,9.042,7.698,33.904,20.174,18.671,18.311,18.278,12.479,4.534,2.889,0.299,0.361,0.294,0.851,0.486,0.236,0.254,0.25,0.079,0.114,0.033,0.097,0.052,0.006,0.015,0.01,0,0,0
  Long-Term Debt,0,0,0,0,0,0,36.292,18.933,12.47,0,0,0,0,0,,0,0,0,0,0,0,0,0,0,3.957,0,0,0,0,0,0,0,0,0,0,56.446,49.549,0,40.625,46.884,43.107,36.292,0,15.595,17.071,18.933,21.196,23.486,11.529,12.47,0,0,0,0,0,0,0,0,0,0,0,0,0,0,0,0,0,0,0
  Long-Term Capital Lease Obligation,0,1.672,0,0,0,0,0,0,0,0,0,0,0,0.841,,0.841,0,0,0,0,1.637,1.672,1.686,1.707,0,0,0,0,0,0,0,0,0,0,0,0,0,0,0,0,0,0,0,0,0,0,0,0,0,0,0,0,0,0,0,0,0,0,0,0,0,0,0,0,0,0,0,0,0
Long-Term Debt & Capital Lease Obligation,0,1.672,0,0,0,0,36.292,18.933,12.47,0,0,0,0,0.841,,0.841,0,0,0,0,1.637,1.672,1.686,1.707,3.957,0,0,0,0,0,0,0,0,0,0,56.446,49.549,0,40.625,46.884,43.107,36.292,0,15.595,17.071,18.933,21.196,23.486,11.529,12.47,0,0,0,0,0,0,0,0,0,0,0,0,0,0,0,0,0,0,0
Debt-to-Equity,0,0.01,0,0,0.613,0.398,0.263,0.31,0.141,0,0,0,0,0.004,,0.004,0,0,0,0,0.01,0.01,0.019,0.018,0.041,0,0,0,0,0,0,0,0,0.613,0.513,0.465,0.42,0.398,0.354,0.429,0.308,0.263,0.212,0.237,0.254,0.31,0.288,0.311,0.15,0.141,0,0,0,0,0,0,0,0,0,0,0,0,0,0,0,0,9999,9999,9999
Pension And Retirement Benefit,0,0,0,0,0,0,0,0,0,0,0,0,0,0,,0,0,0,0,0,0,0,0,0,0,0,0,0,0,0,0,0,0,0,0,0,0,0,0,0,0,0,0,0,0,0,0,0,0,0,0,0,0,0,0,0,0,0,0,0,0,0,0,0,0,0,0,0,0
NonCurrent Deferred Liabilities,1.648,0,0,0,1.214,2.421,3.485,2.177,0.016,0,0,0,0,4.891,,4.891,2.874,1.648,0,0,0,0,0,0,0,0,0,0,0,0,0.858,0.874,0.572,1.214,0.424,2.193,3.423,2.421,4.352,3.392,4.102,3.485,2.032,2.135,2.017,2.177,2.097,2.146,0,0.016,0,0,0,0,0,0,0,0,0,0,0,0,0,0,0,0,0,0,0
Other Long-Term Liabilities,8.931,3.876,4.81,2.351,2.802,2.626,1.264,1.622,0.39,0,0,0,0,8.302,,8.302,9.467,8.931,8.72,4.745,4.075,3.876,3.376,3.396,2.613,4.81,2.243,2.133,2.238,2.351,2.189,2.45,2.637,2.802,2.664,2.691,2.034,2.626,1.159,1.28,1.23,1.264,1.657,1.691,1.545,1.622,0.679,0.712,2.354,0.39,0,0,0,0,0,0,0,0,0,0,0,0,0,0,0,0,0,0,0
Total Long-Term Liabilities,10.579,5.549,4.81,2.351,4.016,5.047,41.041,22.732,12.876,0,0,0,0,14.034,,14.034,12.34,10.579,8.72,4.745,5.712,5.549,5.062,5.104,6.57,4.81,2.243,2.133,2.238,2.351,3.048,3.324,3.209,4.016,3.088,61.33,55.006,5.047,46.136,51.556,48.438,41.041,3.688,19.42,20.633,22.732,23.972,26.344,13.884,12.876,0,0,0,0,0,0,0,0,0,0,0,0,0,0,0,0,0,0,0
Total Liabilities,24.15,16.233,15.798,7.328,88.88,68.886,48.739,41.044,15.764,0.851,0.25,0.097,0.01,28.938,,28.938,25.606,24.15,21.464,17.461,17.496,16.233,15.575,17.147,19.139,15.798,9.564,8.471,7.135,7.328,9.618,9.432,9.505,88.88,88.375,80.499,70.982,68.886,60.237,62.421,57.481,48.739,37.592,39.594,39.305,41.044,42.25,38.822,18.418,15.764,0.299,0.361,0.294,0.851,0.486,0.236,0.254,0.25,0.079,0.114,0.033,0.097,0.052,0.006,0.015,0.01,,,
,,,,,,,,,,,,,,,,,,,,,,,,,,,,,,,,,,,,,,,,,,,,,,,,,,,,,,,,,,,,,,,,,,,,,
Common Stock,288.291,267.717,195.853,185.689,174.244,184.672,176.019,126.28,97.403,89.161,0,0,0,332.373,,332.373,292.202,288.291,277.024,256.675,260.728,267.717,221.613,227.763,194.934,195.853,189.354,190.49,191.416,185.689,186.985,183.524,181.197,174.244,187.307,188.603,187.927,184.672,181.161,175.594,181.95,176.019,163.99,167.383,152.34,126.28,117.631,101.133,94.164,97.403,87.934,90.316,89.25,89.161,0,0,0,0,0,0,0,0,0,0,0.504,0,0,0,0
Preferred Stock,0,0,0,0,0,0,0,0,0,0,0,0,0,0,,0,0,0,0,0,0,0,0,0,0,0,0,0,0,0,0,0,0,0,0,0,0,0,0,0,0,0,0,0,0,0,0,0,0,0,0,0,0,0,0,0,0,0,0,0,0,0,0,0,0,0,0,0,0
Retained Earnings,-34.463,-45.35,-102.52,-111.493,-51.384,-54.088,-27.495,-16.125,-7.954,-4.066,-1.629,-0.364,-0.038,-36.322,,-36.322,-35.447,-34.463,-32.838,-34.326,-38.48,-45.35,-106.9,-110.122,-101.258,-102.52,-103.888,-100.214,-103.977,-111.493,-20.314,-15.328,-15.083,-51.384,-53.641,-53.537,-54.158,-54.088,-52.029,-53.083,-31.777,-27.495,-22.409,-25.536,-19.228,-16.125,-12.696,-11.783,-10.65,-7.954,-6.894,-6.446,-4.82,-4.066,-3.405,-2.811,-2.088,-1.629,-0.978,-0.632,-0.6,-0.364,-0.244,-0.17,-0.046,-0.038,0,0,0
Accumulated other comprehensive income (loss),-5.512,-8.11,-7.482,-7.199,-23.978,-24.273,-19.408,-10.496,-3.087,-0.188,-0.245,0,0,-3.356,,-3.356,-5.254,-5.512,-3.485,-4.082,-4.664,-8.11,-8.291,-9.383,-7.298,-7.482,-7.431,-7.849,-8.383,-7.199,-9.47,-9.076,-8.499,-23.978,-23.403,-23.216,-25.145,-24.273,-23.446,-21.91,-19.344,-19.408,-16.727,-15.225,-14.41,-10.496,0.806,2.076,0.529,-3.087,0.415,0.742,-0.152,-0.188,0,0,0,-0.245,0,0,0,0,0,0,0,0,0,0,0
Additional Paid-In Capital,13.037,11.75,10.558,9.817,8.96,9.168,8.66,7.692,10.749,9.701,18.474,1.516,0.506,14.134,,14.134,13.809,13.037,11.897,11.526,11.05,11.75,14.7,15.214,10.697,10.558,10.428,10.349,10.225,9.817,9.8,9.601,9.413,8.96,9.595,9.562,9.46,9.168,9.072,8.791,9.003,8.66,8.706,8.825,7.673,7.692,7.063,10.728,10.558,10.749,10.193,10.31,9.942,9.701,24.527,23.992,23.865,18.474,18.81,7.762,7.673,1.516,0.982,1,0,0.506,0,0,0
Treasury Stock,0,0,0,0,0,0,0,0,0,0,0,0,0,0,,0,0,0,0,0,0,0,0,0,0,0,0,0,0,0,0,0,0,0,0,0,0,0,0,0,0,0,0,0,0,0,0,0,0,0,0,0,0,0,0,0,0,0,0,0,0,0,0,0,0,0,0,0,0
Other Stockholders Equity,0,0,0,0,0,0,0,0,0,0,0,0,0,0,,0,0,0,0,0,0,0,0,0,0,0,0,0,0,0,0,0,0,0,0,0,0,0,0,0,0,0,0,0,0,0,0.001,0,-0.001,0,0,0,0,0,-0.258,-0.206,-0.39,0,0,0.001,0,0,0,0,0,0,0,0,0
Total Stockholders Equity,261.353,226.007,96.409,76.815,107.842,115.479,137.775,107.352,97.111,94.608,16.6,1.153,0.468,306.829,,306.829,265.309,261.353,252.598,229.793,228.636,226.007,121.122,123.472,97.075,96.409,88.462,92.776,89.281,76.815,167.003,168.721,167.029,107.842,119.857,121.412,118.083,115.479,114.758,109.392,139.831,137.775,133.559,135.447,126.375,107.352,112.805,102.153,94.6,97.111,91.648,94.922,94.219,94.608,20.864,20.975,21.387,16.6,17.833,7.131,7.073,1.153,0.738,0.831,0.457,0.468,0,0,0
Minority Interest,0,0,0,0,0,0,0,0,0,0,0,0,0,0,,0,0,0,0,0,0,0,0,0,0,0,0,0,0,0,0,0,0,0,0,0,0,0,0,0,0,0,0,0,0,0,0,2.169,0,0,0,0,0,0,0,0,0,0,0,0,0,0,0,0,0,0,0,0,0
Total Equity,261.353,226.007,96.409,76.815,107.842,115.479,137.775,107.352,97.111,94.608,16.6,1.153,0.468,306.829,,306.829,265.309,261.353,252.598,229.793,228.636,226.007,121.122,123.472,97.075,96.409,88.462,92.776,89.281,76.815,167.003,168.721,167.029,107.842,119.857,121.412,118.083,115.479,114.758,109.392,139.831,137.775,133.559,135.447,126.375,107.352,112.805,104.322,94.6,97.111,91.648,94.922,94.219,94.608,20.864,20.975,21.387,16.6,17.833,7.131,7.073,1.153,0.738,0.831,0.457,0.468,,,
Equity-to-Asset,0.915,0.933,0.859,0.913,0.548,0.626,0.739,0.723,0.86,0.991,0.985,0.922,0.98,0.914,,0.914,0.912,0.915,0.922,0.929,0.929,0.933,0.886,0.878,0.835,0.859,0.902,0.916,0.926,0.913,0.946,0.947,0.946,0.548,0.576,0.601,0.625,0.626,0.656,0.637,0.709,0.739,0.78,0.774,0.763,0.723,0.728,0.714,0.837,0.86,0.997,0.996,0.997,0.991,0.977,0.989,0.988,0.985,0.996,0.984,0.995,0.922,0.933,0.993,0.969,0.98,0,0,0
,,,,,,,,,,,,,,,,,,,,,,,,,,,,,,,,,,,,,,,,,,,,,,,,,,,,,,,,,,,,,,,,,,,,,
Cashflow Statement,,,,,,,,,,,,,,,,,,,,,,,,,,,,,,,,,,,,,,,,,,,,,,,,,,,,,,,,,,,,,,,,,,,,,
Net Income From Continuing Operations,8.971,57.085,10.744,-56.949,-0.717,-26.92,-8.068,-7.253,-3.652,-2.39,-1.282,-0.322,-0.009,-1.78,,-1.265,-0.634,-0.413,0.535,3.434,5.427,59.01,0.003,-2.782,0.705,0.993,-4.288,3.259,10.954,-89.312,-4.759,-0.053,38.352,-1.842,-0.472,0.817,0.883,-1.565,0.268,-22.623,-3.221,-3.453,2.614,-4.496,-2.341,-2.817,-0.373,-1.074,-2.892,-0.76,-0.541,-1.551,-0.75,-0.772,-0.529,-0.688,-0.458,-0.359,-0.278,-0.279,-0.353,-0.116,-0.072,-0.125,-0.008,0,0,-0.001,0
"Cash Flow Depreciation, Depletion and Amortization",6.365,4.887,7.528,6.676,4.983,4.926,3.136,0.054,0.031,0.008,0.004,0,0,6.35,,1.401,1.324,2.098,1.531,1.368,1.314,1.258,0.957,1.245,1.508,2.454,1.807,2.018,1.294,1.017,1.904,1.843,1.854,1.228,1.562,1.307,1.21,0.617,1.687,1.636,1.019,1.906,1.139,0.008,0.007,0.015,0.011,0.014,0.013,0.011,0.018,0,0.002,0.002,0.002,-0.003,0.008,0.002,0.002,0,0.001,0,0,0,0,0,0,0,0
  Change In Receivables,-3,-4.956,-5.999,-1.625,-0.146,-3.856,-3.125,0,0,0,0,0,0,-7.7,,-2.478,-2.525,-0.343,-2.358,-0.977,0.783,-4.523,0.08,1.011,-1.462,-2.742,-0.688,-2.618,0.023,1.371,-0.068,0.062,-2.93,1.313,3.483,-2.624,-2.465,3.029,-2.514,-3.113,-1.343,-1.043,-2.426,0.22,0,0,0,0,0,0,0,0,0,0,0,0,0,0,0,0,0,0,0,0,0,0,0,0,0
  Change In Inventory,-7.04,0.93,-15.84,-10.313,-13.205,-15.356,-10.672,0,0,0,0,0,0,-15.45,,-3.932,-6.711,-3.221,-1.589,-1.296,-0.875,0.29,0.051,0.254,0.328,-0.658,-6.385,-5.102,-3.829,-5.49,-3.297,-1.45,-1.396,-2.531,-3.989,-3.648,-3.972,-4.871,-4.495,-3.098,-2.966,-2.702,-2.255,-1.883,0,0,0,0,0,0,0,0,0,0,0,0,0,0,0,0,0,0,0,0,0,0,0,0,0
  Change In Prepaid Assets,-0.684,-0.128,0,-0.016,-0.19,-0.056,0.126,0,0,0,0,0,0,0.01,,0.12,0.242,-0.294,-0.062,-0.089,-0.24,0.126,0.088,-0.179,-0.17,0.131,0.005,-0.06,-0.079,0.132,-0.024,-0.142,0.018,-0.126,0.078,-0.09,-0.057,0.284,-0.382,0.021,0.13,1.048,-0.612,-0.317,0,0,0,0,0,0,0,0,0,0,0,0,0,0,0,0,0,0,0,0,0,0,0,0,0
  Change In Payables And Accrued Expense,2.508,0.448,2.193,-13.515,-1.06,10.853,3.639,0,0,0,0,0,0,2.34,,0.443,0.497,1.432,-0.031,0.202,0.917,0.458,-1.235,0.825,0.416,-0.004,1.495,0.678,0.031,-2.35,0.646,-1.103,-10.593,-6.222,4.426,2.75,-1.315,3.426,3.997,2.371,1.295,2.584,1.624,0.082,0,0,0,0,0,0,0,0,0,0,0,0,0,0,0,0,0,0,0,0,0,0,0,0,0
  Change In Other Working Capital,0,0,0,0,0,0,0,0,0,0,0,0,0,0,,0,0,0,0,0,0,0,0,0,0,0,0,0,0,0,0,0,0,0,0,-0.245,0,0,0,0,0,0,0,0,0,0,0,0,0,0,0,0,0,0,0,0,0,0,0,0,0,0,0,0,0,0,0,0,0
Change In Working Capital,-8.217,-3.706,-19.647,-25.468,-14.601,-8.415,-10.033,-9.277,0.961,0.467,-0.372,-0.011,-0.001,-20.81,,-5.846,-8.498,-2.426,-4.04,-2.159,0.585,-3.65,-1.015,1.911,-0.888,-3.273,-5.573,-7.103,-3.855,-6.337,-2.743,-2.633,-14.901,-7.566,3.999,-3.857,-7.81,1.869,-3.394,-3.818,-2.884,-0.113,-3.67,-1.898,-3.473,-7.729,-0.331,0.873,-2.007,1.351,0.112,-0.029,-0.453,0.271,0.541,-0.474,0.155,-0.468,0.047,0.08,-0.035,-0.049,0.012,0.02,0.005,-0.014,0.012,0.01,-0.01
Deferred Tax,1.648,0,2.503,5.844,-8.842,-0.99,0.651,2.172,0.016,0,0,0,0,3.26,,2.048,1.208,0,0,0,0,0,0,0,0,0,0,0,2.539,-3.079,0.03,0.356,8.435,-6.967,-1.752,-1.242,0.959,-2.004,1.044,-0.563,0.535,0.723,0.166,0,-0.217,0.04,0,0.077,1.987,0,0,0,0,0,0,0,0,0,0,0,0,0,0,0,0,0,0,0,0
Stock Based Compensation,2.23,1.416,0.622,0.352,0.356,0.472,0.279,0.308,0.641,0.499,0.461,0.145,0,2.54,,0.696,0.614,0.621,0.611,0.578,0.397,0.397,0.393,0.461,0.198,0.172,0.173,0.174,0.107,0.091,0.105,0.065,0.102,0.098,0.106,0.067,0.12,0.184,0.129,0.132,0.027,0.027,0.025,0.151,0.046,0.066,0.076,0.089,0.074,0.072,0.124,0.225,0.208,0.137,0.144,0.129,0.092,0.09,0.01,0.117,0.242,0,0,0.113,0,0,0,0,0
Asset Impairment Charge,0,-54.355,0,80.876,0.424,26.255,0,0,0.717,0,0,0,0,0,,0,0,0,0,0,0,0,0,0,0,0,0,0,0,0,0,0,0,0,0,0,0,0,0,26.492,0,0,0,0,0,0,0,0,0,0.014,-0.024,0,0,0,0,0,0,0,0,0,0,0,0,0,0,0,0,0,0
Cash from Discontinued Operating Activities,0,0,0,0,0,0,0,0,0,0,0,0,0,0,,0,0,0,0,0,0,0,0,0,0,0,0,0,0,0,0,0,0,0,0,0,0,0,0,0,0,0,0,0,0,0,0,0,0,0,0,0,0,0,0,0,0,0,0,0,0,0,0,0,0,0,0,0,0
Cash Flow from Others,4.695,2.543,-17.458,-32.839,8.157,0.742,8.696,1.728,0.002,-0.003,-0.051,-0.004,0,6.43,,0.82,0.118,0.811,4.679,0.889,-0.214,-53.427,0.371,1.832,-0.483,-1.028,3.111,-4.445,-15.353,93.054,4.528,-0.956,-48.172,9.937,-1.716,-0.356,0.58,1.772,0.03,-2.98,1.809,3.821,0.147,2.95,1.416,1.539,-0.218,0.571,-0.151,0.016,-0.002,0.722,0.002,0.001,0.001,0.001,0.004,0.009,-0.056,-0.002,0,0.032,-0.004,-0.003,-0.001,-0.006,0,0,0
Cash Flow from Operations,15.692,7.869,-15.709,-21.509,-10.241,-3.93,-5.34,-12.267,-1.284,-1.42,-1.24,-0.193,-0.01,-4.01,,-2.145,-5.868,0.691,3.317,4.109,7.51,3.588,0.709,2.666,1.039,-0.682,-4.771,-6.097,-4.313,-4.566,-0.934,-1.379,-14.331,-5.112,1.727,-3.265,-4.058,0.873,-0.236,-1.725,-2.715,2.911,0.42,-3.284,-4.562,-8.885,-0.835,0.55,-2.975,0.704,-0.314,-0.632,-0.992,-0.361,0.158,-1.035,-0.199,-0.726,-0.275,-0.084,-0.145,-0.132,-0.063,0.005,-0.004,-0.021,0.012,0.009,-0.01
,,,,,,,,,,,,,,,,,,,,,,,,,,,,,,,,,,,,,,,,,,,,,,,,,,,,,,,,,,,,,,,,,,,,,
"Purchase Of Property, Plant, Equipment",-0.355,-2.96,-2.391,-4.136,-5.36,-14.449,-3.681,-33.074,-0.72,-0.068,-2.624,-0.007,0,-0.36,,-0.039,-0.179,0.103,-0.241,-0.176,-0.032,-0.093,-0.236,-1.02,-1.638,-1.247,-0.377,-0.667,-0.103,-0.266,-0.71,-0.904,-2.209,0.106,-4.289,-1.321,-0.317,-4.788,-2.816,-2.94,-4.097,-6.129,-0.294,-2.068,-0.626,-0.493,-11.687,-12.706,-7.828,-0.635,-0.073,-0.003,-0.008,0.299,-0.352,-0.017,-0.017,-2.538,-0.068,-0.015,-0.001,0,0.001,0,0,0,0,0,0
"Sale Of Property, Plant, Equipment",0,0,0,100.062,0,0,0,0,0,0,0,0,0,0,,0,0,0,0,0,0,0,0,0,0,0,0,0,0,0,0,0,0,0,0,0,0,0,0,0,0,0,-0.294,1.167,0,0,0,0,0,0,0,0,0,0,0,0,0,0,0,0,0,0,0,0,0,0,0,0,0
Purchase Of Business,0,0,0,0,0,0,0,-5.323,0,0,0,0,0,0,,0,0,0,0,0,0,0,0,0,0,0,0,0,0,0,0,0,0,0,0,0,0,0,0,0,0,0,0,0,0,0,-0.956,0,0,0,0,0,0,0,0,0,0,0,0,0,0,0,0,0,0,0,0,0,0
Sale Of Business,0,0,0,100.062,0,0,0,0,0,27.775,0,0,0,0,,0,0,0,0,0,0,0,0,0,0,0,0,0,0,0,0,0,98.028,0,0,0,0,0,0,0,0,0,0,0,0,0,0,0,0,0,0,0,0,0,0,0,0,0,0,0,0,0,0,0,0,0,0,0,0
Purchase Of Investment,0,0,0,0,0,0,0,0,0,0,-0.002,0,0,0,,0,0,0,0,0,0,0,0,0,0,0,0,0,0,0,0,0,0,0,0,0,0,0,0,0,0,0,0,0,0,0,0,0,0,0,0,0,0,0,0,0,0,0,0,0,0,0,0,0,0,0,0,0,0
Sale Of Investment,0,6.669,6.067,0,0,0,0,0,0,0.276,0,0,0,0,,0,0,0,0,0,0,0,0,0,6.638,2.765,3.076,0.239,0,0,0,0,0,0,0,0,0,0,0,0,0,0,0,0,0,0,0,0,0,0,0,0,0,0,-0.005,0,0,0,0,0,0,0,0,0,0,0,0,0,0
Net Intangibles Purchase And Sale,0,0,7.729,0,0,0,0,0,0,0,0,0,0,0,,0,0,0,0,0,0,0,0,0,0,0,0,0,7.843,0,0,0,0,0,0,0,0,0,0,0,0,0,0,0,0,0,0,0,0,0,0,0,0,0,0,0,0,0,0,0,0,0,0,0,0,0,0,0,0
Cash From Discontinued Investing Activities,0,0,0,0,0,0,0,0,0,0,0,0,0,0,,0,0,0,0,0,0,0,0,0,0,0,0,0,0,0,0,0,0,0,0,0,0,0,0,0,0,0,0,0,0,0,0,0,0,0,0,0,0,0,0,0,0,0,0,0,0,0,0,0,0,0,0,0,0
Cash From Other Investing Activities,-24.612,-11.482,-3.568,-100.062,-3.922,-3.07,-9.062,-5.016,-10.239,-8.183,-1.251,-0.442,0,-28.73,,-5.807,-8.483,-7.97,-6.466,-5.265,-4.679,-3.96,-2.557,-3.218,-1.969,-1.945,-1.555,-0.07,0,0,0,0,0,-0.404,-2.155,-1.131,-0.526,-0.779,-0.825,-0.563,-0.932,0,-1.809,-1.167,-0.998,-1.346,-1.381,-6.328,-0.332,-2.87,-2.293,-2.718,-2.226,23.602,-1.33,-1.043,-1.504,1.285,-2.136,-0.317,-0.018,0,0,0,0,0,0,0,0
Cash Flow from Investing,-24.967,-7.773,7.836,95.926,-9.282,-17.519,-12.743,-43.412,-10.958,19.799,-3.877,-0.449,0,-29.08,,-5.846,-8.662,-7.867,-6.706,-5.441,-4.711,-4.052,-2.793,-4.238,3.032,-0.428,1.144,-0.497,7.739,-0.266,-0.71,-0.904,95.819,-0.298,-6.444,-2.452,-0.843,-5.567,-3.641,-3.504,-5.03,-6.129,-2.398,-2.068,-1.624,-1.839,-14.024,-19.034,-8.16,-3.505,-2.366,-2.721,-2.234,23.902,-1.687,-1.06,-1.521,-1.253,-2.204,-0.332,-0.019,-0.426,0.001,-0.026,0,0,0,0,0
,,,,,,,,,,,,,,,,,,,,,,,,,,,,,,,,,,,,,,,,,,,,,,,,,,,,,,,,,,,,,,,,,,,,,
Issuance of Stock,27.817,54.946,0,0,0,9.771,21.483,0,4.549,4.612,6.014,0.867,0,69.15,,42.314,0,0,26.84,0,0,32.132,-0.229,24.309,0,0,0,0,0,0,0,0,0,0,0,0,0,0,9.616,0,0,0,-0.037,-0.006,18.715,0,0,0,0,0,0,0,0,0.149,-0.091,0.127,4.629,-0.135,-0.221,0.41,5.988,0.377,-0.017,0.501,0,0,0,0,0
Repurchase of Stock,0,0,0,0,0,0,0,0,0,0,0,0,-0.028,0,,0,0,0,0,0,0,0,-0.232,0,0,0,0,0,0,0,0,0,0,0,0,0,0,0,0,0,0,0,0,-0.006,0,0,0,0,0,0,0,0,0,0,0,0,0,0,0,0,0,0,0,0,0,0,0,0,0
Net Issuance of Preferred Stock,0,0,0,0,0,0,0,0,0,0,0,0,0,0,,0,0,0,0,0,0,0,0,0,0,0,0,0,0,0,0,0,0,0,0,0,0,0,0,0,0,0,0,0,0,0,0,0,0,0,0,0,0,0,0,0,0,0,0,0,0,0,0,0,0,0,0,0,0
  Issuance of Debt,0,0,0,0,22.716,17.696,72.472,32.694,27.413,0,0,0,0,0,,0,0,0,0,0,0,0,0,24.309,0,0,0,0,0,0,0,0,0,9.209,5.318,6.694,2.668,4.588,2.579,5.29,5.485,36.236,0,0,0,0,-0.188,16.73,0,13.706,0,0,0,0,0,0,0,0,0,0,0,0,0,0,0,0,0,0,0
  Payments of Debt,-2.547,-3.479,0,-70.384,0,-7.865,-77.789,-16.3,-13.706,0,0,0,0,-1.68,,-0.623,-0.119,-0.411,-0.525,-1.023,-0.553,-0.573,-0.573,-25.97,-0.769,0,0,0,0,0,0,0,-68.953,0,0,0,0,0,-7.736,0,0,-31.168,-3.263,-3.293,-3.009,0,0,0,0,0,0,0,0,0,0,0,0,0,0,0,0,0,0,0,0,0,0,0,0
Net Issuance of Debt,-2.547,-3.479,0,-70.384,22.716,9.831,-5.317,16.394,13.706,0,0,0,0,-1.68,,-0.623,-0.119,-0.411,-0.525,-1.023,-0.553,-0.573,-0.573,-1.661,-0.769,0,0,0,0,0,0,0,-68.953,9.209,5.318,6.694,2.668,4.588,-5.158,5.29,5.485,5.068,-3.263,-3.293,-3.009,0,-0.188,16.73,0,13.706,0,0,0,0,0,0,0,0,0,0,0,0,0,0,0,0,0,0,0
Cash Flow for Dividends,0,0,0,0,0,0,0,0,0,0,0,0,0,0,,0,0,0,0,0,0,0,0,0,0,0,0,0,0,0,0,0,0,0,0,0,0,0,0,0,0,0,0,0,0,0,0,0,0,0,0,0,0,0,0,0,0,0,0,0,0,0,0,0,0,0,0,0,0
Other Financing,0.645,15.91,0,0.682,0,1.106,1.556,9.526,0.39,0,0,0,0.445,0.26,,0.135,0.129,-0.011,0.004,0.065,0.579,15.848,0.293,0,0,0,0,0,0,0,0,0,0,0,0,0,0,0.308,0.721,0.061,0,0.049,0.037,0.468,0.888,0,9.053,0,0,-13.706,0,0,0,0,0,0,0,-0.249,0.242,0,0,0.111,0.003,-0.101,0,0,0,0,0
Cash Flow from Financing,25.915,67.376,0,-69.702,22.716,20.708,17.722,25.92,18.646,4.612,6.014,0.867,0.416,67.73,,41.826,0.01,-0.422,26.318,-0.958,0.026,47.407,-0.741,22.647,-0.769,0,0,0,0,0,0.686,0,-68.953,9.209,5.318,6.694,2.668,4.896,5.18,5.351,5.485,5.117,-3.263,-2.838,16.595,0.322,8.864,16.73,0,0,0,0,0,0.149,-0.091,0.127,4.629,-0.384,0.021,0.41,5.988,0.488,-0.013,0.4,-0.012,0,0,0,0
,,,,,,,,,,,,,,,,,,,,,,,,,,,,,,,,,,,,,,,,,,,,,,,,,,,,,,,,,,,,,,,,,,,,,
Beginning Cash Position,66.682,3.186,10.958,6.003,2.553,3.567,4.526,33.252,24.791,1.588,0.646,0.445,0.043,70.28,,70.601,85.551,93.074,66.886,70.885,67.409,23.19,25.948,6.987,3.171,4.328,7.967,14.548,11.12,15.538,16.643,18.667,5.881,1.807,1.372,0.501,2.789,2.576,1.286,1.35,3.731,1.823,6.937,15.496,3.935,13.349,18.698,21.545,32.129,33.994,17.503,21.557,24.602,0.889,2.5,4.415,1.6,3.906,6.309,6.312,0.672,0.74,0.808,0.432,0.447,0.47,0.03,0.021,0.043
  Effect of Exchange Rate Changes,1.3672009,-1.034586,0.1032798,0.0677768,-0.0908646,-0.085202,-0.5558454,0.264264,0,0,0,0,0,0.49,,0.977352,0.34944,-0.785602,-0.053768,0.201104,2.0058894,-0.508032,0.6315232,-1.33318,0.118521,-0.0304543,0.0039867,0.0628437,0.0725544,0.0808108,-0.0380625,0.0142263,0.0140459,0.049116,0,-0.0950477,-0.0573577,-0.0367024,-0.0541548,-0.1547442,-0.0713076,-0.1114344,0.002473,-0.227124,-0.1810524,0.8104096,0.425619,-0.6153278,-0.3564065,0,0,0,0,0,0,0,0,0,0,0,0,0,0,0,0,0,0,0,0
Net Change in Cash,18.007,66.438,-7.77,4.783,3.103,-0.826,-0.917,-29.495,6.403,22.991,0.897,0.224,0.407,35.13,,34.812,-14.17,-8.384,22.875,-2.089,4.83,46.435,-2.194,19.742,3.42,-1.14,-3.623,-6.532,3.499,-4.751,-0.996,-2.268,12.549,3.848,0.601,0.881,-2.29,0.165,1.248,-0.032,-2.331,1.787,-5.238,-8.417,10.228,-9.592,-5.569,-2.369,-11.491,-2.801,-2.68,-3.353,-3.226,23.69,-1.62,-1.968,2.91,-2.363,-2.458,-0.006,5.824,-0.07,-0.076,0.379,-0.016,-0.021,0.012,0.009,-0.01
Ending Cash Position,84.689,69.624,3.188,10.787,5.656,2.741,3.61,3.757,31.194,24.579,1.543,0.669,0.45,105.413,,105.413,71.382,84.689,89.761,68.796,72.239,69.624,23.754,26.729,6.591,3.188,4.344,8.016,14.618,10.787,15.646,16.399,18.431,5.656,1.973,1.382,0.499,2.741,2.534,1.319,1.4,3.61,1.699,7.079,14.162,3.757,13.129,19.176,20.638,31.194,14.823,18.205,21.377,24.579,0.88,2.448,4.51,1.543,3.851,6.306,6.496,0.669,0.733,0.811,0.431,0.45,0.043,0.03,0.033
,,,,,,,,,,,,,,,,,,,,,,,,,,,,,,,,,,,,,,,,,,,,,,,,,,,,,,,,,,,,,,,,,,,,,
Capital Expenditure,-0.355,-2.96,-2.391,-4.136,-5.36,-14.449,-3.681,-33.074,-0.72,-0.068,-2.624,-0.007,0,-0.36,,-0.039,-0.179,0.103,-0.241,-0.176,-0.032,-0.093,-0.236,-1.02,-1.638,-1.247,-0.377,-0.667,-0.103,-0.266,-0.71,-0.904,-2.209,0.106,-4.289,-1.321,-0.317,-4.788,-2.816,-2.94,-4.097,-6.129,-0.294,-2.068,-0.626,-0.493,-11.687,-12.706,-7.828,-0.635,-0.073,-0.003,-0.008,0.299,-0.352,-0.017,-0.017,-0.306,-2.203,-0.035,-0.019,0,0.001,0,0,0,0,0,0
Free Cash Flow,15.337,4.91,-18.1,-25.644,-15.6,-18.379,-9.021,-45.341,-2.004,-1.488,-3.864,-0.2,-0.01,-4.36,,-2.184,-6.047,0.793,3.076,3.933,7.478,3.495,0.473,1.646,-0.599,-1.929,-5.148,-6.764,-4.416,-4.832,-1.645,-2.283,-16.54,-5.006,-2.562,-4.586,-4.375,-3.915,-3.052,-4.665,-6.813,-3.218,0.126,-5.353,-5.188,-9.378,-12.522,-12.157,-10.803,0.069,-0.387,-0.635,-1,-0.062,-0.193,-1.051,-0.216,-1.032,-2.479,-0.119,-0.164,-0.132,-0.062,0.005,-0.004,-0.021,0.012,0.009,-0.01
,,,,,,,,,,,,,,,,,,,,,,,,,,,,,,,,,,,,,,,,,,,,,,,,,,,,,,,,,,,,,,,,,,,,,
Valuation Ratios,,,,,,,,,,,,,,,,,,,,,,,,,,,,,,,,,,,,,,,,,,,,,,,,,,,,,,,,,,,,,,,,,,,,,
PE Ratio,86.56,5.82,10,0,45,0,0,0,0,0,0,0,9999,0,,0,336.67,86.56,10.03,7.7,8.38,5.82,0,0,206.67,10,0,0,0,0,2.06,1.74,1.91,45,0,0,0,0,0,0,0,0,0,0,0,0,0,0,0,0,0,0,0,0,0,0,0,0,0,0,0,0,0,0,9999,9999,9999,9999,9999
PE Ratio without NRI,86.56,5.82,10,0,45,0,0,0,0,0,0,0,9999,0,,0,336.67,86.56,10.03,7.7,8.38,5.82,0,0,206.67,10,0,0,0,0,0,9999,0,45,0,0,0,0,0,0,0,0,0,0,0,0,0,0,0,0,0,0,0,0,0,0,0,0,0,0,0,0,0,0,9999,9999,9999,9999,9999
Price-to-Owner-Earnings,173.13,6.99,0,0,0,0,0,0,0,0,0,0,0,0,,0,0,173.13,14.33,10.4,10.69,6.99,0,0,0,0,0,0,0,0,0,10,16.67,0,0,0,0,0,0,0,0,0,0,0,0,0,0,0,0,0,0,0,0,0,0,0,0,0,0,0,0,0,0,0,0,0,0,0,0
PB Ratio,2.94,1.79,1.2,0.74,0.86,1.4,1.47,2.42,1.44,2.03,4.75,3.67,0,2.38,,2.82,3.18,2.94,3.38,2.72,2.7,1.79,1.84,0.97,1.19,1.2,0.76,0.65,0.48,0.74,0.43,0.41,0.46,0.86,0.86,0.96,0.78,1.4,1.83,1.57,1.35,1.47,1.82,1.81,1.86,2.42,2,2.08,1.48,1.44,1.46,1.7,1.85,2.03,4.1,4.08,3.93,4.75,2.81,5.56,2.08,3.67,5.49,4.88,0,0,0,0,0
Price-to-Tangible-Book,2.94,1.79,1.2,0.74,0.86,1.4,1.47,2.42,1.44,2.03,4.75,3.67,0,2.38,,2.82,3.18,2.94,3.38,2.72,2.7,1.79,1.84,0.97,1.19,1.2,0.76,0.65,0.48,0.74,0.43,0.41,0.46,0.86,0.86,0.96,0.78,1.4,1.83,1.57,1.35,1.47,1.82,1.81,1.86,2.42,2,2.08,1.48,1.44,1.46,1.7,1.85,2.03,4.1,4.08,3.93,4.75,2.81,5.56,2.08,3.67,5.49,4.88,0,0,0,0,0
Price-to-Free-Cash-Flow,51.3,66.52,0,0,0,0,0,0,0,0,0,0,0,0,,0,432.86,51.3,46.67,41.23,45.69,66.52,0,0,0,0,0,0,0,0,0,0,0,0,0,0,0,0,0,0,0,0,0,0,0,0,0,0,0,0,0,0,0,0,0,0,0,0,0,0,0,0,0,0,0,0,0,0,0
Price-to-Operating-Cash-Flow,49.46,42.5,0,0,0,0,0,0,0,0,0,0,0,0,,0,336.67,49.46,44.64,39.17,40.17,42.5,58.82,0,0,0,0,0,0,0,0,0,0,0,0,0,0,0,0,0,0,0,0,0,0,0,0,0,0,0,0,0,0,0,0,0,0,0,0,0,0,0,0,0,0,0,0,0,0
PS Ratio,11.59,6.35,3.07,2.08,4.43,7.29,12.02,0,0,0,0,0,0,12.67,,15.03,14.36,11.59,11.62,9.48,9.47,6.35,4.22,2.26,2.63,3.07,2.44,2.2,1.72,2.08,2.56,2.63,3.13,4.43,5.22,5.4,4.03,7.29,7.99,6.54,9.59,12.02,27.27,0,0,0,0,0,0,0,0,0,0,0,0,0,0,0,0,0,0,0,0,0,0,0,0,0,0
PEG Ratio,0,0,0,0,0,0,0,0,0,0,0,0,0,0,,0,0,0,0,0,0,0,0,0,0,0,0,0,0,0,0,0,0,0,0,0,0,0,0,0,0,0,0,0,0,0,0,0,0,0,0,0,0,0,0,0,0,0,0,0,0,0,0,0,0,0,0,0,0
EV-to-Revenue,10.15,6.44,2.96,1.68,7.31,9.58,14.18,0,0,0,0,0,0,11.01,,13.45,12.84,10.15,10.75,8.74,9.3,6.44,4.2,2.09,2.62,2.96,2,1.42,0.8,1.68,2.01,2,2.37,7.31,8.23,8.08,6.37,9.58,9.87,8.14,11.46,14.18,29.09,5480.72,0,0,0,0,0,0,0,0,0,0,0,0,0,0,0,0,0,0,0,0,0,0,0,0,0
EV-to-EBITDA,39.19,5.39,5.01,-0.49,-42.68,-10.05,-123.17,-59.44,-39.11,-70.46,-60.31,-10.12,0,61.69,,75.36,61.02,39.19,10.29,7.59,8.18,5.39,35.99,45.69,12.71,5.01,-0.74,-0.52,-0.25,-0.49,-5.18,-11,-15.19,-42.68,35.33,34.58,-7.54,-10.05,-13.64,-12.83,-1134.39,-123.17,-60.12,-28,-38.82,-59.44,-87.82,-73.74,-45.41,-39.11,-38.46,-48.14,-55.61,-70.46,-41.43,-47.01,-61.68,-60.31,-48.38,-47.66,-13.05,-10.12,-21.22,-23.18,0,0,0,0,0
EV-to-EBIT,61.62,5.84,7.79,-0.46,-17.85,-8.09,-46.65,-58.79,-38.73,-70.23,-60.12,-10.12,0,166.44,,203.33,121.98,61.62,11.11,8.13,8.81,5.84,-345.64,-19.39,103.99,7.79,-0.68,-0.48,-0.24,-0.46,-3.19,-4.64,-5.98,-17.85,-1607.88,1203.75,-5.92,-8.09,-10.16,-9.6,-53.78,-46.65,-47.7,-27.88,-38.53,-58.79,-86.26,-72.4,-44.76,-38.73,-38.19,-48.04,-55.49,-70.23,-41.21,-46.71,-61.16,-60.12,-48.23,-47.59,-13.03,-10.12,-21.22,-23.18,0,0,0,0,0
Earnings Yield (Joel Greenblatt) %,1.62,17.12,12.84,-217.39,-5.6,-12.36,-2.14,-1.7,-2.58,-1.42,-1.66,-9.88,0,0.6,,0.49,0.82,1.62,9,12.3,11.35,17.12,-0.29,-5.16,0.96,12.84,-147.06,-208.33,-416.67,-217.39,-31.35,-21.55,-16.72,-5.6,-0.06,0.08,-16.89,-12.36,-9.84,-10.42,-1.86,-2.14,-2.1,-3.59,-2.6,-1.7,-1.16,-1.38,-2.23,-2.58,-2.62,-2.08,-1.8,-1.42,-2.43,-2.14,-1.64,-1.66,-2.07,-2.1,-7.67,-9.88,-4.71,-4.31,0,0,0,0,0
Forward Rate of Return (Yacktman) %,0,0,0,0,0,0,0,0,-6.48,0,0,0,0,0,,0,0,0,0,0,0,0,0,0,0,0,0,0,0,0,0,0,0,0,0,0,0,0,0,0,0,0,0,0,0,0,-7.74,0,0,-6.48,0,0,0,0,0,0,0,0,0,0,0,0,0,0,0,0,0,0,0
Shiller PE Ratio,0,0,0,0,0,0,0,0,0,0,0,0,0,0,,0,0,0,0,0,0,0,0,0,0,0,0,0,0,0,0,0,0,0,0,0,0,0,0,0,0,0,0,0,0,0,0,0,0,0,0,0,0,0,0,0,0,0,0,0,0,0,0,0,0,0,0,0,0
Dividend Yield %,0,0,0,0,0,0,0,0,0,0,0,0,0,0,,0,0,0,0,0,0,0,0,0,0,0,0,0,0,0,0,0,0,0,0,0,0,0,0,0,0,0,0,0,0,0,0,0,0,0,0,0,0,0,0,0,0,0,0,0,0,0,0,0,0,0,0,0,0
,,,,,,,,,,,,,,,,,,,,,,,,,,,,,,,,,,,,,,,,,,,,,,,,,,,,,,,,,,,,,,,,,,,,,
Valuation and Quality,,,,,,,,,,,,,,,,,,,,,,,,,,,,,,,,,,,,,,,,,,,,,,,,,,,,,,,,,,,,,,,,,,,,,
Market Cap,769.637,404.175,115.211,56.686,92.543,161.094,202.778,260.183,139.631,192.432,78.913,4.229,0,729.287,,864.868,843.252,769.637,854.692,624.49,618.005,404.175,222.426,119.938,115.362,115.211,67.042,60.122,42.944,56.686,72.146,68.551,77.119,92.543,102.826,116.536,92.543,161.094,210.444,172.04,188.178,202.778,243.108,244.729,234.57,260.183,225.593,212.316,139.631,139.631,133.42,161.643,174.472,192.432,85.482,85.482,84.134,78.913,50.145,39.631,14.73,4.229,4.05,4.05,0,0,0,0,
Enterprise Value ($M),684.948,336.787,105.737,45.899,152.96,204.332,235.46,289.725,122.122,167.854,77.091,3.26,0,622.831,,760.835,771.871,684.948,764.931,555.693,547.958,336.787,200.925,95.491,112.728,105.737,55.097,38.763,19.95,45.899,56.5,52.152,58.689,152.96,162.349,171.601,141.593,204.332,248.536,217.605,229.884,235.46,269.769,269.707,252.523,289.725,244.91,227.122,133.202,122.122,118.597,143.439,153.095,167.854,84.602,83.034,79.613,77.091,46.005,33.037,7.944,3.26,3.317,3.239,0,0,0,0,0
Month End Stock Price,2.77,1.53,0.62,0.33,0.54,0.94,1.25,1.76,1.05,1.5,1.41,0.25,0,2.47,,2.93,3.03,2.77,3.08,2.35,2.33,1.53,1,0.54,0.62,0.62,0.39,0.35,0.25,0.33,0.42,0.4,0.45,0.54,0.6,0.68,0.54,0.94,1.23,1.06,1.16,1.25,1.5,1.51,1.45,1.76,1.54,1.53,1.05,1.05,1.04,1.26,1.36,1.5,1.4,1.4,1.38,1.41,0.9,0.95,0.36,0.25,0.27,0.27,0,0,0,0,0
Net Cash per Share,0.22,0.2,-0.03,0.02,-0.49,-0.39,-0.28,-0.25,0.12,0.18,0.03,0.05,0.03,0.26,,0.26,0.16,0.22,0.25,0.19,0.21,0.2,0.04,0.04,-0.07,-0.03,0.01,0.08,0.09,0.02,0.04,0.04,0.05,-0.49,-0.5,-0.46,-0.41,-0.39,-0.34,-0.38,-0.35,-0.28,-0.22,-0.2,-0.16,-0.25,-0.2,-0.16,0.02,0.12,0.11,0.14,0.16,0.18,0.01,0.04,0.07,0.03,0.07,0.16,0.17,0.05,0.05,0.05,0,0.03,,,
Net Current Asset Value,0.32,0.31,0.07,0.1,-0.1,-0.14,-0.16,-0.18,0.12,0.19,0.04,0.05,0.03,0.36,,0.36,0.27,0.32,0.35,0.29,0.31,0.31,0.14,0.15,0.06,0.07,0.16,0.21,0.19,0.1,0.29,0.33,0.31,-0.1,-0.29,-0.24,-0.23,-0.14,-0.12,-0.19,-0.2,-0.16,-0.08,-0.1,-0.08,-0.18,-0.15,-0.13,0.03,0.12,0.12,0.14,0.17,0.19,0.01,0.05,0.08,0.04,0.08,0.16,0.17,0.05,0.05,0.05,0.03,0.03,,,
Net-Net Working Capital,0.25,0.24,0.01,0.04,-0.39,-0.27,-0.23,-0.24,0.12,0.18,0.03,0.05,0.03,0.3,,0.3,0.21,0.25,0.28,0.23,0.24,0.24,0.07,0.08,-0.02,0.01,0.08,0.13,0.13,0.04,0.13,0.16,0.16,-0.39,-0.4,-0.35,-0.33,-0.27,-0.23,-0.29,-0.28,-0.23,-0.18,-0.17,-0.14,-0.24,-0.2,-0.16,0.02,0.12,0.11,0.14,0.16,0.18,0.01,0.04,0.07,0.03,0.07,0.16,0.17,0.05,0.05,0.05,0,0.03,0,0,0
Intrinsic Value: Projected FCF,0.27,0.14,-0.69,-0.71,-0.37,-0.21,0.06,-0.23,0,0,0,0,0,0.45,,0.45,0.27,0.27,0.27,0.28,0.22,0.14,-0.32,-0.44,-0.69,-0.69,-0.78,-0.73,-0.69,-0.71,-0.25,-0.24,-0.23,-0.37,-0.29,-0.26,-0.24,-0.21,-0.19,-0.19,0.01,0.06,0.07,0.08,0.09,-0.23,0,0,0,0,0,0,0,0,0,0,0,0,0,0,0,0,0,0,0,0,0,0,0
Median PS Value,0,0,0,0,0,0,0,0,0,0,0,0,0,0,,0,0,0,0,0,0,0,0,0,0,0,0,0,0,0,0,0,0,0,0,0,0,0,0,0,0,0,0,0,0,0,0,0,0,0,0,0,0,0,0,0,0,0,0,0,0,0,0,0,0,0,0,0,0
Peter Lynch Fair Value,0,0,0,0,0,0,0,0,0,0,0,0,0,0,,0,0,0,0,0,0,0,0,0,0,0,0,0,0,0,0,0,0,0,0,0,0,0,0,0,0,0,0,0,0,0,0,0,0,0,0,0,0,0,0,0,0,0,0,0,0,0,0,0,0,0,0,0,0
Graham Number,0.82,2.25,0.85,0,0.42,0,0,0,0,0,0,0,0,0,,0,0.46,0.82,2.51,2.43,2.32,2.25,0,0,0.18,0.85,0,0,0,0,0,0.11,0.04,0.28,0,0,0,0,0,0,0,0,0,0,0,0,0,0,0,0,0,0,0,0,0,0,0,0,0,0,0,0,0,0,0,0,0,0,0
Earnings Power Value (EPV),-0.35,-0.46,-2.2,-2.41,-2.14,-1.6,-1.09,-0.88,0.04,0,0,0,0,-0.15,,-0.15,-0.32,-0.35,-0.34,-0.37,-0.37,-0.46,-0.71,-0.74,-2.45,-2.2,-2.19,-2.13,-2.11,-2.41,-2.01,-1.84,-1.83,-2.14,-1.99,-1.83,-1.73,-1.6,-1.54,-1.48,-1.28,-1.09,-0.83,-0.7,-0.75,-0.88,-0.89,-0.66,-0.24,0.04,0,0,0,0,0,0,0,0,0,0,0,0,0,0,0,0,0,0,0
Altman Z-Score,19.73,16.11,4.01,-0.54,0.15,0.53,2.39,3.51,5.41,135.82,189.7,26.23,0,15.61,,18.42,20.23,19.73,25.27,22.83,22.47,16.11,8.13,3.64,2.99,4.01,0.67,0.95,-0.11,-0.54,4.52,4.58,5.09,0.15,0.16,0.72,0.18,0.53,1.53,1.09,1.87,2.39,3.58,3.35,3.35,3.51,3.04,3.18,4.5,5.41,267.6,268.98,356.21,135.82,105.05,217.58,198.95,189.7,380.58,209.09,266.65,26.23,46.9,396.31,1.03,0,0,0,0
Piotroski F-Score,5,6,5,4,4,3,5,0,2,4,1,9999,9999,1,,1,4,5,7,7,7,6,5,4,4,5,3,3,3,4,5,6,6,4,2,2,1,3,4,3,5,5,4,3,1,0,2,2,2,2,3,4,4,4,3,2,3,1,9999,9999,9999,9999,9999,9999,9999,9999,9999,9999,9999
Beneish M-Score,-2.72,-2.02,-64.33,-0.9,-2.58,-1.59,0,0,0,0,0,0,0,-2.2,,-2.2,-2.38,-2.72,-2.3,-2.3,-2.49,-2.02,-7.04,-9.05,-9.75,-64.33,-3.59,-3.58,-3.99,-0.9,-1,-1.94,-1.54,-2.58,-1.93,-1.15,-1.02,-1.59,-9999999.999,0,0,0,0,0,0,0,0,0,0,0,0,0,0,0,0,0,0,0,0,0,0,0,0,0,0,0,0,0,0
Scaled Net Operating Assets,0.729,1.414,1.033,0.336,0.913,0.851,1.149,1.213,0.834,4.156,11.825,0.385,0.038,0.697,,0.697,0.679,0.645,0.659,0.654,0.655,1.16,0.708,0.852,0.842,0.887,0.756,0.741,0.788,0.374,0.85,0.863,0.755,0.808,0.888,0.933,0.907,0.907,0.89,0.785,0.973,0.996,0.915,0.968,0.973,0.883,0.923,1.035,0.781,0.866,0.806,0.812,0.763,3.28,0.942,0.856,1.001,0.825,1.89,0.076,0.23,0.233,0.007,0.041,0.957,0,0,0,0
Sloan Ratio %,6.39,23.53,16.59,-156.12,9.56,-2.97,5.37,32.63,7.61,-21.76,22.76,25.62,0,9.33,,9.33,10.09,6.33,25.83,27.89,25.59,23.52,-0.28,-2.23,6.82,16.77,-69.12,-69.35,-80.73,-155.06,-24.02,-19.68,-17.42,10.23,9.46,9.7,-2.29,-3.04,-5.12,-4.96,4.93,4.86,10.05,15.48,26.35,32.38,27.2,20.79,12.5,7.41,-19.57,-20.02,-20.58,-21.65,24.68,30.62,24.45,22.8,14.87,6.99,2.74,,,,,,,,
Current Ratio,8.25,9.13,2.59,4.9,0.85,0.71,2.89,0.76,10.96,29.61,9.17,10.35,46.22,9.14,,9.14,7.66,8.25,9.2,7.45,8.41,9.13,4.48,4.19,2.46,2.59,5.16,6.98,7.95,4.9,8.94,10.84,9.98,0.85,0.45,2.05,1.97,0.71,2.78,2.91,2.8,2.89,0.73,1.17,1.45,0.76,1.09,1.83,4.86,10.96,51.09,52,74.55,29.61,2.8,14.16,20.29,9.17,55.8,58.97,205.73,10.35,14.76,132.17,32,46.22,0,0,0
Quick Ratio,7.39,7.99,1.56,3.25,0.5,0.11,0.98,0.67,10.96,29.61,9.17,10.35,46.22,8.18,,8.18,6.56,7.39,8.29,6.58,7.43,7.99,3.27,3.1,1.57,1.56,2.56,4.52,5.92,3.25,3.84,4.37,4.42,0.5,0.08,0.54,0.43,0.11,0.72,0.74,0.64,0.98,0.38,0.77,1.19,0.67,1.07,1.83,4.86,10.96,51.09,52,74.55,29.61,2.8,14.16,20.29,9.17,55.8,58.97,205.73,10.35,14.76,132.17,32,46.22,0,0,0
Cash Ratio,6.24,6.52,0.86,2.17,0.07,0.04,0.47,0.21,10.81,28.88,7.3,9.98,46.22,7.07,,7.07,5.38,6.24,7.04,5.41,6.13,6.52,2.26,2.22,0.52,0.86,1.63,3.37,4.7,2.17,2.38,2.68,2.93,0.07,0.02,0.07,0.03,0.04,0.18,0.12,0.15,0.47,0.05,0.35,0.76,0.21,0.72,1.54,4.55,10.81,49.56,50.49,72.72,28.88,1.81,10.39,17.81,7.3,52.33,57.71,203.97,9.98,14.12,132.17,0,46.22,0,0,0
Interest Coverage,20.47,9.55,0,0,0,0.55,1.01,9999,9999,10000,10000,10000,10000,5.05,,10.12,4.42,0,10.22,43.15,46.74,37.71,2.76,0,1.48,0.03,0,0,0,0,0,0,0,0,0,1.51,0,0,3.14,1.47,0,1.06,4.24,0,9999,9999,9999,9999,0,9999,10000,10000,10000,10000,10000,10000,10000,10000,10000,10000,10000,10000,10000,10000,10000,10000,10000,10000,10000
Highest Stock Price,3.42,1.81,0.78,0.52,0.99,1.62,1.78,1.78,1.6,1.63,1.89,0.38,0,3.79,,3.48,3.74,3.2,3.42,2.8,2.33,1.81,1.02,0.85,0.67,0.78,0.44,0.35,0.33,0.44,0.51,0.45,0.52,0.62,0.71,0.99,0.9,1.33,1.62,1.18,1.26,1.53,1.67,1.6,1.78,1.78,1.69,1.67,1.13,1.16,1.25,1.36,1.6,1.63,1.4,1.62,1.58,1.89,0.91,1.06,0.36,0.38,0.27,0.27,0,0,0,0,0
Lowest Stock Price,1.43,0.39,0.19,0.31,0.42,0.92,1.21,0.89,0.96,1.18,0.2,0,0,2.03,,2.52,2.81,2.68,2.32,2.07,1.43,1,0.5,0.39,0.56,0.38,0.28,0.25,0.19,0.31,0.39,0.32,0.38,0.48,0.58,0.54,0.42,0.92,1.05,0.99,1,1.21,1.48,1.45,1.41,1.4,1.43,1.05,0.89,0.96,0.96,1.2,1.25,1.4,1.4,1.29,1.18,0.88,0.75,0.32,0.2,0.23,0.27,0,0,0,0,0,0
Shares Buyback Ratio %,-5.18,-42.16,-8.18,-0.23,0,-5.64,-9.73,-11.17,-3.66,-129.22,-230.84,-12.78,,-11.07720498,,-6.06,-0.16,-0.13,-4.42,-0.19,-0.41,-18.77,-0.14,-19.37,-0.13,-8.1,-0.07,0,0,0,-0.23,0,0,0,0,0,0,-0.17,-5.42,-0.05,0,-0.09,0,-0.19,-9.43,-0.92,-5.56,-4.35,0,-3.66,0,0,0,-110.11,0,-0.15,-8.93,-0.45,-33.56,-1.96,-141.87,-12.78,0,0,0,-50,0,-9.22337E+16,
Buyback Yield %,-3.61,-13.59,0,0,0,-6.07,-10.59,0,-3.26,-2.4,-7.62,-20.49,0,-9.48,,-19.57,0,0,-12.56,0,0,-31.8,0.83,-81.07,0,0,0,0,0,0,0,0,0,0,0,0,0,0,-18.28,0,0,0,0.06,0.02,-31.91,0,0,0,0,0,0,0,0,-0.31,0.43,-0.6,-22.01,0.69,1.76,-4.14,-162.61,-35.66,1.64,-49.5,0,0,0,0,0
YoY Rev. per Sh. Growth,-0.68,19.29,26.87,30.41,-5.45,24.1,0,0,0,0,0,0,0,-20,,-25.91,-40.58,-36.48,38.01,3.29,2.4,11.11,-5.14,6.55,113.77,156.87,1.98,33.68,-30.91,-17.19,33.36,22.07,51.95,87.49,-22.82,-19.35,12.73,-58.67,-15.05,0,0,0,0,0,0,0,0,0,0,0,0,0,0,0,0,0,0,0,0,0,0,0,0,0,0,0,0,0,0
YoY EPS Growth,-87.97,323.05,118.36,-2859.87,107.21,-221.13,3.62,-83.05,-0.87,22.84,-60.83,-493.66,0,-103.33,,-140.29,-113.32,-100.93,0,190.04,386.33,5045.72,100.05,-174.58,-93.74,100.99,3.81,0,-72.52,0,0,-106.49,4360.48,100,-100,103.6,137.58,50.6,-86.82,-424.09,-18.91,-20.48,562.99,-127.21,45.8,-111.39,72.75,-10.32,-113.86,-73.09,3.02,-1.07,0.75,66.46,-0.24,0.87,50.27,-305.15,0,-0.14,0,-244.64,0,0,0,0,0,0,0
YoY EBITDA Growth (%),-78.46,141.19,122.01,-2494.67,83.02,-928.18,65.87,-44.25,26.39,-12.34,-23.73,-1274.25,0,-90,,-54.87,-71.51,-95.14,60.27,362.16,102.22,1239.61,133.9,-121.6,-85.67,103.49,20.53,178.05,8076.79,-849.66,-195.38,-31.35,-130.11,-388.15,-14.04,112.67,152.86,-719.97,-25.1,-399.35,59.49,110.83,1200.9,-229.61,-270.01,-187.88,49.13,-10.33,22.37,0.72,43.41,36.7,25.84,6.18,-76.82,-122.25,49.35,9.29,-360.27,53.85,-821.1,-443.34,0,0,0,0,0,0,0
5-Year EBITDA Growth Rate (Per Share),0,0,0,0,0,-9.36,0.83,-36.11,0,0,0,0,0,0,,0,0,0,0,0,0,0,0,0,0,0,0,0,0,0,0,0,0,0,0,0,-17.44,-9.36,-0.48,7.09,15.17,0.83,-7.8,-11.53,-19.54,-36.11,0,0,0,0,0,0,0,0,0,0,0,0,0,0,0,0,0,0,0,0,0,0,0
Shares Outstanding (Basic Average),270.102,209.603,173.567,171.518,171.376,165.086,159.591,138.89,128.327,72.066,43.438,13.552,2.087,282.589,,282.589,277.927,277.717,272.733,265.517,264.451,230.49,222.189,200.435,185.903,178.921,171.793,171.776,171.776,170.725,171.539,171.376,171.376,171.376,171.376,171.376,171.376,171.346,164.521,162.264,162.222,162.159,162.072,161.995,152.247,147.71,139.916,134.998,132.982,128.443,128.288,128.288,128.288,128.288,61.058,60.987,57.256,55.793,53.871,41.37,22.656,16.406,15,11.401,5,5,10,10,0
Shares Outstanding (EOP),277.847,264.167,185.823,171.776,171.376,171.376,162.222,147.831,132.982,128.288,55.967,16.917,15,295.26,,295.177,278.301,277.847,277.497,265.74,265.238,264.167,222.426,222.107,186.067,185.823,171.901,171.776,171.776,171.776,171.776,171.376,171.376,171.376,171.376,171.376,171.376,171.376,171.093,162.302,162.222,162.222,162.072,162.072,161.773,147.831,146.489,138.769,132.982,132.982,128.288,128.288,128.288,128.288,61.058,61.058,60.967,55.967,55.717,41.717,40.917,16.917,15,15,15,15,10,10,
Beta,1.22,1.43,-0.17,0.85,0.82,0.75,0.62,0.33,1.75,1.21,0,0,0,1.58,,1.33,1.14,1.22,1.21,1.19,1.41,1.43,1.1,0.67,0.13,-0.17,-0.07,0.73,0.73,0.85,0.79,0.42,0.52,0.82,0.21,0.44,0.64,0.75,0.83,0.61,0.56,0.62,0.47,0.37,0.83,0.33,0.39,0.28,1.21,1.75,1.39,1.24,1.22,1.21,1.35,1.35,0,0,0,0,0,0,0,0,0,0,0,0,0
Restated Filing Date,12/16/21,12/16/21,12/17/20,12/13/19,12/21/18,12/22/17,12/16/16,12/18/15,12/22/14,12/31/13,01/28/13,01/28/13,12/20/10,05/11/22,,05/11/22,02/09/22,12/16/21,08/12/21,05/11/22,02/09/22,12/16/21,08/12/21,05/12/21,02/11/21,12/17/20,08/13/20,05/07/20,02/03/20,12/13/19,08/08/19,05/08/19,02/08/19,12/21/18,08/14/18,05/10/18,02/14/18,12/22/17,08/14/17,05/11/17,02/13/17,12/16/16,08/10/16,05/13/16,02/12/16,12/18/15,08/14/15,05/13/15,02/12/15,12/22/14,08/13/14,05/14/14,02/13/14,12/31/13,08/13/13,05/14/13,02/27/13,01/28/13,08/10/12,05/30/12,03/29/12,01/28/13,08/19/11,05/26/11,02/02/11,12/20/10,09/29/10,03/31/10,
Filing Date,12/16/21,12/17/20,12/13/19,12/21/18,12/22/17,12/16/16,12/18/15,12/22/14,12/31/13,01/28/13,01/30/12,12/20/10,12/20/10,05/11/22,,05/11/22,02/09/22,12/16/21,08/12/21,05/11/22,02/11/21,12/17/20,08/13/20,05/07/20,02/03/20,12/13/19,08/08/19,05/08/19,02/08/19,12/21/18,08/14/18,05/10/18,02/14/18,12/22/17,08/14/17,05/11/17,02/13/17,12/16/16,08/10/16,05/13/16,02/12/16,12/18/15,08/14/15,05/13/15,02/12/15,12/22/14,08/13/14,05/14/14,02/13/14,12/31/13,08/13/13,05/14/13,02/27/13,01/28/13,08/10/12,05/30/12,03/29/12,01/30/12,08/19/11,05/26/11,02/02/11,12/20/10,09/29/10,05/26/11,02/02/11,12/20/10,09/29/10,03/31/10,
Earnings Release Date,,,,,,,,,,,,,,,,,,,,,,,,,,,,,,,,,,,,,,,,,,,,,,,,,,,,,,,,,,,,,,,,,,,,,
Number of Shareholders,0,0,0,0,0,0,0,0,0,0,0,0,0,0,,0,0,0,0,0,0,0,0,0,0,0,0,0,0,0,0,0,0,0,0,0,0,0,0,0,0,0,0,0,0,0,0,0,0,0,0,0,0,0,0,0,0,0,0,0,0,0,0,0,0,0,0,0,0
Number of Employees,204,204,184,185,114,114,95,98,4,0,0,0,0,204,,204,204,204,204,204,204,204,184,184,184,184,185,185,185,185,114,114,114,114,114,114,114,114,95,95,95,95,98,98,98,98,4,4,4,4,0,0,0,0,0,0,0,0,0,0,0,0,0,0,0,0,0,0,0
,,,,,,,,,,,,,,,,,,,,,,,,,,,,,,,,,,,,,,,,,,,,,,,,,,,,,,,,,,,,,,,,,,,,,
Forex Rate,0.789203693,0.755857899,0.755229968,0.767224183,0.814398567,0.76289289,0.753806724,0.908182726,0.966930961,1.022181335,0.997506234,0.968054211,0.924556213,,,0.789889416,0.78125,0.789203693,0.818330606,0.795608242,0.78070107,0.755857899,0.737898465,0.716332378,0.759359101,0.755229968,0.752502069,0.747887219,0.744269128,0.767224183,0.761904762,0.773215805,0.783146683,0.814398567,0.752162467,0.746993352,0.749681385,0.76289289,0.775554522,0.756086496,0.729235032,0.753806724,0.808734331,0.792518624,0.867152272,0.908182726,0.923361034,0.900333123,0.939937964,0.966930961,0.969555943,0.976181179,1.010305112,1.022181335,0.972762646,1.00623868,0.97703957,0.997506234,1.02396068,1.02396068,0.991965083,0.968054211,0.963762529,0.97761267,0.949036728,0.924556213,0.887784091,0.790826414,0.810569831
,,,,,,,,,,,,,,,,,,,,,,,,,,,,,,,,,,,,,,,,,,,,,,,,,,,,,,,,,,,,,,,,,,,,,
