0,1,2,3,4,5,6,7,8,9,10,11,12,13,14,15,16,17,18,19,20,21,22,23,24,25,26,27,28,29,30,31,32,33,34,35,36,37,38,39,40,41,42,43,44,45,46,47,48,49,50,51,52,53,54,55,56,57,58
Downloaded from http://www.GuruFocus.com on Mon Jun 20 2022 17:36:18 GMT+0700 (GMT+07:00),,,,,,,,,,,,,,,,,,,,,,,,,,,,,,,,,,,,,,,,,,,,,,,,,,,,,,,,,,
GuruFocus_LSE:CEY_Financial_2022-6-20 at 17:36.csv,,,,,,,,,,,,,,,,,,,,,,,,,,,,,,,,,,,,,,,,,,,,,,,,,,,,,,,,,,
,,,,,,,,,,,,,,,,,,,,,,,,,,,,,,,,,,,,,,,,,,,,,,,,,,,,,,,,,,
LSE:CEY,"Centamin PLC, null, Basic Materials, Metals & Mining, Gold",,,,,,,,,,,,,,,,,,,,,,,,,,,,,,,,,,,,,,,,,,,,,,,,,,,,,,,,,
Key Statistics: ,,,,,,,,,,,,,,,,,,,,,,,,,,,,,,,,,,,,,,,,,,,,,,,,,,,,,,,,,,
Price,0.8068,,,,,,,,,,,,,,,,,,,,,,,,,,,,,,,,,,,,,,,,,,,,,,,,,,,,,,,,,
Market Cap (Million),1142.334,,,,,,,,,,,,,,,,,,,,,,,,,,,,,,,,,,,,,,,,,,,,,,,,,,,,,,,,,
Shares Outstanding (Million),1156.45,,,,,,,,,,,,,,,,,,,,,,,,,,,,,,,,,,,,,,,,,,,,,,,,,,,,,,,,,
PE Ratio,12.81,,,,,,,,,,,,,,,,,,,,,,,,,,,,,,,,,,,,,,,,,,,,,,,,,,,,,,,,,
PB Ratio,0.93,,,,,,,,,,,,,,,,,,,,,,,,,,,,,,,,,,,,,,,,,,,,,,,,,,,,,,,,,
PS Ratio,1.75,,,,,,,,,,,,,,,,,,,,,,,,,,,,,,,,,,,,,,,,,,,,,,,,,,,,,,,,,
,,,,,,,,,,,,,,,,,,,,,,,,,,,,,,,,,,,,,,,,,,,,,,,,,,,,,,,,,,
Growth Rate: ,,,,,,,,,,,,,,,,,,,,,,,,,,,,,,,,,,,,,,,,,,,,,,,,,,,,,,,,,,
Annual Rates (per share),10 Years,5 Years,12 Months,,,,,,,,,,,,,,,,,,,,,,,,,,,,,,,,,,,,,,,,,,,,,,,,,,,,,,,
Revenue Growth (%),9.5,1.8,-10.7,,,,,,,,,,,,,,,,,,,,,,,,,,,,,,,,,,,,,,,,,,,,,,,,,,,,,,,
EBITDA  Growth (%),7.8,-1.4,-32.6,,,,,,,,,,,,,,,,,,,,,,,,,,,,,,,,,,,,,,,,,,,,,,,,,,,,,,,
Free Cash Flow Growth (%),0,-77.7,-16.2,,,,,,,,,,,,,,,,,,,,,,,,,,,,,,,,,,,,,,,,,,,,,,,,,,,,,,,
Book Value Growth (%),5.3,-3.3,2.9,,,,,,,,,,,,,,,,,,,,,,,,,,,,,,,,,,,,,,,,,,,,,,,,,,,,,,,
,,,,,,,,,,,,,,,,,,,,,,,,,,,,,,,,,,,,,,,,,,,,,,,,,,,,,,,,,,
30 Year Financials of LSE:CEY - Centamin PLC,,,,,,,,,,,,,,,,,,,,,,,,,,,,,,,,,,,,,,,,,,,,,,,,,,,,,,,,,,
,,,,,,,,,,,,,,,,,,,,,,,,,,,,,,,,,,,,,,,,,,,,,,,,,,,,,,,,,,
"All Numbers are in Millions except per share data, ratios, and percentage data; All shares outstanding data and per share data are split adjusted",,,,,,,,,,,,,,,,,,,,,,,,,,,,,,,,,,,,,,,,,,,,,,,,,,,,,,,,,,
,,,,,,,,,,,,,,,,,,,,,,,,,,,,,,,,,,,,,,,,,,,,,,,,,,,,,,,,,,
Annual Data:,,,,,,,,,,,,,,,,,,,,,,,Quarterly Data:,,,,,,,,,,,,,,,,,,,,,,,,,,,,,,,,,,,
Fiscal Period:,2021-12,2020-12,2019-12,2018-12,2017-12,2016-12,2015-12,2014-12,2013-12,2012-12,2011-12,2010-06,2009-06,2008-06,2007-06,2006-06,2005-06,2004-06,2003-06,2002-06,TTM/current,,2021-12,2021-06,2020-12,2020-06,2019-12,2019-06,2018-12,2018-06,2017-12,2017-06,2016-12,2016-06,2015-12,2015-06,2014-12,2014-06,2013-12,2013-06,2012-12,2012-06,2011-12,2011-06,2010-12,2010-06,2009-12,2009-06,2008-12,2008-06,2007-12,2007-06,2006-12,2006-06,2005-12,2004-06,2003-06,2002-06
Per Share Data,,,,,,,,,,,,,,,,,,,,,,,,,,,,,,,,,,,,,,,,,,,,,,,,,,,,,,,,,,
Revenue per Share,0.475,0.532,0.429,0.41,0.435,0.477,0.292,0.263,0.28,0.242,0.201,0.026,0.002,0.004,0.002,0.001,0.001,0.001,0.001,0,0.46,,0.237,0.225,0.244,0.309,0.239,0.196,0.209,0.192,0.247,0.197,0.249,0.2,0.143,0.144,0.149,0.107,0.129,0.161,0.137,0.109,0.103,0.095,0.054,0.025,0,0.001,0.002,0.002,0.002,0.001,0.001,0,0,0,0,0
EBITDA per Share,0.19,0.282,0.19,0.179,0.201,0.26,0.088,0.096,0.138,0.13,0.125,0.017,-0.014,0.001,-0.002,0,0,-0.001,0.001,0,0.18,,0.067,0.117,0.116,0.178,0.111,0.082,0.089,0.086,0.13,0.075,0.143,0.102,0.036,0.049,0.059,0.034,0.055,0.088,0.068,0.064,0.056,0.066,0.032,0.019,-0.002,-0.015,0.001,0.001,0,-0.002,0,-0.001,0,0,0,0
EBIT per Share,0.1,0.202,0.114,0.104,0.134,0.185,0.034,0.049,0.11,0.11,0.114,0.009,-0.015,0.001,-0.003,-0.001,0,-0.001,0.001,0,0.1,,0.024,0.072,0.079,0.133,0.075,0.041,0.05,0.052,0.096,0.039,0.107,0.069,0.007,0.026,0.032,0.016,0.04,0.075,0.059,0.053,0.05,0.062,0.019,0.011,-0.002,-0.015,0.001,0.001,0,-0.003,0,-0.001,0,0,0,0
Earnings per Share (Diluted),0.066,0.1,0.057,0.051,0.062,0.149,0.03,0.045,0.102,0.113,0.115,0.009,-0.015,0.003,0.006,0.001,-0.001,-0.001,-0.002,-0.001,0.06,,0.027,0.036,0.052,0.052,0.045,0.013,0.023,0.027,0.05,0.013,0.071,0.069,0.002,0.026,0.027,0.017,0.033,0.073,0.06,0.055,0.049,0.063,0.02,0.009,0,0.002,-0.019,-0.001,0.004,0.002,0.004,0,0,-0.001,-0.002,-1.916
EPS without NRI,0.066,0.1,0.057,0.051,0.062,0.149,0.03,0.045,0.102,0.113,0.115,0.009,-0.015,0.003,0.006,0.001,-0.001,-0.001,-0.002,-0.001,0.06,,0.026,0.038,0.051,0.053,0.045,0.013,0.023,0.027,0.05,0.013,0.071,0.069,0.002,0.026,0.027,0.017,0.033,0.073,0.06,0.055,0.049,0.063,0.02,0.009,0,0.002,-0.019,-0.001,0.004,0.002,0.004,0,0,-0.001,-0.002,-1.914
Owner Earnings per Share (TTM),0.064,0.131,0.065,0.05,0.088,0.165,0.045,-0.009,0.047,0.054,0.026,-0.04,-0.052,-0.026,-0.008,-0.005,0,0,0,0,0.06,,0.064,0,0.131,-0.056,0.065,0.026,0.05,0.094,0.088,0.092,0.165,0.056,0.045,0.007,-0.009,-0.021,0.047,0.055,0.054,0.027,0.026,0.008,-0.049,-0.04,-0.06,-0.052,0,-0.026,0,-0.008,0,-0.005,0,0,0,0
Free Cash Flow per Share,0.045,0.202,0.102,0.092,0.164,0.18,0.066,0.016,-0.02,-0.01,0.008,-0.081,-0.12,-0.057,-0.031,-0.01,-0.003,-0.001,-0.002,-0.002,0.04,,0.005,0.038,0.072,0.139,0.055,0.049,0.042,0.047,0.105,0.061,0.108,0.063,0.024,0.04,0.02,-0.004,-0.005,-0.016,0.009,-0.02,0.004,0.004,-0.008,-0.076,-0.005,-0.111,-0.011,-0.002,-0.004,0.006,-0.005,0,0,0,0,0
Operating Cash Flow per Share,0.201,0.291,0.164,0.152,0.217,0.254,0.107,0.065,0.136,0.125,0.091,0.015,-0.008,-0.006,0.001,0.001,0,-0.001,-0.002,-0.002,0.2,,0.109,0.087,0.127,0.176,0.087,0.079,0.069,0.08,0.136,0.085,0.146,0.095,0.046,0.058,0.038,0.025,0.058,0.083,0.075,0.052,0.054,0.035,0.021,0.018,-0.003,-0.003,-0.005,-0.002,-0.004,0.006,-0.005,0,0,0,0,0
Cash per Share,0.135,0.187,0.188,0.193,0.233,0.278,0.116,0.07,0.059,0.083,0.096,0.021,0.042,0.106,0.1,0.038,0.015,0.016,0.024,0.004,0.135,,0.135,0.169,0.187,0.222,0.188,0.195,0.193,0.184,0.233,0.201,0.278,0.172,0.116,0.098,0.07,0.055,0.059,0.067,0.083,0.075,0.096,0.092,0.091,0.021,0.016,0.042,0.075,0.106,0.147,0.1,0.028,0.038,0,0.016,0.024,0.004
Dividends per Share,0.053,0.09,0.053,0.098,0.119,0.032,0.02,0.006,0,0,0,0,0,0,0,0,0,0,0,0,0.05,,0.03,0.021,0.045,0.048,0.03,0.024,0.02,0.075,0.019,0.105,0.016,0.014,0.006,0.013,0,0,0,0,0,0,0,0,0,0,0,0,0,0,0,0,0,0,0,0,0,0
Book Value per Share,0.865,0.841,0.854,0.881,0.877,1.06,0.785,0.74,0.672,0.573,0.479,0.298,0.244,0.205,0.155,0.067,0.04,0.036,0.049,0.025,0.865,,0.865,0.822,0.841,0.897,0.854,0.867,0.881,0.832,0.877,0.946,1.06,0.883,0.785,0.757,0.74,0.663,0.672,0.667,0.573,0.533,0.479,0.409,0.367,0.298,0.26,0.244,0.252,0.205,0.229,0.155,0.06,0.067,0,0.036,0.049,0.025
Tangible Book per Share,0.865,0.841,0.854,0.881,0.877,1.06,0.785,0.74,0.672,0.573,0.479,0.298,0.244,0.205,0.155,0.067,0.04,0.036,0.049,0.025,0.865,,0.865,0.822,0.841,0.897,0.854,0.867,0.881,0.832,0.877,0.946,1.06,0.883,0.785,0.757,0.74,0.663,0.672,0.667,0.573,0.533,0.479,0.409,0.367,0.298,0.26,0.244,0.252,0.205,0.229,0.155,0.06,0.067,0,0.036,0.049,0.025
Total Debt per Share,0,0,0,0,0,0,0,0,0,0,0,0,0,0,0,0,0,0,0,0,0,,0,0,0,0,0,0,0,0,0,0,0,0,0,0,0,0,0,0,0,0,0,0,0,0,0,0,0,0,0,0,0,0,0,0,0,0
Month End Stock Price,0.888,1.237,1.27,1.088,1.583,1.385,0.644,0.589,0.446,0.393,0.824,1.644,0.87,0.583,0.475,0.29,0.123,0.073,0.091,0.125,0.8068,,0.888,1.012,1.237,1.834,1.27,1.144,1.088,1.19,1.583,1.548,1.385,1.319,0.644,0.618,0.589,0.635,0.446,0.316,0.393,0.693,0.824,1.26,1.764,1.644,1.225,0.87,0.42,0.583,0.593,0.475,0.325,0.29,0.24,0.073,0.091,0.125
,,,,,,,,,,,,,,,,,,,,,,,,,,,,,,,,,,,,,,,,,,,,,,,,,,,,,,,,,,
Ratios,,,,,,,,,,,,,,,,,,,,,,,,,,,,,,,,,,,,,,,,,,,,,,,,,,,,,,,,,,
ROE %,7.742,11.847,6.661,5.835,6.444,16.189,3.923,6.548,16.368,21.304,29.949,3.177,-6.404,1.442,4.45,1.39,0.383,-1.815,-5.578,-5.063,7.72,,6.481,8.821,12.026,11.818,10.4,3.074,5.392,6.274,11.012,2.547,14.499,16.629,0.628,7.057,7.853,5.019,9.983,23.344,21.559,21.486,21.96,32.428,11.683,6.347,-0.263,1.228,-16.381,-0.838,3.85,9.062,0.111,1.069,2.297,0,0,0
ROE % Adjusted to Book Value,7.54,8.05,4.48,4.72,3.57,12.39,4.78,8.22,24.68,31.11,17.42,0.58,-1.8,0.51,1.45,0.32,0.12,-0.91,-2.97,-1.03,8.17,,6.31,7.17,8.18,5.78,6.99,2.33,4.36,4.39,6.1,1.56,11.1,11.13,0.76,8.66,9.86,5.24,15.05,49.31,31.48,16.54,12.77,10.53,2.43,1.15,-0.06,0.34,-9.84,-0.29,1.49,2.95,0.02,0.25,,0,0,0
ROA %,7.2404,11.128,6.3193,5.5585,6.1661,15.538,3.7832,6.2487,15.3319,20.2791,28.718,3.0455,-6.2547,1.407,4.3347,1.3707,0.3785,-1.7892,-5.3548,-4.6069,7.12,,6.0725,8.2727,11.2576,11.0997,9.8307,2.9243,5.1579,5.9867,10.5281,2.45,13.989,16.0041,0.6044,6.8554,7.581,4.7462,9.3965,22.0525,20.4957,20.7206,21.2355,31.3528,11.1833,6.08,-0.2559,1.2024,-16.075,-0.8259,3.7851,8.4564,0.1,1.0541,2.2693,0,0,0
Return-on-Tangible-Equity,7.742,11.8471,6.6609,5.835,6.4438,16.1887,3.9234,6.5481,16.3684,21.3043,29.9491,3.1774,-6.4044,1.4422,4.4504,1.3904,0.3834,-1.8152,-5.5781,-5.0635,7.6,,6.4811,8.8209,12.0261,11.818,10.3996,3.0736,5.3923,6.2736,11.0122,2.5471,14.4992,16.6294,0.6276,7.0572,7.8528,5.0191,9.9834,23.3445,21.5593,21.4861,21.9602,32.4283,11.6829,6.3475,-0.2629,1.2284,-16.381,-0.8382,3.8505,9.0623,0.1107,1.0694,2.297,0,0,0
Return-on-Tangible-Asset,7.2404,11.128,6.3193,5.5585,6.1661,15.538,3.7832,6.2487,15.3319,20.2791,28.718,3.0455,-6.2547,1.407,4.3347,1.3707,0.3785,-1.7892,-5.3548,-4.6069,7.12,,6.0725,8.2727,11.2576,11.0997,9.8307,2.9243,5.1579,5.9867,10.5281,2.45,13.989,16.0041,0.6044,6.8554,7.581,4.7462,9.3965,22.0525,20.4957,20.7206,21.2355,31.3528,11.1833,6.08,-0.2559,1.2024,-16.075,-0.8259,3.7851,8.4564,0.1,1.0541,2.2693,0,0,0
ROC (Joel Greenblatt) %,15.21,32.18,17.46,15.89,18.73,25.73,5.17,7.93,19.97,24.99,34.98,5.61,-21.66,0.93,-5.18,-2.71,-1.95,-158.35,542.25,141.07,14.96,,7.37,23.37,24.69,41.11,23.29,12.37,15.05,16.08,27.74,10.19,28.57,20.09,2.2,7.91,10.15,5.35,13.1,27.25,24.59,25.21,28.09,41.3,13.31,14.04,-11.33,-29.11,0.91,1.84,-0.3,-12.73,0.25,-7.34,123.69,0,0,0
ROCE %,11.622,23.697,13.088,11.87,13.809,20.029,4.44,7.072,17.46,20.58,29.536,3.295,-6.431,0.418,-2.07,-1.366,-0.652,-1.807,1.696,0.573,11.28,,5.641,17.1,17.874,29.981,17.258,9.262,11.572,12.183,21.169,7.765,21.977,16.439,1.85,6.868,9.08,4.815,11.701,23.719,20.862,20.744,22.061,31.562,11.048,7.903,-1.631,-12.127,0.556,0.794,-0.111,-4.171,0.073,-3.243,2.576,0,0,0
ROIC %,16.94,29.21,15.15,14.42,18.13,25,4.74,7.78,19.64,24.73,34.77,2.79,-9.21,0.83,-5.14,-2.69,-1.08,-3.33,2.71,0.66,16.64,,12.58,21.19,22.17,37.69,19.62,11.19,13.49,14.99,26.73,9.97,27.85,19.67,1.06,7.73,9.96,5.26,12.9,26.88,24.32,24.91,27.94,41.24,13.29,6.44,-1.83,-16.82,0.91,1.83,-0.29,-9.1,0.13,-7.28,4.5,0,0,0
WACC %,7.55,4.26,5.14,11.94,11.54,12.24,12.49,15.26,16.75,6.03,3.34,7.87,10.07,9.28,11.33,7.22,2.65,10.62,9.54,0,5.71,,7.55,0,4.26,5.14,5.14,8.68,11.94,8.56,11.54,8.99,12.24,10.6,12.49,17.21,15.26,17.93,16.75,11.97,6.03,4.63,3.34,6.55,0,7.87,8.71,10.07,10.52,9.28,10.86,11.33,14.35,7.22,0,10.62,9.54,0
Effective Interest Rate on Debt %,76.66,,,,,,,,,,,,,,,,,,,,75,,72.24,,,,,,,,,,,,,,,,,,,,,,,,,,,,,,,,,,,
,,,,,,,,,,,,,,,,,,,,,,,,,,,,,,,,,,,,,,,,,,,,,,,,,,,,,,,,,,
Gross Margin %,30.58,42.78,29.64,29.56,35.64,43.37,18.13,24.18,44.93,52.38,62.35,85.1,0,0,0,0,0,0,0,0,30.46,,26.01,35.14,39.97,45.15,34.06,24.06,26.99,32.22,41.29,28.22,46.9,39.51,12.41,23.6,26.02,21.79,37.01,51.66,50.1,55.36,55.24,69.74,63.37,84.92,0,0,0,0,0,0,0,0,0,0,0,0
Operating Margin %,25.0404,36.9538,24.3206,23.6984,30.2585,38.3838,12.2556,18.7157,39.1779,45.3189,56.4252,34.7531,-766.6437,17.451,-113.9708,-87.2642,-26.2014,-86.1186,100,100,24.87,,18.7015,31.3535,31.0611,41.9435,27.9198,19.7712,21.9187,25.5409,38.2344,19.7832,42.0712,34.3491,6.4614,17.8056,21.5655,15.0071,30.7471,46.335,42.6729,48.7841,48.2647,64.9172,34.9018,44.0207,-750.8889,-2891.4894,39.5062,37.3683,-4.9544,-184.3786,2.644,-269.3023,100,0,0,0
Net Margin %,13.8451,18.8213,13.4075,12.407,14.264,31.2422,10.1437,17.2588,36.5125,46.708,56.9765,33.3437,-760.8262,60.1202,244.7565,88.5613,15.3318,-86.1186,-321.256,-827.8481,13.78,,11.4902,16.1904,21.3596,16.6719,18.6146,6.8256,10.997,13.8668,20.2104,6.4543,28.2043,34.5663,1.6778,18.2527,18.5756,15.5452,26.0845,45.3651,43.9104,50.3715,47.8817,66.4407,36.7277,35.1578,-120.4444,291.8648,-1160.2089,-39.4218,172.0973,390.2509,3.7771,88.6047,88.756,0,0,0
EBITDA Margin %,40.0361,53.1012,44.4221,43.6999,46.227,54.4149,30.0234,36.5518,49.2782,53.6818,61.9004,65.5759,-747.9174,21.871,-100.3199,-32.6651,-18.4211,-86.1186,100,100,39.72,,28.1821,51.8416,47.7642,57.6202,46.4748,41.8275,42.8783,44.5506,52.6129,37.8401,57.3934,51.1559,25.496,34.36,39.9297,32.156,43.1161,54.5094,49.8506,58.699,54.2004,69.9133,59.147,75.2071,-750.8889,-2823.4043,39.5062,45.7174,-4.9544,-162.4857,2.644,-161.6279,100,0,0,0
FCF Margin %,9.4103,37.948,23.8523,22.3795,37.6681,37.7668,22.5446,5.9029,-7.1926,-4.1339,4.0919,-317.2626,-6229.2255,-1323.8163,-1389.9751,-1131.3679,-317.2769,-129.9191,-261.5942,-963.2911,9.21,,1.9546,16.8354,29.725,44.9108,23.0091,24.9181,20.1752,24.6617,42.6143,31.1721,43.3979,31.6053,16.9714,27.883,13.6256,-4.1471,-3.8421,-10.0368,6.7841,-18.4316,4.2931,3.8825,-15.1934,-299.1376,-1853.7778,-20858.6984,-678.9174,-66.3604,-206.535,394.9259,-526.6289,,,,,
,,,,,,,,,,,,,,,,,,,,,,,,,,,,,,,,,,,,,,,,,,,,,,,,,,,,,,,,,,
Debt-to-Equity,0,0,0,0,0,0,0,0,0,0,0,0,0,0,0,0,0,0,0,0,0,,0,0,0,0,0,0,0,0,0,0,0,0,0,0,0,0,0,0,0,0,0,0,0,0,0,0,0,0,0,0,0,0,9999,0,0,0
Equity-to-Asset,0.934,0.936,0.943,0.955,0.95,0.962,0.956,0.973,0.934,0.94,0.967,0.946,0.975,0.979,0.97,0.986,0.986,0.988,0.984,0.91,0.934,,0.934,0.94,0.936,0.936,0.943,0.948,0.955,0.958,0.95,0.961,0.962,0.968,0.956,0.97,0.973,0.957,0.934,0.949,0.94,0.962,0.967,0.968,0.966,0.946,0.972,0.975,0.983,0.979,0.992,0.97,0.827,0.986,0,0.988,0.984,0.91
Debt-to-Asset,0,0,0,0,0,0,0,0,0,0,0,0,0,0,0,0,0,0,0,0,0,,0,0,0,0,0,0,0,0,0,0,0,0,0,0,0,0,0,0,0,0,0,0,0,0,0,0,0,0,0,0,0,0,0,0,0,0
Liabilities-to-Assets,0.09,0.08,0.06,0.05,0.05,0.04,0.04,0.03,0.07,0.06,0.03,0.05,0.03,0.02,0.03,0.01,0.01,0.01,0.02,0.09,0.09,,0.09,0.07,0.08,0.05,0.06,0.05,0.05,0.04,0.05,0.04,0.04,0.03,0.04,0.03,0.03,0.04,0.07,0.05,0.06,0.04,0.03,0.03,0.03,0.05,0.03,0.03,0.02,0.02,0.01,0.03,0.17,0.01,0,0.01,0.02,0.09
Gross-Profit-to-Asset %,15.993,25.291,13.97,13.243,15.407,21.569,6.76,8.756,18.868,22.741,31.425,7.773,0.822,2.34,0,0,0,0,0,0,15.73,,13.746,17.953,21.065,30.063,17.985,10.308,12.66,13.908,21.511,10.711,23.26,18.292,4.472,8.863,10.62,6.653,13.331,25.114,23.384,22.774,24.498,32.912,19.297,14.686,0.212,0.412,1.386,2.095,2.199,2.167,2.648,1.19,2.557,0,0,0
,,,,,,,,,,,,,,,,,,,,,,,,,,,,,,,,,,,,,,,,,,,,,,,,,,,,,,,,,,
Asset Turnover,0.523,0.591,0.471,0.448,0.432,0.497,0.373,0.362,0.42,0.434,0.504,0.091,0.008,0.023,0.018,0.015,0.025,0.021,0.017,0.006,0.52,,0.264,0.255,0.264,0.333,0.264,0.214,0.235,0.216,0.26,0.19,0.248,0.231,0.18,0.188,0.204,0.153,0.18,0.243,0.233,0.206,0.222,0.236,0.152,0.086,0.001,0.002,0.007,0.01,0.011,0.011,0.013,0.006,0.013,0,0,0
Dividend Payout Ratio,0.801,0.899,0.922,1.927,1.925,0.214,0.664,0.124,0,0,0,0,,0,0,0,,,,,0.8,,1.159,0.567,0.886,0.913,0.676,1.767,0.867,2.793,0.374,8.292,0.226,0.204,2.773,0.486,0,0,0,0,0,0,0,0,0,0,,0,,,0,0,0,0,0,,,
,,,,,,,,,,,,,,,,,,,,,,,,,,,,,,,,,,,,,,,,,,,,,,,,,,,,,,,,,,
Days Sales Outstanding,10.33,10.59,17.88,17.4,15.05,10.64,15.61,18.38,23.9,30.76,17.94,15.81,3.19,3.1,15.67,78.84,94.8,0,0,0,12.37,,15.03,11.39,13.73,15.19,13.43,14.75,10.92,12.22,13.2,14.67,14.28,15.9,16.51,17.39,14.7,20.43,25.71,25.92,30.77,29.6,31.51,0.15,3.8,15.86,12.07,5.44,1.51,1.67,3.89,26.26,47.38,57.72,0,0,0,0
Days Payable,24.09,22.87,20.51,23.29,24.36,22.32,19.71,37.87,53.56,31.04,51.71,917.94,,,,,,,,,29.17,,29.63,33.52,34.36,28.43,28.76,29.35,18.36,24.95,30.82,28.69,26.37,28.89,27.03,25,28.58,62.73,73.87,52.02,40.92,49.42,38.22,70.75,118.38,473.6,,,,,,,,,,,,
Days Inventory,88.25,88.68,83.48,84.56,102.12,112.98,118.07,137.4,152.15,152.85,136.21,801.85,,,,,,,,,86.62,,79.61,90.83,90.86,76.01,81.71,83.53,83.87,99.11,93.07,109.15,112.68,114.69,109.05,124.47,120.56,153.39,154.38,135.81,141.25,178.48,144.8,166.75,174.5,505.71,,,,,,,,,,,,
Cash Conversion Cycle,74.49,76.4,80.85,78.67,92.82,101.3,113.97,117.92,122.49,152.58,102.44,-100.28,3.19,3.1,15.67,78.84,94.8,0,0,0,69.82,,65,68.69,70.23,62.77,66.39,68.92,76.44,86.38,75.45,95.13,100.6,101.7,98.53,116.86,106.68,111.08,106.21,109.71,131.1,158.66,138.09,96.15,59.92,47.98,12.07,5.44,1.51,1.67,3.89,26.26,47.38,57.72,0,0,0,0
,,,,,,,,,,,,,,,,,,,,,,,,,,,,,,,,,,,,,,,,,,,,,,,,,,,,,,,,,,
Inventory Turnover,4.14,4.12,4.37,4.32,3.57,3.23,3.09,2.66,2.4,2.39,2.68,0.46,0,0,0,,,,,,4.21,,2.29,2.01,2.01,2.4,2.23,2.18,2.18,1.84,1.96,1.67,1.62,1.59,1.67,1.47,1.51,1.19,1.18,1.34,1.29,1.02,1.26,1.09,1.05,0.36,0,0,0,0,0,0,,,,,,
COGS-to-Revenue,0.69,0.57,0.7,0.7,0.64,0.57,0.82,0.76,0.55,0.48,0.38,0.15,0,0,0,0,0,0,0,0,0.7,,0.74,0.65,0.6,0.55,0.66,0.76,0.73,0.68,0.59,0.72,0.53,0.6,0.88,0.76,0.74,0.78,0.63,0.48,0.5,0.45,0.45,0.3,0.37,0.15,0,0,0,0,0,0,0,0,0,0,0,0
Inventory-to-Revenue,0.168,0.139,0.161,0.163,0.18,0.175,0.265,0.285,0.23,0.199,0.141,0.327,1.021,0.196,0.055,0,0,0,0,0,0.165,,0.323,0.323,0.299,0.228,0.295,0.348,0.336,0.368,0.299,0.429,0.328,0.38,0.523,0.521,0.489,0.657,0.533,0.36,0.386,0.437,0.355,0.276,0.35,0.418,16.398,4.432,1.176,0.698,0.047,0.088,0,0,0,,,
Capex-to-Revenue,0.33,0.17,0.14,0.15,0.12,0.16,0.14,0.19,0.56,0.56,0.41,3.74,58.35,11.91,14.38,12.14,2.82,0,0,0,0.331,,0.44,0.22,0.23,0.12,0.13,0.15,0.13,0.17,0.12,0.12,0.15,0.16,0.15,0.13,0.12,0.27,0.49,0.62,0.48,0.67,0.49,0.33,0.54,3.7,6.96,202.46,3.68,0,0,0,0,0,0,0,0,0
Capex-to-Operating-Income,1.31,0.45,0.59,0.62,0.4,0.4,1.14,1,1.43,1.23,0.73,10.76,0,68.28,0,0,0,0,0,0,1.333,,2.35,0.69,0.73,0.28,0.48,0.78,0.58,0.65,0.33,0.6,0.36,0.47,2.37,0.71,0.57,1.81,1.59,1.33,1.12,1.36,1.01,0.51,1.56,8.41,0,0,9.31,0,0,0,0,0,0,0,0,0
Capex-to-Operating-Cash-Flow,0.78,0.31,0.38,0.4,0.25,0.29,0.38,0.76,1.15,1.08,0.91,6.6,0,0,29.98,14.69,0,0,0,0,0.783,,0.96,0.56,0.43,0.21,0.37,0.38,0.39,0.4,0.23,0.28,0.26,0.34,0.47,0.31,0.47,1.18,1.09,1.19,0.88,1.38,0.92,0.89,1.39,5.21,0,0,0,0,0,0,0,0,0,0,0,0
,,,,,,,,,,,,,,,,,,,,,,,,,,,,,,,,,,,,,,,,,,,,,,,,,,,,,,,,,,
Income Statement,,,,,,,,,,,,,,,,,,,,,,,,,,,,,,,,,,,,,,,,,,,,,,,,,,,,,,,,,,
Revenue,551.446,616.58,497.738,476.566,503.93,550.597,339.609,301.979,307.333,263.776,218.588,26.131,1.775,3.558,1.415,0.46,0.481,0.406,0.249,0.053,537.12,,275.158,261.959,282.707,358.554,277.891,227.339,242.417,222.886,286.095,228.056,287.68,231.078,166.148,166.709,170.761,121.361,141.111,175.76,149.565,118.639,111.469,102.947,55.922,25.826,0.277,0.488,1.417,1.884,1.632,0.882,0.539,0.233,0.24,0,0,0
Cost of Goods Sold,382.804,352.829,350.206,335.698,324.32,311.81,278.05,228.952,169.237,125.615,82.306,3.894,0,0,0,0,0,0,0,0,373.51,,203.591,169.919,169.715,196.651,183.254,172.642,176.982,151.081,167.954,163.702,152.768,139.783,145.522,127.369,126.327,94.916,88.889,84.958,74.635,52.956,49.897,31.147,20.482,3.894,0,0,0,0,0,0,0,0,0,0,0,0
Gross Profit,168.642,263.751,147.532,140.868,179.611,238.787,61.559,73.027,138.097,138.161,136.281,22.237,1.775,3.558,0,0,0,0,0,0,163.61,,71.567,92.04,112.992,161.904,94.637,54.697,65.435,71.805,118.141,64.354,134.912,91.295,20.626,39.34,44.434,26.445,52.222,90.802,74.93,65.683,61.572,71.8,35.44,21.932,0.277,0.488,1.417,1.884,1.632,0.882,0.539,0.233,0.24,0,0,0
Gross Margin %,30.58,42.78,29.64,29.56,35.64,43.37,18.13,24.18,44.93,52.38,62.35,85.1,0,0,0,0,0,0,0,0,30.46,,26.01,35.14,39.97,45.15,34.06,24.06,26.99,32.22,41.29,28.22,46.9,39.51,12.41,23.6,26.02,21.79,37.01,51.66,50.1,55.36,55.24,69.74,63.37,84.92,0,0,0,0,0,0,0,0,0,0,0,0
,,,,,,,,,,,,,,,,,,,,,,,,,,,,,,,,,,,,,,,,,,,,,,,,,,,,,,,,,,
"Selling, General, & Admin. Expense",4.392,6.029,7.695,1.957,1.314,1.291,1.196,0.909,0.653,1.646,0.946,3.935,1.309,1.747,3.028,0.861,0.597,0,0,0,0,,0,0,0,0,0,0,0,0,0,0,0,0,0,0,0,0,0,0,0,0,-4.13,4.878,2.355,1.343,2.359,0.53,0.857,-0.011,1.713,2.509,0.525,0,0,0,0,0
Research & Development,0,0,0,0,0,0,0,0,0,0,0,0,0,0,0,0,0,0,0,0,0,,0,0,0,0,0,0,0,0,0,0,0,0,0,0,0,0,0,0,0,0,0,0,0,0,0,0,0,0,0,0,0,0,0,0,0,0
Other Operating Expense,26.166,29.872,18.784,25.973,25.815,26.156,18.742,15.601,17.037,16.975,11.997,9.22,14.074,1.191,0,0,0.009,0.755,0,0,30.02,,20.108,9.907,25.18,11.514,17.051,9.75,12.3,14.878,8.754,19.237,13.882,11.922,9.89,9.656,7.609,8.233,8.835,9.363,11.106,7.806,11.902,0.091,13.567,9.22,0,14.074,0,1.191,0,0,0,0.861,0,0,0,0
Total Operating Expense,30.558,35.901,26.479,27.93,27.129,27.447,19.938,16.51,17.69,18.621,12.943,13.155,15.383,2.937,3.028,0.861,0.607,0.755,0,0,30.02,,20.108,9.907,25.18,11.514,17.051,9.75,12.3,14.878,8.754,19.237,13.882,11.922,9.89,9.656,7.609,8.233,8.835,9.363,11.106,7.806,7.772,4.969,15.922,10.563,2.359,14.604,0.857,1.18,1.713,2.509,0.525,0.861,0,0,0,0
Operating Income,138.084,227.85,121.053,112.938,152.482,211.34,41.621,56.518,120.407,119.541,123.338,9.081,-13.608,0.621,-1.613,-0.401,-0.126,-0.35,0.249,0.053,133.59,,51.459,82.133,87.812,150.39,77.586,44.948,53.135,56.927,109.387,45.117,121.03,79.373,10.735,29.684,36.826,18.213,43.387,81.438,63.824,57.877,53.8,66.83,19.518,11.369,-2.081,-14.116,0.56,0.704,-0.081,-1.627,0.014,-0.628,0.24,0,0,0
Operating Margin %,25.0404,36.9538,24.3206,23.6984,30.2585,38.3838,12.2556,18.7157,39.1779,45.3189,56.4252,34.7531,-766.6437,17.451,-113.9708,-87.2642,-26.2014,-86.1186,100,100,24.87,,18.7015,31.3535,31.0611,41.9435,27.9198,19.7712,21.9187,25.5409,38.2344,19.7832,42.0712,34.3491,6.4614,17.8056,21.5655,15.0071,30.7471,46.335,42.6729,48.7841,48.2647,64.9172,34.9018,44.0207,-750.8889,-2891.4894,39.5062,37.3683,-4.9544,-184.3786,2.644,-269.3023,100,0,0,0
,,,,,,,,,,,,,,,,,,,,,,,,,,,,,,,,,,,,,,,,,,,,,,,,,,,,,,,,,,
  Interest Income,0.147,1.156,4.438,3.804,2.036,0.735,0.18,0.262,0.421,0.556,0.827,0,0,0,0,0,0,0,0,0,0.15,,0.117,0.029,0.084,1.151,1.991,2.53,2.03,1.689,1.293,0.778,0.478,0.225,0.114,0.063,0.098,0.151,0.163,0.272,0.154,0.417,0.471,0.342,0,0,0,0,0,0,0,0,0,0,0,0,0,0
  Interest Expense,-0.365,-0.415,-0.434,-0.687,-0.254,-0.191,-0.12,0,0,0,0,0,0,0,0,0,0,0,0,0,-0.36,,-0.172,-0.183,-0.217,-0.213,-0.219,-0.222,-0.632,-0.053,-0.19,0,-0.153,0,-0.08,0,0,0,0,0,0,0,0,0,0,0,0,0,0,0,0,0,0,0,0,0,0,0
Net Interest Income,-0.358,0.608,3.881,3.004,1.781,0.543,0.059,0.262,0.421,0.556,0.827,0,0,0,0,0,0,0,0,0,-0.35,,-0.129,-0.217,-0.206,0.874,1.705,2.251,1.285,1.636,1.038,0.778,0.287,0.225,-0.006,0.063,0.098,0.151,0.163,0.272,0.154,0.417,0.471,0.342,0,0,0,0,0,0,0,0,0,0,0,0,0,0
Other Income (Expense),-22.184,5.901,7.087,4.692,0.431,1.847,-2.665,-4.662,-8.606,2.833,0.378,2.447,0,1.744,5.076,0.808,0.2,0.35,-0.249,-0.053,-22.26,,-23.616,1.358,3.497,2.582,7.235,-0.153,2.718,1.879,-0.501,0.976,0.903,0.83,-3.38,0.688,-5.204,0.502,-6.737,-1.977,1.422,1.466,-0.898,1.227,1.021,0.526,1.748,15.438,-17.004,-1.221,2.889,1.627,-0.014,0.628,-0.24,0,0,0
Pretax Income,115.543,234.359,132.021,120.635,154.694,213.73,39.016,52.118,112.221,122.93,124.544,11.528,-13.608,2.365,3.463,0.407,0.074,0,0,0,110.99,,27.713,83.274,91.103,153.847,86.526,47.046,57.138,60.443,109.924,46.871,122.22,80.428,7.349,30.434,31.72,18.866,36.814,79.734,65.4,59.76,53.373,68.399,20.539,11.895,-0.334,1.322,-16.444,-0.517,2.808,0,0,0,0,0,0,0
Tax Provision,0.015,-0.037,-0.085,-0.042,-1.539,-0.658,-4.567,0,-0.006,0.275,0,-2.815,0.103,-0.226,0,0,0,0,0,0,0.01,,-0.021,0.034,-0.019,-0.019,-0.051,-0.036,-0.034,-0.008,-0.783,-0.792,-0.028,-0.553,-4.562,-0.005,0,0,-0.006,0,0.275,0,0,0,0,-2.815,0,0.103,0,0,0,0,0,0,0,0,0,0
Tax Rate %,-0.01,0.02,0.06,0.03,0.99,0.31,11.71,0,0.01,-0.22,0,24.42,0.76,9.55,0,0,0,,,,-0.01,,0.08,-0.04,0.02,0.01,0.06,0.08,0.06,0.01,0.71,1.69,0.02,0.69,62.07,0.02,0,0,0.02,0,-0.42,0,0,0,0,23.67,0,-7.81,0,0,0,,,,,,,
Net Income (Continuing Operations),115.558,234.322,131.936,120.593,153.155,213.072,34.449,52.118,112.215,123.205,124.544,8.713,-13.504,2.139,3.463,0.407,0.074,-0.35,-0.801,-0.441,111,,27.692,83.308,91.083,153.827,86.475,47.01,57.104,60.435,109.141,46.079,122.192,79.875,2.788,30.429,31.72,18.866,36.808,79.734,65.675,59.76,53.373,68.399,20.539,9.08,-0.334,1.425,-16.444,-0.743,2.808,3.443,0.02,0.207,0.213,0,0,0
Net Income (Discontinued Operations),0,0,0,0,0,0,0,0,0,0,0,0,0,0,0,0,0,0,0,0,-1.41,,0,-1.41,0,-1.119,0,0,0,0,0,0,0,0,0,0,0,0,0,0,0,0,0,0,0,0,0,0,0,0,0,0,0,0,0,0,0,0
  Other Income (Minority Interest),-39.209,-118.274,-65.201,-61.465,-81.274,-41.054,0,0,0,0,0,0,0,0,0,0,0,0,0,0,-37.05,,2.436,-39.486,-31.741,-92.93,-34.746,-31.493,-30.445,-29.528,-51.32,-31.359,-41.054,0,0,0,0,0,0,0,0,0,0,0,0,0,0,0,0,0,0,0,0,0,0,0,0,0
Net Income,76.348,116.048,66.734,59.128,71.881,172.019,34.449,52.118,112.215,123.205,124.544,8.713,-13.504,2.139,3.463,0.407,0.074,-0.35,-0.801,-0.441,74.03,,31.616,42.412,60.385,59.778,51.728,15.517,26.659,30.907,57.821,14.72,81.138,79.875,2.788,30.429,31.72,18.866,36.808,79.734,65.675,59.76,53.373,68.399,20.539,9.08,-0.334,1.425,-16.444,-0.743,2.808,3.443,0.02,0.207,0.213,0,0,0
Net Margin %,13.8451,18.8213,13.4075,12.407,14.264,31.2422,10.1437,17.2588,36.5125,46.708,56.9765,33.3437,-760.8262,60.1202,244.7565,88.5613,15.3318,-86.1186,-321.256,-827.8481,13.78,,11.4902,16.1904,21.3596,16.6719,18.6146,6.8256,10.997,13.8668,20.2104,6.4543,28.2043,34.5663,1.6778,18.2527,18.5756,15.5452,26.0845,45.3651,43.9104,50.3715,47.8817,66.4407,36.7277,35.1578,-120.4444,291.8648,-1160.2089,-39.4218,172.0973,390.2509,3.7771,88.6047,88.756,0,0,0
,,,,,,,,,,,,,,,,,,,,,,,,,,,,,,,,,,,,,,,,,,,,,,,,,,,,,,,,,,
Preferred Dividends,0,0,0,0,0,0,0,0,0,0,0,0,0,0,0,0,0,0,0,0,0,,0,0,0,0,0,0,0,0,0,0,0,0,0,0,0,0,0,0,0,0,0,0,0,0,0,0,0,0,0,0,0,0,0,0,0,0
EPS (Basic),0.066,0.101,0.058,0.051,0.062,0.15,0.03,0.046,0.103,0.113,0.115,0.009,-0.015,0.003,0.006,0.001,-0.001,-0.001,-0.002,-0.001,0.06,,0.027,0.037,0.052,0.052,0.045,0.013,0.023,0.027,0.05,0.013,0.071,0.069,0.002,0.027,0.028,0.017,0.034,0.073,0.06,0.055,0.049,0.063,0.02,0.009,0,0.002,-0.019,-0.001,0.004,0.002,0.004,0,0,-0.001,-0.002,-1.922
EPS (Diluted),0.066,0.1,0.057,0.051,0.062,0.149,0.03,0.045,0.102,0.113,0.115,0.009,-0.015,0.003,0.006,0.001,-0.001,-0.001,-0.002,-0.001,0.06,,0.027,0.036,0.052,0.052,0.045,0.013,0.023,0.027,0.05,0.013,0.071,0.069,0.002,0.026,0.027,0.017,0.033,0.073,0.06,0.055,0.049,0.063,0.02,0.009,0,0.002,-0.019,-0.001,0.004,0.002,0.004,0,0,-0.001,-0.002,-1.916
Shares Outstanding (Diluted Average),1161.964,1159.418,1160.727,1161.515,1159.215,1153.848,1161.149,1146.62,1097.145,1089.978,1084.907,1019.823,920.994,824.906,627.576,527.887,502.06,507.946,411.28,341.895,1161.677,,1161.677,1162.251,1159.618,1159.219,1163.208,1158.245,1161.515,1158.386,1159.215,1157.995,1153.848,1157.905,1161.149,1157.36,1146.62,1133.688,1097.145,1092.35,1089.978,1089.517,1084.907,1083.411,1035.851,1019.823,996.405,920.994,878.656,824.906,772.447,627.576,585.703,527.887,525.612,507.946,411.28,341.895
,,,,,,,,,,,,,,,,,,,,,,,,,,,,,,,,,,,,,,,,,,,,,,,,,,,,,,,,,,
EBIT,115.908,234.774,132.455,121.322,154.949,213.921,39.136,56.518,120.407,119.541,123.338,9.081,-13.608,0.621,-1.613,-0.401,-0.126,-0.35,0.249,0.053,111.34,,27.886,83.457,91.32,154.059,86.745,47.268,57.77,60.495,111.854,45.117,123.612,79.373,8.25,29.684,36.826,18.213,43.387,81.438,63.824,57.877,53.8,66.83,19.518,11.369,-2.081,-14.116,0.56,0.704,-0.081,-1.627,0.014,-0.628,0.24,0,0,0
"Depreciation, Depletion and Amortization",104.869,92.637,88.651,86.937,78.003,85.685,62.826,53.861,31.042,22.059,11.968,8.02,0.332,0.157,0.193,0.251,0.037,0,0,0,102.01,,49.66,52.346,43.713,52.541,42.404,47.822,46.175,38.802,38.669,41.18,41.497,38.837,34.111,27.598,31.359,20.812,17.454,14.367,10.735,11.763,6.616,5.143,0,0,0,0,0,0,0,0,0,0,0,0,0,0
EBITDA,220.777,327.411,221.106,208.259,232.952,299.607,101.962,110.379,151.448,141.6,135.307,17.136,-13.275,0.778,-1.419,-0.15,-0.089,-0.35,0.249,0.053,213.35,,77.545,135.804,135.033,206.6,129.149,95.09,103.944,99.297,150.523,86.297,165.109,118.21,42.361,57.281,68.184,39.025,60.841,95.806,74.559,69.64,60.417,71.974,33.076,19.423,-2.081,-13.784,0.56,0.861,-0.081,-1.434,0.014,-0.377,0.24,0,0,0
EBITDA Margin %,40.0361,53.1012,44.4221,43.6999,46.227,54.4149,30.0234,36.5518,49.2782,53.6818,61.9004,65.5759,-747.9174,21.871,-100.3199,-32.6651,-18.4211,-86.1186,100,100,39.72,,28.1821,51.8416,47.7642,57.6202,46.4748,41.8275,42.8783,44.5506,52.6129,37.8401,57.3934,51.1559,25.496,34.36,39.9297,32.156,43.1161,54.5094,49.8506,58.699,54.2004,69.9133,59.147,75.2071,-750.8889,-2823.4043,39.5062,45.7174,-4.9544,-162.4857,2.644,-161.6279,100,0,0,0
,,,,,,,,,,,,,,,,,,,,,,,,,,,,,,,,,,,,,,,,,,,,,,,,,,,,,,,,,,
Balance Sheet,,,,,,,,,,,,,,,,,,,,,,,,,,,,,,,,,,,,,,,,,,,,,,,,,,,,,,,,,,
  Cash and Cash Equivalents,156.281,216.713,212.289,223.275,268.321,320.298,133.343,80.296,64.647,91.075,105.436,21.208,41.92,92.805,75.27,21.956,7.526,8.082,9.989,1.5,156.281,,156.281,195.389,216.713,256.324,212.289,218.441,223.275,212.639,268.321,231.941,320.298,198.301,133.343,112.336,80.296,62.881,64.647,73.927,91.075,82.133,105.436,90.19,98.931,21.208,16.596,41.92,65.621,92.805,112.154,75.27,16.086,21.956,0,8.082,9.989,1.5
  Marketable Securities,0,0,4.924,0,0.093,0.104,0.109,0.261,0.603,0,0,0,0,0,0,0,0,0,0,0,0,,0,26.365,0,0,4.924,7.45,0,0,0.093,0.098,0.104,0.137,0.109,0.207,0.261,0.196,0.603,0,0,0,0,10.56,0,0,0,0,0,0,0,0,0,0,0,0,0,0
"Cash, Cash Equivalents, Marketable Securities",156.281,216.713,217.213,223.275,268.415,320.402,133.452,80.557,65.25,91.075,105.436,21.208,41.92,92.805,75.27,21.956,7.526,8.082,9.989,1.5,156.281,,156.281,195.389,216.713,256.324,217.213,225.891,223.275,212.639,268.415,232.039,320.402,198.438,133.452,112.543,80.557,63.077,65.25,73.927,91.075,82.133,105.436,100.75,98.931,21.208,16.596,41.92,65.621,92.805,112.154,75.27,16.086,21.956,0,8.082,9.989,1.5
  Accounts Receivable,21.919,9.294,26.472,22.305,23.131,18.43,13.675,15.372,15.041,25.216,19.245,2.245,0.018,0.013,0.048,0.074,0.125,0,0,0,21.919,,21.919,23.401,9.294,33.23,26.472,14.439,22.305,6.712,23.131,18.246,18.43,26.601,13.675,16.392,15.372,12.128,15.041,24.711,25.216,0,19.245,0,0.082,2.245,0,0.018,0.011,0.013,0.022,0.048,0.206,0.074,0,0,0,0
  Notes Receivable,0,0,0,0,0,0,0,0,0,0,0,0,0,0,0,0,0,0,0,0,0,,0,0,0,0,0,0,0,0,0,0,0,0,0,0,0,0,0,0,0,0,0,0,0,0,0,0,0,0,0,0,0,0,0,0,0,0
  Loans Receivable,0,0,0,0,0,0,0,0,0,0,0,0,0,0,0,0,0,0,0,0,,,0,0,0,0,0,0,0,0,0,0,0,0,0,0,0,0,0,0,0,0,0,0,0,0,0,0,0,0,0,0,0,0,0,0,0,0
  Other Current Receivables,21.919,9.294,26.472,22.305,23.131,18.43,13.675,15.372,15.041,25.216,19.245,2.245,0.018,0.013,0.048,0.074,0.125,0,0,0,21.919,,21.919,23.401,9.294,33.23,26.472,14.439,22.305,6.712,23.131,18.246,18.43,26.601,13.675,16.392,15.372,12.128,15.041,24.711,25.216,0,19.245,0,0.082,2.245,0,0.018,0.011,0.013,0.022,0.048,0.206,0.074,0,0,0,0
Total Receivables,21.919,9.294,26.472,22.305,23.131,18.43,13.675,15.372,15.041,25.216,19.245,2.245,0.018,0.013,0.048,0.074,0.125,0,0,0,21.919,,21.919,23.401,9.294,33.23,26.472,14.439,22.305,6.712,23.131,18.246,18.43,26.601,13.675,16.392,15.372,12.128,15.041,24.711,25.216,0,19.245,0,0.082,2.245,0,0.018,0.011,0.013,0.022,0.048,0.206,0.074,0,0,0,0
"  Inventories, Raw Materials & Components",45.266,29.843,29.467,24.175,23.669,27.408,18.898,22.856,20.678,14.113,8.586,9.763,0,0,0,0,0,0,0,0,45.266,,45.266,0,29.843,0,29.467,0,24.175,36.123,23.669,22.612,27.408,0,18.898,0,22.856,0,20.678,0,14.113,0,8.586,0,17.613,9.763,0,0,0,0,0,0,0,0,0,0,0,0
"  Inventories, Work In Process",0,0,0,0,0,0,0,0,0,0,0,5.037,0,0,0,0,0,0,0,0,0,,0,0,0,0,0,0,0,0,0,0,0,0,0,0,0,0,0,0,0,0,0,0,6.755,5.037,0,0,0,0,0,0,0,0,0,0,0,0
"  Inventories, Inventories Adjustments",-4.456,-2.076,-1.398,-2.632,-3.831,-2.003,0,0,0,0,0,0,0,0,0,0,0,0,0,0,,,-4.456,0,-2.076,0,-1.398,0,-2.632,-2.947,-3.831,0,-2.003,0,0,0,0,0,0,0,0,0,0,0,0,0,0,0,0,0,0,0,0,0,0,0,0,0
"  Inventories, Finished Goods",0,0,0,0,0,0,0,0,0,0,0,0,0,0,0,0,0,0,0,0,0,,0,0,0,0,0,0,0,0,0,0,0,0,0,0,0,0,0,0,0,0,0,0,0,0,0,0,0,0,0,0,0,0,0,0,0,0
"  Inventories, Other",55.988,60.549,55.065,55.522,58.649,77.589,71.131,67.006,61.836,44.466,38.043,0,2.31,1.315,0.077,0,0,0,0,0,55.988,,55.988,80.815,60.549,80.676,55.065,80.964,55.522,52.429,58.649,70.203,77.589,85.658,71.131,83.882,67.006,77.036,61.836,67.866,44.466,56.95,38.043,32.551,0,0,6.782,2.31,2.018,1.315,0,0.077,0,0,0,0,0,0
Total Inventories,96.798,88.317,83.134,77.065,78.487,102.994,90.03,89.861,82.514,58.58,46.629,14.8,2.31,1.315,0.077,0,0,0,0,0,96.798,,96.798,80.815,88.317,80.676,83.134,80.964,77.065,85.605,78.487,92.814,102.994,85.658,90.03,83.882,89.861,77.036,82.514,67.866,58.58,56.95,46.629,32.551,24.369,14.8,6.782,2.31,2.018,1.315,0,0.077,0,0,0,0,0,0
Other Current Assets,8.57,11.04,14.11,9.4,9.89,7.5,5.1,1.68,1.49,0.29,1.03,0.18,0.58,0.3,0,0.05,0.05,0.07,0.05,0.03,8.57,,8.57,33.64,11.04,6.86,14.11,5.15,9.4,10.93,9.89,0.57,7.5,21.58,5.1,0.45,1.68,0.64,1.49,0.89,0.29,28.53,1.03,22.75,0.29,0.18,1.3,0.58,0.63,0.3,0,0,0.07,0.05,0,0.07,0.05,0.03
Total Current Assets,283.568,325.365,340.934,332.05,379.919,449.331,242.262,187.469,164.299,175.159,172.336,38.434,44.825,94.434,75.4,22.075,7.699,8.151,10.035,1.527,283.568,,283.568,333.242,325.365,377.087,340.934,326.443,332.05,315.884,379.919,343.673,449.331,332.275,242.262,213.27,187.469,152.88,164.299,167.39,175.159,167.615,172.336,156.049,123.676,38.434,24.673,44.825,68.278,94.434,112.176,75.4,16.361,22.075,0,8.151,10.035,1.527
Investments And Advances,0,0,0,0,0,0,0,0,0,0,0,0,0,0,0,0,0,0,0,0,0,,0,0,0,0,0,0,0,0,0,0,0,0,0,0,0,0,0,0,0,0,0,0,0,0,0,0,0,0,0,0,0,0,0,0,0,0
    Land And Improvements,0,0,0,0,0,0,0,0,0,0,0,0.009,0,0.007,0,0,0,0,0,0,0,,0,0,0,0,0,0,0,0,0,0,0,0,0,0,0,0,0,0,0,0.11,0,0,0.009,0.009,0,0,0,0.007,0,0,0,0,0,0,0,0
    Buildings And Improvements,10.395,4.233,2.696,1.854,1.53,0,0.798,0.758,0.104,0,0,0,0,0,0,0,0,0,0,0,10.395,,10.395,6.475,4.233,3.567,2.696,2.769,1.854,0,1.53,0,0,0,0.798,0,0.758,0,0.104,0,0,0,0,0,0,0,0,0,0,0,0,0,0,0,0,0,0,0
"    Machinery, Furniture, Equipment",477.009,465.935,474.266,483.057,446.031,472.722,393.044,365.02,176.611,174.534,227.102,200.16,0,12.879,7.144,0.863,0.892,0,0,0,477.009,,477.009,449.532,465.935,497.956,474.266,485.139,483.057,451.881,446.031,463.445,472.722,415.283,393.044,379.187,365.02,339.56,176.611,274.324,174.534,824.093,227.102,0,192.121,200.16,0,0,0,12.879,6.364,7.144,0,0.863,0,0,0,0
    Construction In Progress,63.922,33.148,21.81,18.551,28.347,60.696,21.689,74.617,260.141,160.851,69.828,0,0,0,0,0,0,0,0,0,63.922,,63.922,30.979,33.148,26.075,21.81,27.208,18.551,36.634,28.347,69.899,60.696,37.57,21.689,61.712,74.617,79.641,260.141,238.575,160.851,0,69.828,0,0,0,0,0,0,0,0,0,0,0,0,0,0,0
    Other Gross PPE,903.116,807.393,735.56,700.391,593.797,617.835,474.078,369.405,256.93,202.737,96.919,93.781,36.586,77.389,38.553,16.676,12.017,0.387,0.054,0.038,903.116,,903.116,797.278,807.393,806.304,735.56,722.254,700.391,627.067,593.797,621.75,617.835,521.588,474.078,391.108,369.405,311.575,256.93,150.115,202.737,23.506,96.919,117.873,107.62,93.781,35.087,36.586,158.762,77.389,58.073,38.553,6.307,16.676,0,0.387,0.054,0.038
"  Gross Property, Plant and Equipment",1454.442,1310.71,1234.332,1203.853,1069.704,1151.253,889.608,809.8,693.787,538.121,393.849,293.951,36.586,90.276,45.697,17.539,12.909,0.387,0.054,0.038,1454.442,,1454.442,1284.264,1310.71,1333.903,1234.332,1237.37,1203.853,1115.582,1069.704,1155.094,1151.253,974.442,889.608,832.007,809.8,730.775,693.787,663.014,538.121,847.709,393.849,117.873,299.75,293.951,35.087,36.586,158.762,90.276,64.437,45.697,6.307,17.539,0,0.387,0.054,0.038
  Accumulated Depreciation,-716.37,-645.883,-568.343,-496.692,-387.126,-331.955,-205.881,-136.957,-77.422,-47.106,-25.977,-8.53,0,-1.217,-0.49,-0.432,-0.399,0,0,0,-716.37,,-716.37,-668.415,-645.883,-646.729,-568.343,-543.868,-496.692,-429.042,-387.126,-364.805,-331.955,-255.646,-205.881,-164.645,-136.957,-97.468,-77.422,-63.452,-47.106,-412.101,-25.977,0,-12.653,-8.53,0,0,-1.349,-1.217,-0.44,-0.49,-0.388,-0.432,0,0,0,0
"Property, Plant and Equipment",738.071,664.827,665.988,707.161,682.578,819.298,683.727,672.843,616.365,491.016,367.872,285.421,36.586,89.059,45.207,17.107,12.51,0.387,0.054,0.038,738.071,,738.071,615.849,664.827,687.174,665.988,693.502,707.161,686.541,682.578,790.288,819.298,718.796,683.727,667.362,672.843,633.307,616.365,599.562,491.016,435.607,367.872,305.812,287.097,285.421,35.087,36.586,157.413,89.059,63.996,45.207,5.919,17.107,0,0.387,0.054,0.038
Intangible Assets,0,0,0,0,0,0,0,0,0,0,0,0,0,0,0,0,0,0,0,0,0,,0,0,0,0,0,0,0,0,0,0,0,0,0,0,0,0,0,0,0,0,0,0,0,0,0,0,0,0,0,0,0,0,0,0,0,0
  Goodwill,0,0,0,0,0,0,0,0,0,0,0,0,0,0,0,0,0,0,0,0,0,,0,0,0,0,0,0,0,0,0,0,0,0,0,0,0,0,0,0,0,0,0,0,0,0,0,0,0,0,0,0,0,0,0,0,0,0
Other Long Term Assets,48.772,48.34,40.249,25.684,0.072,0.301,19.245,15.588,11.56,5.413,3.292,0,166.912,0,0,0,0,10.197,10.247,8.004,48.772,,48.772,63.078,48.34,42.797,40.249,37.651,25.684,0.069,0.072,0.302,0.301,0.059,19.245,18.938,15.588,11.565,11.56,7.709,5.413,6.918,3.292,0,0,0,213.75,166.912,0,0,0,0,19.973,0,0,10.197,10.247,8.004
Total Long-Term Assets,786.844,713.167,706.237,732.846,682.65,819.599,702.972,688.432,627.925,496.429,371.163,285.421,203.498,89.059,45.207,17.107,12.51,10.584,10.301,8.041,786.844,,786.844,678.927,713.167,729.97,706.237,731.153,732.846,686.61,682.65,790.591,819.599,718.855,702.972,686.299,688.432,644.873,627.925,607.271,496.429,442.525,371.163,305.812,287.097,285.421,248.838,203.498,157.413,89.059,63.996,45.207,25.892,17.107,0,10.584,10.301,8.041
Total Assets,1070.412,1038.532,1047.171,1064.896,1062.569,1268.931,945.235,875.901,792.223,671.588,543.499,323.855,248.324,183.493,120.607,39.182,20.209,18.736,20.336,9.568,1070.412,,1070.412,1012.169,1038.532,1107.058,1047.171,1057.596,1064.896,1002.494,1062.569,1134.263,1268.931,1051.13,945.235,899.57,875.901,797.753,792.223,774.661,671.588,610.141,543.499,461.861,410.773,323.855,273.51,248.324,225.691,183.493,176.173,120.607,42.253,39.182,0,18.736,20.336,9.568
,,,,,,,,,,,,,,,,,,,,,,,,,,,,,,,,,,,,,,,,,,,,,,,,,,,,,,,,,,
  Accounts Payable,27.1096,23.423352,20.790987,18.5729,24.27484,19.010934,19.12484,10.905813,36.59756,13.073899,8.287578,15.032108,4.554394,2.894683,3.258937,0.34688,0.09735,0.078221,0.21672,0.217702,27.1096,,27.1096,39.003239,23.423352,40.482933,20.790987,36.962283,18.5729,17.031296,24.27484,32.452112,19.010934,25.134912,19.12484,23.987046,10.905813,28.654044,36.59756,35.3589,13.073899,20.394031,8.287578,12.609629,11.539282,15.032108,5.178712,4.554394,2.533172,2.894683,1.071856,3.258937,3.179214,0.34688,0,0.078221,0.21672,0.217702
  Total Tax Payable,0.19,0.199,0.173,0.002,0.35,0,4.567,0,0,0,0.285,0.301,0.271,0.226,0,0,0,0,0,0,0.19,,0.19,0.156,0.199,0.201,0.173,0,0.002,0.002,0.35,0,0,0,4.567,0,0,0,0,0,0,0.285,0.285,0.339,0.285,0.301,0.274,0.271,0,0.226,0,0,0,0,0,0,0,0
  Other Current Payables,29.861,24.556,23.014,12.431,14.208,19.43,12.363,10.847,11.045,20.727,7.447,0,0,0,0,0,0,0,0,0,,,29.861,0,24.556,0,23.014,0,12.431,8.811,14.208,0,19.43,0,12.363,0,10.847,0,11.045,0,20.727,0,7.447,0,0,0,0,0,0,0,0,0,0,0,0,0,0,0
  Current Accrued Expense,0,0,0,0,0,0,0,0,0,0,0,0,0,0,0,0,0,0,0,0,,,0,0,0,0,0,0,0,0,0,0,0,0,0,0,0,0,0,0,0,0,0,0,0,0,0,0,0,0,0,0,0,0,0,0,0,0
Accounts Payable & Accrued Expense,57.161024,48.17772,43.977794,31.00671,38.832284,38.440791,36.0553,21.752838,47.64222,33.801114,16.019826,15.332696,4.825678,3.120679,3.258937,0.34688,0.09735,0.078221,0.21672,0.217702,57.161024,,57.161024,39.159386,48.17772,40.683482,43.977794,36.962283,31.00671,25.844736,38.832284,32.452112,38.440791,25.134912,36.0553,23.987046,21.752838,28.654044,47.64222,35.3589,33.801114,20.679523,16.019826,12.948979,11.823886,15.332696,5.452216,4.825678,2.533172,3.120679,1.071856,3.258937,3.179214,0.34688,0,0.078221,0.21672,0.217702
  Short-Term Debt,0,0,0,0,0,0,0,0,0,0,0,0,0,0,0,0,0,0,0,0,0,,0,0,0,0,0,0,0,0,0,0,0,0,0,0,0,0,0,0,0,0,0,0,0,0,0,0,0,0,0,0,0,0,0,0,0,0
  Short-Term Capital Lease Obligation,0,0,0,0,0,0,0,0,0,0,0,0,0,0,0,0,0,0,0,0,0,,0,0,0,0,0,0,0,0,0,0,0,0,0,0,0,0,0,0,0,0,0,0,0,0,0,0,0,0,0,0,0,0,0,0,0,0
Short-Term Debt & Capital Lease Obligation,0,0,0,0,0,0,0,0,0,0,0,0,0,0,0,0,0,0,0,0,0,,0,0,0,0,0,0,0,0,0,0,0,0,0,0,0,0,0,0,0,0,0,0,0,0,0,0,0,0,0,0,0,0,0,0,0,0
  Current Deferred Revenue,0,0,0,0,0,0,0,0,0,0,0,0,0,0,0,0,0,0,0,0,0,,0,0,0,0,0,0,0,0,0,0,0,0,0,0,0,0,0,0,0,0,0,0,0,0,0,0,0,0,0,0,0,0,0,0,0,0
  Current Deferred Taxes Liabilities,0,0,0.173,0.002,0.35,0,4.567,0,0,0,0.285,0,0,0,0,0,0,0,0,0,0,,0,0,0,0.201,0.173,0,0.002,0.002,0.35,0,0,0,4.567,0,0,0,0,0,0,0,0.285,0,0,0,0,0,0,0,0,0,0,0,0,0,0,0
Deferred Tax And Revenue,0,0,0,0,0,0,0,0,0,0,0,0,0,0,0,0,0,0,0,0,0,,0,0,0,0,0,0,0,0,0,0,0,0,0,0,0,0,0,0,0,0,0,0,0,0,0,0,0,0,0,0,0,0,0,0,0,0
Other Current Liabilities,3.472,5.565,6.553,6.442,6.946,3.185,0.385,0.196,0.085,3.071,0.46,0.376,0.37,0.321,0.253,0.132,0.098,0.065,0.026,0.054,3.472,,3.472,5.571,5.565,7.563,6.553,6.753,6.442,7.145,6.946,5.095,3.185,3.493,0.385,0.858,0.196,0.725,0.085,0.619,3.071,0.467,0.46,0.465,0.427,0.376,0.816,0.37,0.675,0.321,0.299,0.253,0.165,0.132,0,0.065,0.026,0.054
Total Current Liabilities,60.633,53.743,50.531,37.449,45.778,41.626,36.44,21.949,47.727,36.873,16.48,15.709,5.196,3.442,3.511,0.479,0.195,0.143,0.243,0.272,60.633,,60.633,44.731,53.743,48.246,50.531,43.715,37.449,32.989,45.778,37.547,41.626,28.627,36.44,24.845,21.949,29.379,47.727,35.977,36.873,21.146,16.48,13.414,12.251,15.709,6.268,5.196,3.208,3.442,1.371,3.511,3.345,0.479,0,0.143,0.243,0.272
  Long-Term Debt,0,0,0,0,0,0,0,0,0,0,0,0,0,0,0,0,0,0,0,0,0,,0,0,0,0,0,0,0,0,0,0,0,0,0,0,0,0,0,0,0,0,0,0,0,0,0,0,0,0,0,0,0,0,0,0,0,0
  Long-Term Capital Lease Obligation,0.477,0,0,0,0,0,0,0,0,0,0,0,0,0,0,0,0,0,0,0,0.477,,0.477,0,0,0,0,0,0,0,0,0,0,0,0,0,0,0,0,0,0,0,0,0,0,0,0,0,0,0,0,0,0,0,0,0,0,0
Long-Term Debt & Capital Lease Obligation,0.477,0,0,0,0,0,0,0,0,0,0,0,0,0,0,0,0,0,0,0,0.477,,0.477,0,0,0,0,0,0,0,0,0,0,0,0,0,0,0,0,0,0,0,0,0,0,0,0,0,0,0,0,0,0,0,0,0,0,0
Debt-to-Equity,0,0,0,0,0,0,0,0,0,0,0,0,0,0,0,0,0,0,0,0,0,,0,0,0,0,0,0,0,0,0,0,0,0,0,0,0,0,0,0,0,0,0,0,0,0,0,0,0,0,0,0,0,0,9999,0,0,0
Pension And Retirement Benefit,0,0,0,0,0,0,0,0,0,0,0,0,0,0,0,0,0,0,0,0,0,,0,0,0,0,0,0,0,0,0,0,0,0,0,0,0,0,0,0,0,0,0,0,0,0,0,0,0,0,0,0,0,0,0,0,0,0
NonCurrent Deferred Liabilities,0,0,0,0,0,0,0,0,0,0,0,0,0,0,0,0,0,0,0,0,0,,0,0,0,0,0,0,0,0,0,0,0,0,0,0,0,0,0,0,0,0,0,0,0,0,0,0,0,0,0,0,0,0,0,0,0,0
Other Long-Term Liabilities,39.404,25.437,11.121,10.861,8.177,6.165,4.769,1.927,4.659,3.432,1.688,1.775,1.061,0.396,0.082,0.082,0.082,0.083,0.091,0.591,39.404,,39.404,21.681,25.437,11.785,11.121,11.01,10.861,8.759,8.177,6.33,6.165,5.231,4.769,2.052,1.927,4.673,4.659,3.758,3.432,1.784,1.688,1.596,1.682,1.775,1.421,1.061,0.599,0.396,0.074,0.082,3.95,0.082,0,0.083,0.091,0.591
Total Long-Term Liabilities,39.881,25.437,11.121,10.861,8.177,6.165,4.769,1.927,4.659,3.432,1.688,1.775,1.061,0.396,0.082,0.082,0.082,0.083,0.091,0.591,39.881,,39.881,21.681,25.437,11.785,11.121,11.01,10.861,8.759,8.177,6.33,6.165,5.231,4.769,2.052,1.927,4.673,4.659,3.758,3.432,1.784,1.688,1.596,1.682,1.775,1.421,1.061,0.599,0.396,0.074,0.082,3.95,0.082,0,0.083,0.091,0.591
Total Liabilities,100.514,79.179,61.652,48.31,53.955,47.791,41.209,23.876,52.386,40.304,18.169,17.484,6.257,3.838,3.594,0.561,0.278,0.226,0.334,0.863,100.514,,100.514,66.412,79.179,60.031,61.652,54.725,48.31,41.749,53.955,43.877,47.791,33.858,41.209,26.897,23.876,34.052,52.386,39.735,40.304,22.93,18.169,15.009,13.933,17.484,7.69,6.257,3.807,3.838,1.445,3.594,7.295,0.561,,0.226,0.334,0.863
,,,,,,,,,,,,,,,,,,,,,,,,,,,,,,,,,,,,,,,,,,,,,,,,,,,,,,,,,,
Common Stock,503.487,497.592,512.816,529.765,498.874,534.645,444.614,422.745,373.602,379.115,390.719,0,0,0,0,0,0,0,0,0,503.487,,503.487,478.302,497.592,537.012,512.816,530.291,529.765,504.283,498.874,522.289,534.645,469.912,444.614,426.936,422.745,390.331,373.602,395.039,379.115,392.569,390.719,371.021,0,0,280.14,0,0,0,0,0,0,0,0,0,0,0
Preferred Stock,0,0,0,0,0,0,0,0,0,0,0,0,0,0,0,0,0,0,0,0,0,,0,0,0,0,0,0,0,0,0,0,0,0,0,0,0,0,0,0,0,0,0,0,0,0,0,0,0,0,0,0,0,0,0,0,0,0
Retained Earnings,492.942,472.067,470.957,482.54,507.77,684.053,457.762,426.662,362.721,250.017,133.324,0,0,0,3.335,-9.197,-9.98,1.074,1.14,1.278,492.942,,492.942,470.238,472.067,497.633,470.957,470.09,482.54,453.321,507.77,565.906,684.053,546.205,457.762,444.439,426.662,370.289,362.721,336.906,250.017,192.953,133.324,73.775,0,0,4.286,0,-21.532,0,2.779,3.335,1.295,-9.197,0,1.074,1.14,1.278
Accumulated other comprehensive income (loss),0,0,0,0,0,0,0,0,0,0,0,0,0,0,0,0,0,0,0,0,0,,0,0,0,0,0,0,0,0,0,0,0,0,0,0,0,0,0,0,0,0,0,0,0,0,0,0,0,0,0,0,0,0,0,0,0,0
Additional Paid-In Capital,0,0,0,0,0,0,0,0,0,0,0,314.87,254.717,179.651,120.164,46.473,28.708,0,0,0,0,,0,0,0,0,0,0,0,0,0,0,0,0,0,0,0,0,0,0,0,0,0,0,384.921,314.87,0,254.717,238.305,179.651,174.974,120.164,41.863,46.473,0,0,0,0
Treasury Stock,0,0,0,0,0,0,0,0,0,0,0,0,0,0,0,0,0,0,0,0,0,,0,0,0,0,0,0,0,0,0,0,0,0,0,0,0,0,0,0,0,0,0,0,0,0,0,0,0,0,0,0,0,0,0,0,0,0
Other Stockholders Equity,3.741,2.487,3.189,4.494,3.225,2.441,1.649,2.619,3.514,2.152,1.288,-8.499,-12.65,0.005,-6.486,1.345,1.202,17.436,18.862,7.427,3.741,,3.741,2.576,2.487,1.681,3.189,2.277,4.494,3.142,3.225,2.191,2.441,1.155,1.649,1.297,2.619,3.081,3.514,2.981,2.152,1.689,1.288,2.056,11.92,-8.499,-18.605,-12.65,5.111,0.005,-3.026,-6.486,-8.2,1.345,0,17.436,18.862,7.427
Total Stockholders Equity,1000.171,972.146,986.962,1016.799,1009.869,1221.14,904.026,852.025,739.837,631.283,525.331,306.371,242.067,179.655,117.013,38.621,19.931,18.51,20.002,8.705,1000.171,,1000.171,951.116,972.146,1036.326,986.962,1002.658,1016.799,960.745,1009.869,1090.386,1221.14,1017.272,904.026,872.673,852.025,763.701,739.837,734.926,631.283,587.211,525.331,446.852,396.841,306.371,265.821,242.067,221.884,179.655,174.727,117.013,34.958,38.621,0,18.51,20.002,8.705
Minority Interest,-30.273,-12.794,-1.443,-0.213,-1.256,0,0,0,0,0,0,0,0,0,0,0,0,0,0,0,-30.273,,-30.273,-5.359,-12.794,10.7,-1.443,0.213,-0.213,0,-1.256,0,0,0,0,0,0,0,0,0,0,0,0,0,0,0,0,0,0,0,0,0,0,0,0,0,0,0
Total Equity,969.898,959.352,985.519,1016.585,1008.614,1221.14,904.026,852.025,739.837,631.283,525.331,306.371,242.067,179.655,117.013,38.621,19.931,18.51,20.002,8.705,969.898,,969.898,945.757,959.352,1047.026,985.519,1002.871,1016.585,960.745,1008.614,1090.386,1221.14,1017.272,904.026,872.673,852.025,763.701,739.837,734.926,631.283,587.211,525.331,446.852,396.841,306.371,265.821,242.067,221.884,179.655,174.727,117.013,34.958,38.621,,18.51,20.002,8.705
Equity-to-Asset,0.934,0.936,0.943,0.955,0.95,0.962,0.956,0.973,0.934,0.94,0.967,0.946,0.975,0.979,0.97,0.986,0.986,0.988,0.984,0.91,0.934,,0.934,0.94,0.936,0.936,0.943,0.948,0.955,0.958,0.95,0.961,0.962,0.968,0.956,0.97,0.973,0.957,0.934,0.949,0.94,0.962,0.967,0.968,0.966,0.946,0.972,0.975,0.983,0.979,0.992,0.97,0.827,0.986,0,0.988,0.984,0.91
,,,,,,,,,,,,,,,,,,,,,,,,,,,,,,,,,,,,,,,,,,,,,,,,,,,,,,,,,,
Cashflow Statement,,,,,,,,,,,,,,,,,,,,,,,,,,,,,,,,,,,,,,,,,,,,,,,,,,,,,,,,,,
Net Income From Continuing Operations,115.543,234.359,132.021,120.635,154.694,213.73,34.449,52.118,112.215,123.205,124.544,8.713,-13.504,2.139,3.463,0.407,-0.364,-0.35,-0.801,-0.441,110.99,,27.713,83.274,92.145,152.727,86.526,47.046,57.138,60.443,109.924,46.871,122.22,80.428,2.788,30.429,31.72,18.866,36.808,79.734,65.675,59.76,53.373,68.399,20.539,9.08,-0.334,1.425,-16.444,-0.743,2.808,3.443,0.02,0.207,0.213,0,0,0
"Cash Flow Depreciation, Depletion and Amortization",104.869,92.637,88.651,86.937,78.003,85.685,62.826,53.861,31.042,22.059,11.968,8.02,0.332,0.157,0.193,0.251,0.037,0,0,0,102.01,,49.66,52.346,43.713,52.541,42.404,47.822,46.175,38.802,38.669,41.18,41.497,38.837,34.111,27.598,31.359,20.812,17.454,14.367,10.735,11.763,6.616,5.143,0,0,0,0,0,0,0,0,0,0,0,0,0,0
  Change In Receivables,-10.645,21.306,-10.391,0.808,-7.159,-0.869,0.794,0.29,9.338,-6.647,-19.177,-2.225,0,0.032,0.004,0.047,-0.112,0,0,0,-10.04,,1.055,-11.093,17.236,4.371,-21.945,11.947,-16.681,16.648,-8.283,1.177,10.346,-9.857,1.168,-0.36,-2.845,2.899,7.859,1.564,-8.256,1.672,4.855,-23.096,2.044,0,0,0,0,0,0,0,0,0,0,0,0,0
  Change In Inventory,-9.803,-17.052,-22.998,-18.138,15.469,2.958,3.91,-3.424,-24.786,-13.621,-22.221,-12.241,0,-1.244,-0.07,0,0,0,0,0,-9.09,,3.862,-12.956,-22.39,5.733,-8.573,-14.916,-12.284,-5.572,2.712,13.356,-7.537,9.224,-2.75,6.401,-6.568,2.908,-18.331,-6.826,-3.755,-10.248,-8.596,-13.094,-10.356,0,0,0,0,0,0,0,0,0,0,0,0,0
  Change In Prepaid Assets,0.711,-2.072,0.427,2.453,-1.496,-2.783,0.367,-3.088,-12.299,0.687,-0.716,0.458,0,-0.297,0.045,0.001,0.015,0,0,0,0.76,,1.725,-0.961,-0.248,-1.959,0.299,0.132,3.507,-1.003,-2.916,1.487,-4.728,1.71,3.035,-2.565,-3.469,0.353,-6.742,-5.875,10.22,-9.902,-1.012,0.284,-0.123,0,0,0,0,0,0,0,0,0,0,0,0,0
  Change In Payables And Accrued Expense,0,0,0,0,0,0,0,0,0,0,0,0,0,0,0,0,0,0,0,0,0,,0,0,0,0,0,0,0,0,0,0,0,0,0,0,0,0,0,0,0,0,0,0,0,0,0,0,0,0,0,0,0,0,0,0,0,0
  Change In Other Working Capital,4.668,13.798,14.94,-8.563,12.062,0.835,18.673,-32.026,23.52,12.598,4.288,10.552,0,-4.785,0.355,0.293,0.025,0,0,0,5.21,,15.051,-9.845,18.033,-4.548,8.674,6.48,5.514,-13.4,20.034,-8.346,12.216,-10.003,12.272,6.151,-12.256,-18.285,19.305,4.458,7.606,5.185,3.916,0.357,-2.622,0,0,0,0,0,0,0,0,0,0,0,0,0
Change In Working Capital,-15.069,15.98,-18.022,-23.439,18.877,0.141,23.743,-38.248,-4.226,-6.983,-37.826,-3.455,0,-6.294,0.333,0.34,-0.072,0,0,0,-13.16,,21.693,-34.855,12.631,3.597,-21.545,3.643,-19.944,-3.328,11.547,7.674,10.297,-8.926,13.725,9.627,-25.138,-12.125,2.091,-6.68,5.814,-13.293,-0.837,-35.548,-11.057,0,0,0,0,0.046,-6.179,3.159,-2.859,0,0,0,0,0
Deferred Tax,0,0,0,0,0,0,0,0,0,0,0,0,0,0,0,0,0,0,0,0,0,,0,0,0,0,0,0,0,0,0,0,0,0,0,0,0,0,0,0,0,0,0,0,0,0,0,0,0,0,0,0,0,0,0,0,0,0
Stock Based Compensation,2.82,-0.625,0.008,2.544,1.895,1.986,1.57,1.591,1.391,1.226,0.963,1.164,0,1.033,3.41,0.477,0,0,0,0,2.73,,1.045,1.683,0.923,-1.654,0.984,-1.018,1.193,1.286,1.126,0.804,1.129,0.753,0.661,0.873,0.971,0.573,0.695,0.742,0.842,0.399,0.603,0.346,0.006,0,0,0,0,0,0,0,0,0,0,0,0,0
Asset Impairment Charge,0,0,0,0,0,0,0,0,0,0,0,0,0,0,0,0,0,0,0,0,0,,0,0,0,0,0,0,0,0,0,0,0,0,0,0,0,0,0,0,0,0,0,0,0,0,0,0,0,0,0,0,0,0,0,0,0,0
Cash from Discontinued Operating Activities,0,0,0,0,0,0,0,0,0,0,0,0,0,0,0,0,0,0,0,0,0,,0,0,0,0,0,0,0,0,0,0,0,0,0,0,0,0,0,0,0,0,0,0,0,0,0,0,0,0,0,0,0,0,0,0,0,0
Cash Flow from Others,24.865,-5.093,-12.667,-10.187,-1.997,-8.141,1.355,5.058,9.116,-3.013,-1.075,0.37,6.177,-1.744,-6.722,-1.095,0.228,-0.178,0.149,-0.072,24.94,,26.31,-1.37,-1.631,-3.726,-7.115,-5.734,-4.975,-4.961,-3.633,1.713,-7.098,-0.916,2.389,-0.994,5.228,-0.157,6.636,2.616,-1.501,-1.57,-0.658,-0.4,12.482,9.259,-2.876,-4.414,12.033,-0.554,0,-3.118,0,0,0,0,0,0
Cash Flow from Operations,233.028,337.259,189.99,176.489,251.472,293.402,123.942,74.381,149.537,136.494,98.574,14.811,-6.995,-4.709,0.679,0.38,-0.171,-0.527,-0.652,-0.513,227.5,,126.422,101.078,147.781,203.485,101.255,91.759,79.586,92.242,157.633,98.242,168.045,110.177,53.674,67.533,44.14,27.969,63.684,90.779,81.565,57.059,59.098,37.939,21.97,18.339,-3.21,-2.99,-4.412,-1.25,-3.37,3.484,-2.839,0,0,0,0,0
,,,,,,,,,,,,,,,,,,,,,,,,,,,,,,,,,,,,,,,,,,,,,,,,,,,,,,,,,,
"Purchase Of Property, Plant, Equipment",-181.136,-103.279,-71.268,-69.836,-61.651,-85.459,-47.379,-56.555,-171.642,-147.398,-89.63,-97.715,-103.571,-42.398,-20.346,-5.58,-1.355,0,0,0,-178.02,,-121.043,-56.976,-63.746,-42.456,-37.315,-35.111,-30.678,-37.274,-35.715,-27.152,-43.198,-37.144,-25.476,-21.05,-20.873,-33.002,-69.106,-108.42,-71.418,-78.926,-54.313,-33.942,-30.466,-95.595,-1.929,-98.84,-5.211,0,0,0,0,0,0,0,0,0
"Sale Of Property, Plant, Equipment",0,0,0,0,0,0,0,0,0,0,0,2.64,0,0,0,0,0.389,0,0,0,0,,0,0,0,0,0,0,0,0,0,0,0,0,0,0,0,0,0,0,0,0,0,0,0,0,0,0,0,0,0,0,0,0,0,0,0,0
Purchase Of Business,0,0,0,0,0,0,0,0,-0.305,-0.103,-2.116,0,0,0,0,0,0,0,0,0,0,,0,0,0,0,0,0,0,0,0,0,0,0,0,0,0,0,0,0,0,0,0,0,0,0,0,0,0,0,0,0,0,0,0,0,0,0
Sale Of Business,0,0,0,0,0,0,0,5.913,0,0,0,24.69,0,0,0,0,0,0,0,0,0,,0,0,0,0,0,0,0,0,0,0,0,0,0,0,0,5.469,0,0,0,0,0,0,0,0,0,0,0,0,0,0,0,0,0,0,0,0
Purchase Of Investment,0,0,-7.145,0,0,0,0,0,-1.498,-3.978,-11.173,0,0,0,0,0,0,0,0,0,0,,0,0,0,0,0,-7.388,0,0,0,0,0,0,0,0,0,0,0,0,0,-4.133,-0.185,-10.56,0,0,0,0,0,0,0,0,0,0,0,0,0,0
Sale Of Investment,0,5.516,5.188,0,0,0,0,0.058,0.501,0,7.185,24.69,0,0,0,0,0,0,0,0,0,,0,0,0,5.924,5.188,0,0,0,0,0,0,0,0,0,0,0,0,0,0,0,0,0,0,0,0,0,0,0,0,0,0,0,0,0,0,0
Net Intangibles Purchase And Sale,0,0,0,0,0,0,0,0,0,0,0,0,0,0,0,0,0,0,0,0,0,,0,0,0,0,0,0,0,0,0,0,0,0,0,0,0,0,0,0,0,0,0,0,0,0,0,0,0,0,0,0,0,0,0,0,0,0
Cash From Discontinued Investing Activities,0,0,0,0,0,0,0,0,0,0,0,0,0,0,0,0,0,0,0,0,0,,0,0,0,0,0,0,0,0,0,0,0,0,0,0,0,0,0,0,0,0,0,0,0,0,0,0,0,0,0,0,0,0,0,0,0,0
Cash From Other Investing Activities,0.147,1.156,4.438,3.804,2.036,0.735,0.18,0.262,0.421,0.556,0.827,-24.69,1.768,0,0,0,0,0,0,0,0.15,,0.117,0.029,0.084,1.151,1.991,2.53,2.03,1.689,1.293,0.778,0.478,0.225,0.114,0.063,0.098,0.205,0.421,-1.376,0.051,0.417,5.895,0,0,74.859,-43.247,29.91,-30.998,0,0,0,0,0,0,0,0,0
Cash Flow from Investing,-180.988,-96.607,-68.787,-66.032,-59.615,-84.725,-47.199,-50.322,-172.523,-150.923,-94.907,-70.385,-101.804,-42.398,-20.346,-5.58,-0.965,-0.923,-1.66,-1.442,-177.87,,-120.927,-56.947,-63.662,-35.381,-30.135,-39.968,-28.649,-35.585,-34.423,-26.374,-42.72,-36.918,-25.362,-20.987,-20.775,-27.328,-68.685,-109.796,-71.367,-82.641,-48.602,-44.502,-30.466,-20.736,-45.176,-68.93,-36.209,-21.24,-20.618,-17.128,-3.256,0,0,0,0,0
,,,,,,,,,,,,,,,,,,,,,,,,,,,,,,,,,,,,,,,,,,,,,,,,,,,,,,,,,,
Issuance of Stock,0,0,0,0,0,0,0,0,0,2.084,2.315,29.341,35.552,72.182,64.088,20.116,0.014,0,0,0,0,,0,0,0,0,0,0,0,0,0,0,0,0,0,0,0,0,0,0,0.889,1.242,2.038,0.267,89.055,6.046,21.197,35.056,0.546,4.47,65.983,63.952,0.137,0,0,0,0,0
Repurchase of Stock,-1.046,-2.454,0,0,0,0,0,-1.114,0,0,0,0,0,-3.71,0,0,0,0,0,0,-1.05,,-1.046,0,-2.454,0,0,0,0,0,0,0,0,0,0,0,0,-1.03,0,0,0,0,0,0,0,0,0,0,0,-3.71,0,0,0,0,0,0,0,0
Net Issuance of Preferred Stock,0,0,0,0,0,0,0,0,0,0,0,0,0,0,0,0,0,0,0,0,0,,0,0,0,0,0,0,0,0,0,0,0,0,0,0,0,0,0,0,0,0,0,0,0,0,0,0,0,0,0,0,0,0,0,0,0,0
  Issuance of Debt,0,0,0,0,0,0,0,0,0,0,0,0,0,0,0,0,0,0,0,0,0,,0,0,0,0,0,0,0,0,0,0,0,0,0,0,0,0,0,0,0,0,0,0,0,0,0,0,0,0,0,0,0,0,0,0,0,0
  Payments of Debt,0,0,0,0,0,0,0,0,0,0,0,0,0,0,0,0,0,0,0,-0.106,0,,0,0,0,0,0,0,0,0,0,0,0,0,0,0,0,0,0,0,0,0,0,0,0,0,0,0,0,0,0,0,0,0,0,0,0,0
Net Issuance of Debt,0,0,0,0,0,0,0,0,0,0,0,0,0,0,0,0,0,0,0,-0.106,0,,0,0,0,0,0,0,0,0,0,0,0,0,0,0,0,0,0,0,0,0,0,0,0,0,0,0,0,0,0,0,0,0,0,0,0,0
Cash Flow for Dividends,-60.549,-103.211,-61.825,-114.208,-137.554,-36.904,-22.57,-6.342,0,0,0,0,0,0,0,0,0,0,0,0,-59.2,,-34.634,-24.571,-51.697,-55.323,-35.37,-27.356,-22.861,-86.953,-21.598,-121.396,-18.525,-16.154,-7.388,-14.591,0,0,0,0,0,0,0,0,0,0,0,0,0,0,0,0,0,0,0,0,0,0
Other Financing,-56.55,-129.661,-66.438,-60.349,-83.275,-14.821,-3.34,-3.067,0,-0.006,-0.073,-1.064,0,0,-3.8,-1.284,0,0,0,2.508,-54.77,,-22.184,-32.584,-54.498,-80.719,-36.395,-31.067,-29.329,-29.528,-52.575,-32.14,-14.821,0,-3.34,0,0,0,0,0,-0.006,0,-0.073,0,-2.842,-0.155,-0.827,0.961,-1.059,0.787,-0.767,-3.816,0.017,0,0,0,0,0
Cash Flow from Financing,-118.145,-235.326,-128.263,-174.557,-220.829,-51.725,-25.91,-10.523,0,2.078,2.242,28.277,35.552,68.472,60.288,18.832,0.014,0,10.897,2.401,-115.02,,-57.864,-57.155,-108.649,-136.042,-71.765,-58.423,-52.19,-116.481,-74.173,-153.537,-33.346,-16.154,-10.728,-14.591,-9.409,-1.03,0,0,0.883,1.242,1.965,0.267,86.213,5.891,20.369,36.017,-0.513,1.547,65.216,60.136,0.154,0,0,0,0,0
,,,,,,,,,,,,,,,,,,,,,,,,,,,,,,,,,,,,,,,,,,,,,,,,,,,,,,,,,,
Beginning Cash Position,219.043,207.002,215.644,284.147,298.305,159.892,83.94,67.721,89.751,101.659,99.085,46.448,111.403,69.479,23.244,7.246,8.843,9.532,1.404,1.053,218.37,,206.017,207.746,238.68,222.305,211.243,222.993,0,270.479,0,312.301,0,140.53,0,80.673,0,62.634,0,94.901,0,105.601,0,95.227,20.08,0,42.263,0,122.707,0,67.704,0.853,22.657,0,0,0,0,0
  Effect of Exchange Rate Changes,3.343392,4.384392,3.704365,3.22794,-1.011576,3.453912,-1.430188,-0.960417,-2.11792,1.767864,0.442338,2.056049,3.76376,1.961177,4.738763,1.077496,-0.1958,0,0,0,3.31,,2.633504,0.673072,2.56308,1.955952,1.692334,2.080593,1.14392,1.983776,-2.262618,1.309737,2.694564,0.667392,-1.12558,-0.292752,-1.64862,0.636507,-0.26718,-1.95693,0.927262,0.873194,-0.97905,1.366038,1.133929,-0.525352,2.348808,18.246904,-15.952792,-1.345796,3.222512,4.817231,-0.079404,0,0,0,0,0
Net Change in Cash,-62.762,9.711,-3.356,-60.872,-29.984,160.406,49.403,12.576,-25.104,-10.584,6.351,-25.241,-69.483,23.326,45.36,14.71,-1.317,-1.45,8.585,0.447,-62.09,,-49.736,-12.351,-21.967,34.019,1.046,-4.552,-0.108,-57.841,46.774,-80.359,94.674,57.772,16.458,31.663,12.308,0.248,-5.268,-20.974,12.008,-23.468,11.482,-4.93,78.851,2.969,-25.667,-17.655,-57.087,-22.288,44.45,51.309,-6.02,0,0,0,0,0
Ending Cash Position,156.281,216.713,212.289,223.275,268.321,320.298,133.343,80.296,64.647,91.075,105.436,21.208,41.92,92.805,68.603,21.956,7.526,8.082,9.989,1.5,156.281,,156.281,195.396,216.713,256.324,212.289,218.441,-0.108,212.639,46.774,231.941,94.674,198.301,16.458,112.336,12.308,62.881,-5.268,73.927,12.008,82.133,11.482,90.296,98.931,2.969,16.596,-17.655,65.621,-22.288,112.154,52.162,16.637,0,0,0,0,0
,,,,,,,,,,,,,,,,,,,,,,,,,,,,,,,,,,,,,,,,,,,,,,,,,,,,,,,,,,
Capital Expenditure,-181.136,-103.279,-71.268,-69.836,-61.651,-85.459,-47.379,-56.555,-171.642,-147.398,-89.63,-97.715,-103.571,-42.398,-20.346,-5.58,-1.355,0,0,0,-178.02,,-121.043,-56.976,-63.746,-42.456,-37.315,-35.111,-30.678,-37.274,-35.715,-27.152,-43.198,-37.144,-25.476,-21.05,-20.873,-33.002,-69.106,-108.42,-71.418,-78.926,-54.313,-33.942,-30.466,-95.595,-1.929,-98.84,-5.211,0,0,0,0,0,0,0,0,0
Free Cash Flow,51.893,233.98,118.722,106.653,189.821,207.943,76.563,17.826,-22.105,-10.904,8.944,-82.903,-110.566,-47.107,-19.667,-5.2,-1.525,-0.527,-0.652,-0.513,49.48,,5.378,44.102,84.035,161.03,63.94,56.649,48.908,54.967,121.917,71.09,124.847,73.033,28.198,46.483,23.267,-5.033,-5.422,-17.641,10.147,-21.867,4.785,3.997,-8.496,-77.256,-5.139,-101.83,-9.623,-1.25,-3.37,3.484,-2.839,0,0,0,0,0
,,,,,,,,,,,,,,,,,,,,,,,,,,,,,,,,,,,,,,,,,,,,,,,,,,,,,,,,,,
Valuation Ratios,,,,,,,,,,,,,,,,,,,,,,,,,,,,,,,,,,,,,,,,,,,,,,,,,,,,,,,,,,
PE Ratio,13.46,12.37,22.28,21.33,25.53,9.3,21.47,13.09,4.37,3.47,7.17,182.67,0,194.17,79.17,290,0,0,0,0,12.81,,13.46,0,12.37,9999,22.28,55.74,21.33,14.47,25.53,18.29,9.3,18.58,21.47,11.44,13.09,12.59,4.37,2.37,3.47,6.46,7.17,15.08,61.19,182.67,802.32,0,9999,194.17,103.43,79.17,9999,290,9999,0,0,9999
PE Ratio without NRI,13.46,12.37,22.28,21.33,25.53,9.3,21.47,13.09,4.37,3.47,7.17,182.67,0,194.17,79.17,290,0,0,0,0,12.61,,13.46,0,12.37,9999,22.28,55.74,21.33,14.47,25.53,18.29,9.3,18.58,21.47,11.44,13.09,12.59,4.37,2.37,3.47,6.46,7.17,15.08,61.19,182.67,802.32,0,9999,194.17,103.43,79.17,9999,290,9999,0,0,9999
Price-to-Owner-Earnings,13.88,9.44,19.54,21.76,17.99,8.39,14.31,0,9.48,7.27,31.69,0,0,0,0,0,0,0,0,0,12.61,,13.88,0,9.44,0,19.54,44,21.76,12.66,17.99,16.83,8.39,23.55,14.31,88.21,0,0,9.48,5.74,7.27,25.65,31.69,157.5,0,0,0,0,0,0,0,0,0,0,0,0,0,0
PB Ratio,1.03,1.47,1.49,1.24,1.81,1.31,0.82,0.8,0.66,0.68,1.72,5.52,3.56,2.84,3.07,4.34,3.09,1.99,1.88,4.91,0.93,,1.03,1.23,1.47,2.05,1.49,1.32,1.24,1.43,1.81,1.64,1.31,1.49,0.82,0.82,0.8,0.96,0.66,0.47,0.68,1.3,1.72,3.08,4.81,5.52,4.7,3.56,1.66,2.84,2.59,3.07,5.39,4.34,0,1.99,1.88,4.91
Price-to-Tangible-Book,1.03,1.47,1.49,1.24,1.81,1.31,0.82,0.8,0.66,0.68,1.72,5.52,3.56,2.84,3.07,4.34,3.09,1.99,1.88,4.91,0.93,,1.03,1.23,1.47,2.05,1.49,1.32,1.24,1.43,1.81,1.64,1.31,1.49,0.82,0.82,0.8,0.96,0.66,0.47,0.68,1.3,1.72,3.08,4.81,5.52,4.7,3.56,1.66,2.84,2.59,3.07,5.39,4.34,0,1.99,1.88,4.91
Price-to-Free-Cash-Flow,19.74,6.12,12.45,11.83,9.65,7.69,9.76,36.81,0,0,103,0,0,0,0,0,0,0,0,0,18.76,,19.74,0,6.12,0,12.45,16.76,11.83,7.93,9.65,9.23,7.69,15.17,9.76,10.16,36.81,0,0,0,0,0,103,0,0,0,0,0,0,0,0,0,0,0,0,0,0,0
Price-to-Operating-Cash-Flow,4.42,4.25,7.74,7.16,7.29,5.45,6.02,9.06,3.28,3.14,9.05,109.6,0,0,439.32,402.92,0,0,0,0,4.12,,4.42,0,4.25,0,7.74,9.34,7.16,5.43,7.29,6.74,5.45,9.3,6.02,6.26,9.06,7.62,3.28,2.04,3.14,6.57,9.05,22.5,46.32,109.6,0,0,0,0,295,0,0,0,0,0,0,0
PS Ratio,1.87,2.33,2.96,2.65,3.64,2.9,2.21,2.24,1.59,1.62,4.1,63.23,435,145.63,237.5,333.08,127.94,90.73,150.58,802.63,1.75,,1.87,0,2.33,0,2.96,3.83,2.65,2.75,3.64,3.49,2.9,3.89,2.21,2.12,2.24,2.68,1.59,1.06,1.62,3.29,4.1,8.46,22.56,63.23,0,435,84,145.63,196.67,237.5,0,0,0,0,0,0
PEG Ratio,0,0.85,1.37,1.52,2.11,1.48,0.9,0,0,0,0,0,0,0,0,0,0,0,0,0,0,,0,0,0.85,0,1.37,2.88,1.52,0.86,2.11,2.52,1.48,0,0.9,0.38,0,0.18,0,0,0,0,0,0,0,0,0,0,0,0,0,0,0,0,0,0,0,0
EV-to-Revenue,1.53,1.95,2.51,2.17,3.08,2.32,1.79,1.98,1.38,1.29,3.65,63.92,462.27,117.55,200.51,317.11,112.29,70.82,110.5,774.45,1.42,,1.53,0,1.95,0,2.51,3.14,2.17,2.31,3.08,3.04,2.32,3.35,1.79,1.78,1.98,2.53,1.38,0.85,1.29,2.97,3.65,8.01,23.29,63.92,1546.46,462.27,96.49,117.55,134.1,200.51,348.61,317.11,578.36,70.82,110.5,0
EV-to-EBITDA,3.81,3.67,5.65,4.96,6.67,4.26,5.97,5.42,2.81,2.41,5.9,97.47,-61.81,537.47,-199.87,-970.8,-609.56,-82.24,110.5,774.45,3.59,,3.81,0,3.67,0,5.65,7.48,4.96,4.74,6.67,6.24,4.26,8.14,5.97,4.78,5.42,6.66,2.81,1.62,2.41,5.09,5.9,12.67,44.57,97.47,-1164.86,-61.81,245.84,537.47,-196.22,-199.87,-257.53,-970.8,578.36,-82.24,110.5,0
EV-to-EBIT,7.26,5.11,9.43,8.51,10.03,5.96,15.55,10.58,3.53,2.85,6.47,183.91,-60.3,673.6,-175.93,-363.39,-428.55,-82.24,110.5,774.45,6.87,,7.26,0,5.11,0,9.43,14.74,8.51,6.89,10.03,9.31,5.96,14.7,15.55,9,10.58,10.77,3.53,1.9,2.85,5.9,6.47,14.64,65.3,183.91,-1164.86,-60.3,245.84,673.6,-196.22,-175.93,-257.53,-363.39,578.36,-82.24,110.5,0
Earnings Yield (Joel Greenblatt) %,13.77,19.57,10.6,11.75,9.97,16.78,6.43,9.45,28.33,35.09,15.46,0.54,-1.66,0.15,-0.57,-0.28,-0.23,-1.22,0.9,0.13,14.56,,13.77,0,19.57,0,10.6,6.78,11.75,14.51,9.97,10.74,16.78,6.8,6.43,11.11,9.45,9.29,28.33,52.63,35.09,16.95,15.46,6.83,1.53,0.54,-0.09,-1.66,0.41,0.15,-0.51,-0.57,-0.39,-0.28,0.17,-1.22,0.9,0
Forward Rate of Return (Yacktman) %,13.33,25.45,24.44,21.68,16.25,9.16,19.46,44.4,-7.17,-11.2,-5.34,-1519.59,0,0,0,0,0,0,0,0,14.82,,13.33,0,25.45,0,24.44,28.19,21.68,24,16.25,10.85,9.16,-1.96,19.46,18.53,44.4,62.73,-7.17,-12.03,-11.2,-6.64,-5.34,-1982.38,-1415.99,-1519.59,0,0,0,0,0,0,0,0,0,0,0,0
Shiller PE Ratio,10.07,13.82,15.98,15.46,24.58,24.01,15.32,15.25,13.2,17.1,72.75,0,0,0,0,0,0,0,0,0,9.15,,10.07,0,13.82,0,15.98,14.89,15.46,16.83,24.58,25.44,24.01,0,15.32,0,15.25,0,13.2,0,17.1,0,72.75,0,0,0,0,0,0,0,0,0,0,0,0,0,0,0
Dividend Yield %,5.74,7.66,4.37,8.27,8.11,2.11,3.03,0.94,0,0,0,0,0,0,0,0,0,0,0,0,8.62,,5.74,6.6,7.66,4.44,4.37,3.7,8.27,7.53,8.11,8.04,2.11,1.56,3.03,2.96,0.94,0,0,0,0,0,0,0,0,0,0,0,0,0,0,0,0,0,0,0,0,0
,,,,,,,,,,,,,,,,,,,,,,,,,,,,,,,,,,,,,,,,,,,,,,,,,,,,,,,,,,
Valuation and Quality,,,,,,,,,,,,,,,,,,,,,,,,,,,,,,,,,,,,,,,,,,,,,,,,,,,,,,,,,,
Market Cap,1027.16,1429.917,1468.063,1256.339,1823.787,1595.67,741.958,678.592,490.672,432.298,903.349,1691.377,862.432,511.097,358.974,167.706,61.502,36.826,37.529,42.737,933.024,,1027.16,1170.328,1429.917,2120.022,1468.063,1322.413,1256.339,1374.12,1823.787,1783.463,1595.67,1519.63,741.958,711.427,678.592,731.589,490.672,347.931,432.298,762.718,903.349,1375.585,1907.874,1691.377,1250.302,862.432,369.398,511.097,452.172,358.974,188.315,167.706,138.791,36.826,37.529,42.737
Enterprise Value ($M),841.082,1200.41,1249.407,1032.85,1554.117,1275.267,608.505,598.034,425.422,341.223,797.913,1670.169,820.511,418.291,283.704,145.75,53.976,28.744,27.54,41.237,765.286,,841.082,969.58,1200.41,1874.398,1249.407,1096.735,1032.85,1161.482,1554.117,1551.424,1275.267,1321.193,608.505,598.883,598.034,668.511,425.422,274.005,341.223,680.585,797.913,1274.835,1808.943,1670.169,1233.706,820.511,303.777,418.291,340.018,283.704,172.229,145.75,138.791,28.744,27.54,41.237
Month End Stock Price,0.888,1.237,1.27,1.088,1.583,1.385,0.644,0.589,0.446,0.393,0.824,1.644,0.87,0.583,0.475,0.29,0.123,0.073,0.091,0.125,0.8068,,0.888,1.012,1.237,1.834,1.27,1.144,1.088,1.19,1.583,1.548,1.385,1.319,0.644,0.618,0.589,0.635,0.446,0.316,0.393,0.693,0.824,1.26,1.764,1.644,1.225,0.87,0.42,0.583,0.593,0.475,0.325,0.29,0.24,0.073,0.091,0.125
Net Cash per Share,0.07,0.13,0.14,0.15,0.19,0.24,0.08,0.05,0.01,0.05,0.08,0,0.04,0.1,0.09,0.04,0.01,0.02,0.02,0,0.07,,0.07,0.12,0.13,0.16,0.14,0.15,0.15,0.15,0.19,0.16,0.24,0.14,0.08,0.07,0.05,0.03,0.01,0.03,0.05,0.05,0.08,0.08,0.08,0,0.01,0.04,0.07,0.1,0.15,0.09,0.02,0.04,,0.02,0.02,0
Net Current Asset Value,0.18,0.22,0.24,0.25,0.28,0.35,0.17,0.14,0.1,0.12,0.14,0.02,0.04,0.1,0.1,0.04,0.01,0.02,0.02,0,0.18,,0.18,0.24,0.22,0.27,0.24,0.23,0.25,0.24,0.28,0.26,0.35,0.26,0.17,0.16,0.14,0.1,0.1,0.12,0.12,0.13,0.14,0.13,0.1,0.02,0.02,0.04,0.07,0.1,0.15,0.1,0.02,0.04,,0.02,0.02,0
Net-Net Working Capital,0.13,0.17,0.19,0.2,0.24,0.29,0.13,0.1,0.06,0.09,0.11,0.01,0.04,0.1,0.09,0.04,0.01,0.02,0.02,0,0.13,,0.13,0.17,0.17,0.22,0.19,0.19,0.2,0.19,0.24,0.22,0.29,0.2,0.13,0.12,0.1,0.07,0.06,0.08,0.09,0.08,0.11,0.09,0.09,0.01,0.01,0.04,0.07,0.1,0.15,0.09,0.02,0.04,0,0.02,0.02,0
Intrinsic Value: Projected FCF,2.09,2.41,1.84,1.69,1.55,1.21,0.4,0.14,-0.01,-0.06,-0.12,-0.32,-0.22,0.05,0.08,0,0,0,0,0,2.09,,2.09,0,2.41,1.55,1.84,1.98,1.69,1.72,1.55,1.4,1.21,0.96,0.4,0.52,0.14,0.2,-0.01,0.17,-0.06,0.05,-0.12,-0.02,-0.36,-0.32,0,-0.22,0,0.05,0,0.08,0,0,0,0,0,0
Median PS Value,1.27,1.56,1.31,1.38,1.7,8.95,16.3,32.22,34.91,0,0,0,0,0,0,0,0,0,0,0,1.27,,1.27,0,1.56,0,1.31,0,1.38,0,1.7,0,8.95,0,16.3,0,32.22,0,34.91,0,0,0,0,0,0,0,0,0,0,0,0,0,0,0,0,0,0,0
Peter Lynch Fair Value,0,1.46,0.93,0.72,0.75,0.93,0.72,0,0,0,0,0,0,0,0,0,0,0,0,0,0,,0,0,1.46,0,0.93,0.4,0.72,1.38,0.75,0.62,0.93,0,0.72,1.35,0,1.23,0,0,0,0,0,0,0,0,0,0,0,0,0,0,0,0,0,0,0,0
Graham Number,1.13,1.38,1.05,1,1.11,1.89,0.72,0.87,1.24,1.21,1.11,0.24,0,0.11,0.14,0.03,0,0,0,0,1.11,,1.11,1.28,1.4,1.4,1.05,0.84,0.99,1.2,1.11,1.33,1.82,1.19,0.71,0.96,0.86,0.86,1.27,1.41,1.22,1.12,1.1,0.87,0.49,0.24,0.11,0,0,0.11,0.17,0.14,0.07,0.03,0,0,0,0
Earnings Power Value (EPV),0.68,1.05,0.75,0.59,0.64,0.66,0.39,0.12,-2.68,-1.91,-1.36,-0.68,-0.4,-0.13,-0.04,-0.03,0,0,0,0,0.68,,0.68,0,1.05,0.43,0.75,0.51,0.59,0.42,0.64,0.28,0.66,0.13,0.39,0.1,0.12,-4.4,-2.68,-3.35,-1.91,-2.19,-1.36,-1.47,-1.28,-0.68,-0.67,-0.4,0,-0.13,0,-0.04,0,-0.03,0,0,0,0
Altman Z-Score,7.9,13.13,16.14,17.39,22.28,22.16,12.24,18.5,7.29,8.2,31.68,58.32,82.72,80.56,60.79,179.75,132.65,98.42,68.06,30.07,7.34,,7.9,0,13.13,22.54,16.14,16.1,17.39,21.79,22.28,26.39,22.16,28.68,12.24,17.48,18.5,14.39,7.29,7.18,8.2,21.62,31.68,56.57,78.76,58.32,98.07,82.72,58.2,80.56,187.82,60.79,16.15,179.75,0,98.42,68.06,30.07
Piotroski F-Score,3,8,8,6,4,9,5,5,4,4,6,6,2,3,5,5,5,3,9999,9999,3,,3,0,8,5,8,5,6,6,4,8,9,8,5,7,5,5,4,5,4,4,6,6,6,6,3,2,2,3,9999,5,9999,5,9999,3,9999,9999
Beneish M-Score,-1.55,-3.96,-3.23,141.21,-3.31,-3.14,-2.99,-1.96,-2.52,-2.45,-9999999.999,15.72,9999999.999,-1.32,-2.05,-4.04,0,0,0,0,-1.55,,-1.55,0,-3.96,0,-3.23,0,141.21,-3.71,-3.31,-1.94,-3.14,-2.72,-2.99,-1.89,-1.96,-2.03,-2.52,-2.21,-2.45,-9999999.999,-9999999.999,427.58,0,15.72,-9999999.999,9999999.999,-3.01,-1.32,1.02,-2.05,0,-4.04,0,0,0,0
Scaled Net Operating Assets,0.784,0.709,0.721,0.747,0.583,0.953,0.88,0.974,1.004,0.994,1.297,1.148,1.091,0.72,1.065,0.825,0.662,0.513,1.047,0.753,0.804,,0.804,0.723,0.671,0.755,0.726,0.73,0.791,0.704,0.653,0.676,0.857,0.866,0.857,0.868,0.967,0.884,0.871,0.984,0.885,0.929,0.909,0.843,0.92,1.043,1.004,0.887,0.852,0.493,0.519,0.988,0.482,0,0,0.513,1.047,0.753
Sloan Ratio %,2.27,-12,-5.2,-4.82,-11.29,-2.89,-4.47,3.2,17.07,20.49,22.24,19.85,38.37,26.84,19.18,14.31,5.98,5.87,7.43,15.82,2.28,,2.28,-2.51,-12.72,-11.54,-5.32,-5.73,-4.7,-9.09,-11.53,-8.93,-2.96,-1.8,-4.41,-0.86,3.03,7.53,17.74,19.91,20.97,21.01,21.68,22.52,9.86,18.38,44.38,39.27,20.35,26.46,24.91,19.24,,,,,,
Current Ratio,4.68,6.05,6.75,8.87,8.3,10.79,6.65,8.54,3.44,4.75,10.46,2.45,8.63,27.44,21.47,46.13,39.43,57.1,41.26,5.62,4.68,,4.68,7.45,6.05,7.82,6.75,7.47,8.87,9.58,8.3,9.15,10.79,11.61,6.65,8.58,8.54,5.2,3.44,4.65,4.75,7.93,10.46,11.63,10.1,2.45,3.94,8.63,21.28,27.44,81.82,21.47,4.89,46.13,0,57.1,41.26,5.62
Quick Ratio,3.08,4.41,5.1,6.81,6.58,8.32,4.18,4.45,1.71,3.16,7.63,1.5,8.18,27.05,21.45,46.13,39.43,57.1,41.26,5.62,3.08,,3.08,5.64,4.41,6.14,5.1,5.62,6.81,6.98,6.58,6.68,8.32,8.61,4.18,5.21,4.45,2.58,1.71,2.77,3.16,5.23,7.63,9.21,8.11,1.5,2.85,8.18,20.65,27.05,81.82,21.45,4.89,46.13,0,57.1,41.26,5.62
Cash Ratio,2.58,4.03,4.3,5.96,5.86,7.7,3.66,3.67,1.37,2.47,6.4,1.35,8.07,26.96,21.44,45.88,38.55,56.61,41.07,5.52,2.58,,2.58,4.37,4.03,5.31,4.3,5.17,5.96,6.45,5.86,6.18,7.7,6.93,3.66,4.53,3.67,2.15,1.37,2.05,2.47,3.88,6.4,7.51,8.08,1.35,2.65,8.07,20.45,26.96,81.81,21.44,4.81,45.88,0,56.61,41.07,5.52
Interest Coverage,377.83,548.84,278.83,164.32,599.41,1103.95,346.15,10000,10000,10000,10000,10000,10000,10000,10000,10000,10000,10000,10000,10000,371.08,,298.82,448.23,404.2,707.61,354.31,202.01,84.07,1081.44,576.41,10000,789.28,10000,133.66,10000,10000,10000,10000,10000,10000,10000,10000,10000,10000,10000,10000,10000,10000,10000,10000,10000,10000,10000,10000,10000,10000,10000
Highest Stock Price,1.348,2.321,1.5235,1.6585,1.905,1.8,0.721,0.75,0.6415,1.073,1.764,1.7125,0.9025,0.7825,0.4925,0.3675,0,0.155,0.13,0.13,1.10984,,1.076,1.348,2.321,1.8595,1.5235,1.362,1.221,1.6585,1.675,1.905,1.8,1.319,0.693,0.721,0.75,0.6475,0.5325,0.6415,1.073,1.006,1.415,1.764,1.971,1.7125,1.4275,0.9025,0.5875,0.7825,0.69,0.4925,0.3275,0.3675,0.255,0.155,0.11125,0.13
Lowest Stock Price,0.8074,0.9444,0.7984,0.8626,1.318,0.618,0.516,0.441,0.3038,0.31,0.8075,0.785,0.2225,0.41,0.2575,0.1225,0,0.07125,0.07625,0,0.696,,0.8074,1.0105,1.0655,0.9444,1.0705,0.7984,0.8626,1.141,1.318,1.358,1.149,0.618,0.536,0.516,0.4534,0.441,0.3083,0.3038,0.31,0.6065,0.8075,1.145,1.5,1.0675,0.785,0.365,0.2225,0.5625,0.41,0.3175,0.2575,0.235,0.1225,0.07125,0.07625,0.0775
Shares Buyback Ratio %,-0.04,0,-0.11,-0.23,0,0,0,-4.6,0,-0.47,-6.56,-3.78,-12.98,-16.1,-30.68,-15.18,1.16,-23.5,-20.29,,-0.042856328,,0,-0.04,0,0,0,-0.11,0,-0.23,0,0,0,0,0,0,0,-4.6,0,0,0,-0.47,-0.42,-0.94,-5.13,-0.8,-2.96,-12.71,-0.24,-14.97,-0.98,-30.43,-0.2,0,-13.85,-23.5,-20.29,
Buyback Yield %,0.1,0.17,0,0,0,0,0,0.16,0,-0.48,-0.26,-1.73,-4.12,-13.4,-17.85,-12,-0.02,0,0,0,0.11,,0.2,0,0.34,0,0,0,0,0,0,0,0,0,0,0,0,0.28,0,0,-0.41,-0.33,-0.45,-0.04,-9.34,-0.71,-3.39,-8.13,-0.3,-0.3,-29.18,-35.63,-0.15,0,0,0,0,0
YoY Rev. per Sh. Growth,-10.76,24.02,4.51,-5.62,-8.9,63.15,11.05,-5.98,15.75,20.11,686.33,1229.53,-55.32,91.33,158.95,-9.06,19.82,31.86,0,0,-16.36,,-2.84,-27.13,2.05,57.59,14.47,2.01,-15.43,-2.3,-1.01,-1.32,74.24,38.55,-3.92,34.56,15.79,-33.47,-6.27,47.76,33.55,14.6,90.32,275.22,0,4677.54,-82.75,-76.79,-23.64,62.44,129.55,0,0,0,0,0,0,0
YoY EPS Growth,-34.35,74.09,12.93,-17.9,-58.41,402.54,-34.73,-55.56,-9.52,-1.53,1245.76,158.17,-664.89,-52.96,615.44,214.94,2.49,64.65,-50.92,0,-40,,-47.72,-29.24,16.92,284.91,94.67,-49.79,-54.12,109.84,-29.37,-81.57,2954.24,162.4,-91.58,57.97,-17.41,-77.2,-44.81,33.09,22.66,-13.12,147.93,611.85,0,281.98,98.35,304.55,-614.61,-157.57,1.32,0,0,171.14,122.37,99.97,0,0
YoY EBITDA Growth (%),-32.72,48.25,6.24,-10.78,-22.61,195.7,-8.78,-30.26,6.26,4.16,642.26,216.57,-1627.79,141.71,0,0,74.37,-213.56,0,0,-37.93,,-42.67,-34.44,4.88,117.08,24.07,-4.22,-31.08,15.03,-9.26,-27,292.23,106.27,-38.65,43.78,7.23,-60.75,-18.93,37.22,22.83,-3.78,74.4,248.81,1628.57,227.26,-427.8,-1533.48,0,145.71,0,-220.11,0,0,0,0,0,0
5-Year EBITDA Growth Rate (Per Share),-1.4,14.59,16.3,14.05,12.08,6.27,23.86,0,0,0,0,0,0,0,0,0,0,0,0,0,-1.4,,-1.4,0,14.59,0,16.3,19.33,14.05,16.8,12.08,7.27,6.27,-3.62,23.86,29.81,0,69.16,0,0,0,0,0,0,0,0,0,0,0,0,0,0,0,0,0,0,0,0
Shares Outstanding (Basic Average),1152.247,1152.715,1152.715,1151.926,1150.221,1148.092,1144.5,1131.522,1090.243,1089.654,1083.738,1018.426,920.994,824.906,618.554,522.289,502.06,507.946,411.28,341.895,1151.703,,1151.703,1152.791,1152.641,1152.789,1153.292,1152.138,1151.926,1150.661,1150.221,1149.719,1148.092,1152.617,1144.5,1142.858,1131.522,1120.935,1090.243,1090.05,1089.654,1089.245,1083.738,1082.071,1034.673,1018.426,996.405,920.994,878.656,824.906,760.005,618.554,578.831,522.289,520.214,507.946,411.28,341.895
Shares Outstanding (EOP),1156.451,1155.955,1155.955,1154.723,1152.108,1152.108,1152.108,1152.108,1101.397,1101.397,1096.297,1028.818,991.301,877.419,755.734,578.295,502.06,507.946,411.28,341.895,1156.45,,1156.451,1156.451,1155.955,1155.955,1155.955,1155.955,1154.723,1154.723,1152.108,1152.108,1152.108,1152.108,1152.108,1152.108,1152.108,1152.108,1101.397,1101.397,1101.397,1101.397,1096.297,1091.734,1081.561,1028.818,1020.655,991.301,879.519,877.419,763.159,755.734,579.43,578.295,578.295,507.946,411.28,341.895
Beta,0,0.56,0.54,1.54,1.52,1.63,1.7,2.18,2.29,0.71,0.24,0.82,1.09,0.88,1.05,0.35,-0.22,0,0,0,0.57,,0,0,0.56,0.75,0.54,1.11,1.54,0.95,1.52,1.11,1.63,1.52,1.7,2.48,2.18,2.57,2.29,1.58,0.71,0.49,0.24,0.56,0.56,0.82,0.81,1.09,1.38,0.88,1.14,1.05,1.61,0.35,-0.64,0,0,0
Restated Filing Date,04/05/22,04/05/22,03/31/21,05/27/20,03/07/19,02/20/18,02/03/17,04/05/16,04/13/15,03/28/14,03/27/13,03/01/11,07/29/10,09/15/09,,,,06/30/05,06/30/04,06/30/03,04/05/22,,04/05/22,08/05/21,04/05/22,08/05/21,03/31/21,08/04/20,05/27/20,07/31/19,03/07/19,08/02/18,02/20/18,08/03/17,02/03/17,08/10/16,04/05/16,08/12/15,04/13/15,08/14/14,03/28/14,08/14/13,03/27/13,08/14/12,03/01/11,03/01/11,02/13/10,07/29/10,02/13/10,09/15/09,,,,,,06/30/05,06/30/04,06/30/03
Filing Date,04/05/22,04/05/22,05/27/20,03/07/19,02/20/18,02/03/17,04/05/16,04/13/15,03/28/14,03/27/13,04/01/12,07/29/10,09/15/09,09/15/09,,,,06/30/05,06/30/04,06/30/03,04/05/22,,04/05/22,08/05/21,04/05/22,08/04/20,05/27/20,07/31/19,03/07/19,08/02/18,02/20/18,08/03/17,02/03/17,08/10/16,04/05/16,08/12/15,04/13/15,08/14/14,03/28/14,08/14/13,03/27/13,08/14/12,04/01/12,08/02/11,03/01/11,07/29/10,02/13/10,09/15/09,02/13/10,09/15/09,,,,,,06/30/05,06/30/04,06/30/03
Earnings Release Date,03/16/22,03/22/21,05/18/20,02/25/19,01/31/18,02/01/17,03/21/16,03/23/15,03/24/14,03/27/13,01/30/12,,,,,,,,,,03/16/22,,03/16/22,08/05/21,03/22/21,08/04/20,05/18/20,07/31/19,02/25/19,08/02/18,01/31/18,08/03/17,02/01/17,08/10/16,03/21/16,08/12/15,03/23/15,08/14/14,03/24/14,08/14/13,03/27/13,08/14/12,01/30/12,,,,,,,,,,,,,,,
Number of Shareholders,0,0,0,0,0,0,0,0,0,0,0,0,0,0,0,0,0,0,0,0,0,,0,0,0,0,0,0,0,0,0,0,0,0,0,0,0,0,0,0,0,0,0,0,0,0,0,0,0,0,0,0,0,0,0,0,0,0
Number of Employees,2329,1709,2556,1497,2503,1490,1462,0,0,0,0,0,0,0,0,0,0,0,0,0,2329,,2329,1709,1709,2556,2556,1497,1497,2503,2503,1490,1490,1462,1462,0,0,0,0,0,0,0,0,0,0,0,0,0,0,0,0,0,0,0,0,0,0,0
,,,,,,,,,,,,,,,,,,,,,,,,,,,,,,,,,,,,,,,,,,,,,,,,,,,,,,,,,,
Forex Rate,1.329787234,1.344086021,1.31061599,1.265822785,1.340482574,1.248439451,1.497005988,1.564945227,1.639344262,1.615508885,1.557632399,1.477104874,1.636661211,1.964636542,1.988071571,1.84501845,1.818181818,1.828153565,1.661129568,1.483679525,,,1.329787234,1.402524544,1.344086021,1.251564456,1.31061599,1.267427123,1.265822785,1.329787234,1.340482574,1.280409731,1.248439451,1.420454545,1.497005988,1.557632399,1.564945227,1.692047377,1.639344262,1.550387597,1.615508885,1.555209953,1.557632399,1.620745543,1.560062403,1.477104874,1.623376623,1.636661211,1.485884101,1.964636542,2.016129032,1.988071571,1.964636542,1.84501845,1.745200698,1.828153565,1.661129568,1.483679525
,,,,,,,,,,,,,,,,,,,,,,,,,,,,,,,,,,,,,,,,,,,,,,,,,,,,,,,,,,
