0,1,2,3,4,5,6,7,8,9,10,11,12,13,14,15,16,17,18,19,20,21,22,23,24,25,26,27,28,29,30,31,32,33,34,35,36,37,38,39,40,41,42,43,44,45,46,47,48,49,50,51,52,53,54,55,56,57,58,59
Downloaded from http://www.GuruFocus.com on Mon Jun 20 2022 17:18:39 GMT+0700 (GMT+07:00),,,,,,,,,,,,,,,,,,,,,,,,,,,,,,,,,,,,,,,,,,,,,,,,,,,,,,,,,,,
GuruFocus_ASX:EVN_Financial_2022-6-20 at 17:18.csv,,,,,,,,,,,,,,,,,,,,,,,,,,,,,,,,,,,,,,,,,,,,,,,,,,,,,,,,,,,
,,,,,,,,,,,,,,,,,,,,,,,,,,,,,,,,,,,,,,,,,,,,,,,,,,,,,,,,,,,
ASX:EVN,"Evolution Mining Ltd, Australia, Basic Materials, Metals & Mining, Gold",,,,,,,,,,,,,,,,,,,,,,,,,,,,,,,,,,,,,,,,,,,,,,,,,,,,,,,,,,
Key Statistics: ,,,,,,,,,,,,,,,,,,,,,,,,,,,,,,,,,,,,,,,,,,,,,,,,,,,,,,,,,,,
Price,3.46,,,,,,,,,,,,,,,,,,,,,,,,,,,,,,,,,,,,,,,,,,,,,,,,,,,,,,,,,,
Market Cap (Million),4704.56,,,,,,,,,,,,,,,,,,,,,,,,,,,,,,,,,,,,,,,,,,,,,,,,,,,,,,,,,,
Shares Outstanding (Million),1833.01,,,,,,,,,,,,,,,,,,,,,,,,,,,,,,,,,,,,,,,,,,,,,,,,,,,,,,,,,,
PE Ratio,31.27,,,,,,,,,,,,,,,,,,,,,,,,,,,,,,,,,,,,,,,,,,,,,,,,,,,,,,,,,,
PB Ratio,2.25,,,,,,,,,,,,,,,,,,,,,,,,,,,,,,,,,,,,,,,,,,,,,,,,,,,,,,,,,,
PS Ratio,3.66,,,,,,,,,,,,,,,,,,,,,,,,,,,,,,,,,,,,,,,,,,,,,,,,,,,,,,,,,,
,,,,,,,,,,,,,,,,,,,,,,,,,,,,,,,,,,,,,,,,,,,,,,,,,,,,,,,,,,,
Growth Rate: ,,,,,,,,,,,,,,,,,,,,,,,,,,,,,,,,,,,,,,,,,,,,,,,,,,,,,,,,,,,
Annual Rates (per share),10 Years,5 Years,12 Months,,,,,,,,,,,,,,,,,,,,,,,,,,,,,,,,,,,,,,,,,,,,,,,,,,,,,,,,
Revenue Growth (%),4.3,4.1,-14.7,,,,,,,,,,,,,,,,,,,,,,,,,,,,,,,,,,,,,,,,,,,,,,,,,,,,,,,,
EBITDA  Growth (%),0,32.4,-20.1,,,,,,,,,,,,,,,,,,,,,,,,,,,,,,,,,,,,,,,,,,,,,,,,,,,,,,,,
Free Cash Flow Growth (%),0,-77.6,-2.1,,,,,,,,,,,,,,,,,,,,,,,,,,,,,,,,,,,,,,,,,,,,,,,,,,,,,,,,
Book Value Growth (%),4.7,6.6,12.2,,,,,,,,,,,,,,,,,,,,,,,,,,,,,,,,,,,,,,,,,,,,,,,,,,,,,,,,
,,,,,,,,,,,,,,,,,,,,,,,,,,,,,,,,,,,,,,,,,,,,,,,,,,,,,,,,,,,
30 Year Financials of ASX:EVN - Evolution Mining Ltd,,,,,,,,,,,,,,,,,,,,,,,,,,,,,,,,,,,,,,,,,,,,,,,,,,,,,,,,,,,
,,,,,,,,,,,,,,,,,,,,,,,,,,,,,,,,,,,,,,,,,,,,,,,,,,,,,,,,,,,
"All Numbers are in Millions except per share data, ratios, and percentage data; All shares outstanding data and per share data are split adjusted",,,,,,,,,,,,,,,,,,,,,,,,,,,,,,,,,,,,,,,,,,,,,,,,,,,,,,,,,,,
,,,,,,,,,,,,,,,,,,,,,,,,,,,,,,,,,,,,,,,,,,,,,,,,,,,,,,,,,,,
Annual Data:,,,,,,,,,,,,,,,,,,,,,,Quarterly Data:,,,,,,,,,,,,,,,,,,,,,,,,,,,,,,,,,,,,,
Fiscal Period:,2021-06,2020-06,2019-06,2018-06,2017-06,2016-06,2015-06,2014-06,2013-06,2012-06,2011-06,2010-06,2009-06,2008-06,2007-06,2005-06,2004-06,2003-06,2002-06,TTM/current,,2021-12,2021-06,2020-12,2020-06,2019-12,2019-06,2018-12,2018-06,2017-12,2017-06,2016-12,2016-06,2015-12,2015-06,2014-12,2014-06,2013-12,2013-06,2012-12,2012-06,2011-12,2011-06,2010-12,2010-06,2009-12,2009-06,2008-12,2008-06,2007-12,2007-06,2006-12,2005-12,2005-06,2004-12,2004-06,2003-12,2003-06,2002-12
Per Share Data,,,,,,,,,,,,,,,,,,,,,,,,,,,,,,,,,,,,,,,,,,,,,,,,,,,,,,,,,,,
Revenue per Share,1.087,1.135,0.884,0.907,0.9,0.938,0.878,0.795,0.784,0.801,0.647,0.136,0,0,0,0,0,0,,1.01,,0.494,0.514,0.573,0.609,0.526,0.441,0.443,0.447,0.46,0.457,0.442,0.482,0.455,0.48,0.402,0.391,0.404,0.367,0.408,0.398,0.407,0.378,0.254,0.092,0.029,0,0,0,0,0,0,0,0,0.002,0,0.006,0,0
EBITDA per Share,0.525,0.494,0.417,0.453,0.246,0.11,0.35,0.26,-0.222,0.289,0.157,0.022,-0.119,-0.059,-0.278,-0.087,-0.066,-0.055,0,0.43,,0.199,0.23,0.295,0.242,0.253,0.213,0.205,0.227,0.225,0.082,0.195,0.011,0.121,0.19,0.162,0.12,0.14,-0.399,0.174,0.17,0.091,0.081,0.073,0.031,-0.02,-0.045,-0.087,-0.021,-0.038,-0.23,-0.028,-0.018,-0.024,-0.022,-0.046,-0.019,-0.038,-0.019
EBIT per Share,0.301,0.25,0.198,0.214,0.165,0.015,0.149,0.079,-0.405,0.129,0.049,-0.027,-0.122,-0.062,-0.281,-0.09,-0.069,-0.056,0,0.19,,0.084,0.104,0.197,0.12,0.131,0.113,0.085,0.104,0.11,0.082,0.084,0.011,0.004,0.089,0.062,0.026,0.054,-0.489,0.082,0.09,0.011,0.022,0.026,-0.002,-0.033,-0.047,-0.089,-0.023,-0.039,-0.231,-0.03,-0.018,-0.025,-0.023,-0.049,-0.02,-0.038,-0.019
Earnings per Share (Diluted),0.201,0.176,0.128,0.155,0.132,-0.017,0.132,0.063,-0.399,0.064,-0.012,0.034,-0.124,-0.051,-0.268,-0.065,-0.057,-0.042,0,0.12,,0.05,0.068,0.133,0.09,0.086,0.074,0.053,0.083,0.072,0.047,0.085,-0.006,-0.012,0.079,0.053,0.018,0.045,-0.451,0.052,0.072,-0.047,-0.023,0.01,0.063,-0.029,-0.03,-0.087,-0.021,-0.031,-0.223,-0.044,-0.013,-0.035,-0.03,-0.031,-0.025,-0.029,-0.013
EPS without NRI,0.201,0.176,0.128,0.155,0.132,-0.017,0.132,0.063,-0.399,0.064,-0.012,0.034,-0.124,-0.051,-0.268,-0.065,-0.057,-0.042,0,0.12,,0.05,0.068,0.133,0.09,0.086,0.074,0.053,0.083,0.072,0.047,0.085,-0.006,-0.012,0.079,0.053,0.018,0.045,-0.451,0.052,0.072,-0.047,-0.023,0.01,0.063,-0.029,-0.03,-0.087,-0.021,-0.031,-0.223,-0.044,-0.013,-0.035,-0.03,-0.031,-0.025,-0.029,-0.013
Owner Earnings per Share (TTM),0.253,0.271,0.237,0.308,0.122,-0.056,0.137,0.07,-0.365,0.106,-0.052,-0.051,-0.217,-0.137,-0.368,0,0,0,0,0.25,,0,0.253,0,0.271,0,0.237,0,0.308,0,0.122,0,-0.056,0,0.137,0,0.07,0,-0.365,0,0.106,0,-0.052,0,-0.051,0,-0.217,0,-0.137,0,-0.368,0,0,0,0,0,0,0,0
Free Cash Flow per Share,0.186,0.313,0.162,0.239,0.23,0.24,0.124,0.04,-0.263,-0.076,-0.042,-0.524,-0.21,-0.059,-0.269,-0.137,-0.381,-0.199,,0.07,,0.003,0.063,0.123,0.171,0.143,0.105,0.057,0.132,0.108,0.658,-0.453,0.145,0.091,0.088,0.039,0.026,0.015,-0.11,-0.149,-0.031,-0.052,-0.047,0.007,-0.17,-0.41,-0.121,-0.074,-0.007,-0.01,-0.182,-0.076,-0.081,-0.025,-0.052,-0.092,-0.294,-0.146,-0.058
Operating Cash Flow per Share,0.442,0.587,0.361,0.421,0.396,0.405,0.375,0.253,0.302,0.294,0.119,0.023,-0.055,-0.016,-0.029,-0.059,-0.036,-0.039,0,0.36,,0.182,0.182,0.26,0.321,0.267,0.204,0.157,0.23,0.19,0.211,0.185,0.241,0.16,0.21,0.168,0.11,0.143,0.171,0.128,0.165,0.109,0.044,0.073,0.02,-0.002,-0.004,-0.074,-0.007,-0.01,-0.011,-0.019,-0.013,-0.012,-0.021,-0.023,-0.013,-0.024,-0.015
Cash per Share,0.094,0.219,0.197,0.191,0.022,0.012,0.204,0.041,0.018,0.184,0.151,0.193,0.298,0.062,0.027,0.246,0.1,0.039,0.345,0.628,,0.628,0.094,0.256,0.219,0.1,0.197,0.185,0.191,0.097,0.022,0.009,0.012,0.03,0.204,0.061,0.041,0.048,0.018,0.064,0.184,0.219,0.151,0.159,0.193,0.019,0.298,0.061,0.062,0.089,0.027,0.259,0.162,0.246,0.063,0.1,0.084,0.039,0.283
Dividends per Share,0.16,0.13,0.075,0.065,0.04,0.02,0.018,0.018,0,0,0,0,0,0,0,0,0,0,0,0.12,,0.05,0.07,0.09,0.07,0.06,0.035,0.04,0.035,0.03,0.02,0.02,0.01,0.01,0.009,0.009,0.009,0.009,0,0,0,0,0,0,0,0,0,0,0,0,0,0,0,0,0,0,0,0,0
Book Value per Share,1.484,1.446,1.418,1.352,1.265,1.037,1.112,1.015,0.979,1.371,0.805,0.764,0.371,0.139,0.141,0.585,0.604,0.583,0.425,1.643,,1.643,1.484,1.465,1.446,1.433,1.418,1.363,1.352,1.302,1.265,1.232,1.037,1.046,1.112,1.057,1.015,1.006,0.979,1.423,1.371,1.319,0.805,0.779,0.764,0.492,0.371,0.12,0.139,0.159,0.141,0.351,0.572,0.585,0.604,0.604,0.559,0.583,0.414
Tangible Book per Share,1.484,1.446,1.418,1.352,1.265,1.037,1.112,1.015,0.979,1.347,0.805,0.764,0.371,0.139,0.141,0.585,0.604,0.581,0.422,1.643,,1.643,1.484,1.465,1.446,1.433,1.418,1.363,1.352,1.302,1.265,1.232,1.037,1.046,1.112,1.057,1.015,1.006,0.979,1.4,1.347,1.253,0.805,0.779,0.764,0.492,0.371,0.12,0.139,0.159,0.141,0.351,0.572,0.585,0.604,0.604,0.558,0.581,0.412
Total Debt per Share,0.372,0.355,0.173,0.228,0.259,0.198,0.024,0.209,0.174,0.047,0.225,0.337,0.001,0,0,0,0,0,0,0.877,,0.877,0.372,0.322,0.355,0.018,0.173,0.205,0.228,0.233,0.259,0.359,0.198,0.335,0.024,0.2,0.209,0.218,0.174,0.109,0.047,0.057,0.225,0.309,0.337,0.074,0.001,0.001,0,0,0,0,0,0,0,0,0,0,0
Month End Stock Price,4.5,5.67,4.36,3.51,2.41,2.29,1.13,0.64,0.52,1.35,1.22,1.46,0.97,0.36,0.54,0.58,1.13,2.31,0,3.46,,4.06,4.5,4.99,5.67,3.8,4.36,3.69,3.51,2.65,2.41,2.12,2.29,1.36,1.13,0.59,0.64,0.56,0.52,1.57,1.35,1.38,1.22,1.77,1.46,1.23,0.97,0.34,0.36,0.61,0.54,1.15,1.04,0.58,1.32,1.13,2.25,2.31,1.43
,,,,,,,,,,,,,,,,,,,,,,,,,,,,,,,,,,,,,,,,,,,,,,,,,,,,,,,,,,,
Ratios,,,,,,,,,,,,,,,,,,,,,,,,,,,,,,,,,,,,,,,,,,,,,,,,,,,,,,,,,,,
ROE %,13.814,12.383,9.295,11.927,11.827,-1.82,10.484,6.493,-33.936,6.135,-1.542,6.051,-26.781,-38.353,-82.409,-6.472,-9.486,-6.833,0,7.73,,6.545,9.254,18.416,12.585,12.146,10.771,7.921,12.545,11.314,7.711,15.095,-1.142,-2.305,11.712,10.709,3.731,9.256,-75.124,7.554,10.71,-6.149,-5.684,2.828,14.956,-9.641,-27.841,-103.217,-27.186,-42.814,-167.79,-18.418,-4.486,-5.19,-9.805,-10.888,-8.83,-9.261,-5.924
ROE % Adjusted to Book Value,4.55,3.16,3.02,4.59,6.21,-0.82,10.32,10.3,-63.89,6.23,-1.02,3.17,-10.24,-14.81,-21.59,-6.53,-5.07,-1.72,,3.44,,2.65,3.05,5.41,3.21,4.58,3.5,2.93,4.83,5.56,4.05,8.78,-0.52,-1.77,11.53,19.19,5.92,16.62,-141.44,6.85,10.88,-5.88,-3.75,1.24,7.83,-3.85,-10.65,-36.4,-10.5,-11.18,-43.97,-5.62,-2.47,-5.23,-4.49,-5.82,-2.2,-2.34,-1.71
ROA %,9.0481,8.9104,7.0953,8.777,8.4794,-1.3916,8.268,4.6754,-26.7379,4.9742,-1.0172,4.0886,-24.2409,-33.2898,-77.2682,-6.3371,-9.2816,-6.737,0,4.69,,3.8301,6.0242,12.2666,9.3639,9.7948,8.3448,6.0201,9.4101,8.3386,5.4326,10.511,-0.7692,-1.6521,9.289,7.6455,2.6592,6.7142,-58.1545,6.1793,9.1003,-5.1634,-3.8045,1.7942,9.962,-7.4416,-25.0304,-91.4182,-24.898,-37.5204,-121.4456,-15.2057,-4.3972,-5.0823,-9.5944,-10.3953,-8.4233,-9.0247,-5.7319
Return-on-Tangible-Equity,13.8141,12.3834,9.2947,11.9271,11.8275,-1.8198,10.484,6.493,-34.2836,6.229,-1.5419,6.0511,-26.7814,-38.3534,-82.4087,-6.4725,-9.4979,-6.8603,0,7.73,,6.5451,9.254,18.4157,12.5849,12.1463,10.7711,7.9207,12.5447,11.3138,7.711,15.0947,-1.1423,-2.3052,11.7121,10.7093,3.731,9.2564,-75.8757,7.6846,11.0797,-6.427,-5.6839,2.8278,14.9557,-9.641,-27.8413,-103.2166,-27.1856,-42.8138,-167.7903,-18.4183,-4.4863,-5.1897,-9.805,-10.9007,-8.8532,-9.2921,-5.9501
Return-on-Tangible-Asset,9.0481,8.9104,7.0953,8.777,8.4794,-1.3916,8.268,4.6754,-26.9532,5.0359,-1.0172,4.0886,-24.2409,-33.2898,-77.2682,-6.3371,-9.2931,-6.7631,0,4.69,,3.8301,6.0242,12.2666,9.3639,9.7948,8.3448,6.0201,9.4101,8.3386,5.4326,10.511,-0.7692,-1.6521,9.289,7.6455,2.6592,6.7142,-58.604,6.2667,9.3656,-5.3579,-3.8045,1.7942,9.962,-7.4416,-25.0304,-91.4182,-24.898,-37.5204,-121.4456,-15.2057,-4.3972,-5.0823,-9.5944,-10.4072,-8.4442,-9.0542,-5.7567
ROC (Joel Greenblatt) %,17.38,16.74,14.02,14.36,11.77,1.42,11.27,6.63,-32.19,12.68,5.79,-5.46,-107,-70.95,-136.32,-13.14,-19.02,-31.98,0,10.14,,8.82,11.74,24.13,16.13,18.68,16,11.94,14.36,14.56,10.12,11.32,1.62,0.61,12.45,9.96,4.21,9.1,-71.79,11.77,15.07,1.69,5.42,6.27,-0.47,-11.6,-107.84,-186.18,-57.18,-88.52,-262.36,-17.8,-9.49,-14.56,-11.23,-19.87,-11.34,-54.33,-1384.62
ROCE %,14.904,14.015,12.204,13.478,11.699,1.323,10.174,6.535,-30.296,11.353,4.893,-3.921,-26.204,-46.888,-86.613,-9.114,-11.625,-9.132,0,8.22,,7.068,10.146,19.972,13.657,16.229,13.988,10.594,13.12,14.116,10.082,11.273,1.583,0.559,11.821,10.361,4.139,8.951,-69.083,10.897,12.911,1.369,4.662,5.414,-0.432,-9.544,-26.303,-105.121,-30.84,-54.846,-187.134,-12.608,-6.234,-10.393,-9.805,-17.115,-6.888,-11.886,-8.599
ROIC %,10.65,12.75,8.86,10.46,10.73,13.22,11.51,6.51,-24.51,10.38,-3.94,4.19,-81.8,-56.9,-125.02,0,0,0,0,6.64,,5.9,7.52,14.52,14.94,11.85,10.28,7.6,11.31,9.74,7.28,12.31,12.66,10.67,12.48,9.24,1.11,12.11,-57.16,9.46,14.3,161.77,-34.13,3.87,-8.13,-9.96,-85.84,-149.99,-66.46,-63.55,-172.95,-14.06,-9.43,0,0,0,0,0,0
WACC %,2.42,3.19,3.37,4.29,5.43,9.7,12.56,11.56,6.98,8.16,5.61,8.13,6.55,14.4,10.88,11.14,11.85,10.8,0,3.31,,0,2.42,0,3.19,0,3.37,0,4.29,0,5.43,0,9.7,0,12.56,0,11.56,0,6.98,0,8.16,0,5.61,0,8.13,0,6.55,0,14.4,0,10.88,0,0,11.14,0,11.85,0,10.8,0
Effective Interest Rate on Debt %,3.22,4.48,6.66,6.02,9.52,26.65,14.07,9.03,9.63,21.88,9.92,0.23,127.91,,,,,,,2.83,,2.93,3.35,3.48,4.55,15.94,6.41,6.73,6.39,5.93,8.18,6.05,11.31,15.45,13.63,8.7,7.3,9.71,3.11,21.64,16.87,24.62,13.49,6.32,0,0.46,302.04,0,,,,,,,,,,,
,,,,,,,,,,,,,,,,,,,,,,,,,,,,,,,,,,,,,,,,,,,,,,,,,,,,,,,,,,,
Gross Margin %,51.46,55.15,49.69,52.23,48.42,42.61,45.86,37.41,45.81,52.8,37.12,50.89,0,0,0,0,0,0,0,47.71,,46.71,48.74,53.91,57.75,52.13,51.12,48.27,53.21,51.28,50.15,46.56,42.42,42.83,47.44,44.21,31.39,43.29,38.71,52.07,55.24,47.84,31.85,45.22,47.73,67.13,0,0,0,0,0,0,0,0,0,0,0,0,0
Operating Margin %,27.7659,25.4263,21.9353,23.2962,18.9709,13.67,17.9938,10.0457,-42.6135,25.078,10.9379,-16.1623,0,0,0,0,0,0,0,20.41,,19.5859,21.2585,33.6084,26.2407,24.4799,25.2267,18.6553,22.6147,23.957,19.1049,18.8261,12.8704,14.6202,20.3674,15.5041,1.7711,18.1283,-118.5616,24.3028,28.1022,18.9193,10.0705,12.2701,2.7681,-113.2948,0,0,0,0,0,0,0,0,-1185.1064,0,-307.1429,0,0
Net Margin %,18.5221,15.529,14.4512,17.0983,14.7044,-1.8327,15.0332,7.8839,-50.8105,7.9477,-1.8897,24.9035,0,0,0,0,0,0,0,11.64,,10.0998,13.2184,23.2837,14.7875,16.3907,16.8627,12.0481,18.5772,15.6645,10.5287,19.2182,-1.2311,-2.5476,16.7311,13.2523,4.6471,11.0456,-122.8362,12.6498,17.5498,-11.6069,-5.8041,4.1219,49.4931,-101.2662,0,0,0,0,0,0,0,0,-1185.1064,0,-393.75,0,0
EBITDA Margin %,48.275,43.5641,47.1808,49.916,27.3142,11.7221,39.9264,32.6599,-28.2979,36.0632,24.2554,16.4676,0,0,0,0,0,0,0,42.46,,40.3202,44.6374,51.5409,39.735,48.0136,48.1721,46.1929,50.9074,48.9549,17.8888,44.1855,2.2803,26.7028,39.6733,40.1919,30.6983,34.576,-108.7229,42.5628,42.8165,22.3103,21.3941,28.6496,33.4156,-70.4927,0,0,0,0,0,0,0,0,-1138.2979,0,-295.5357,0,0
FCF Margin %,17.1501,27.6087,18.3099,26.3717,25.5756,25.5431,14.1161,5.0768,-33.5378,-9.4823,-6.4675,-386.042,,,,,,,,6.41,,0.5951,12.3343,21.4738,28.0466,27.0999,23.7781,12.8607,29.4631,23.3745,143.9506,-102.3833,30.1309,20.0903,18.3755,9.6483,6.5764,3.612,-30.063,-36.5994,-7.862,-12.7821,-12.4048,2.6509,-185.8323,-1413.3223,,,,,,,,,-2680.8511,,-4592.8571,,
,,,,,,,,,,,,,,,,,,,,,,,,,,,,,,,,,,,,,,,,,,,,,,,,,,,,,,,,,,,
Debt-to-Equity,0.251,0.246,0.122,0.169,0.205,0.191,0.021,0.206,0.178,0.034,0.28,0.441,0.002,0,0,0,0,0,0,0.534,,0.534,0.251,0.22,0.246,0.012,0.122,0.15,0.169,0.179,0.205,0.291,0.191,0.32,0.021,0.19,0.206,0.217,0.178,0.077,0.034,0.044,0.28,0.397,0.441,0.151,0.002,0.01,0,0,0,0,0,0,0,0,0,0,0
Equity-to-Asset,0.641,0.67,0.778,0.749,0.723,0.709,0.857,0.708,0.733,0.832,0.693,0.625,0.904,0.91,0.826,0.98,0.978,0.979,0.997,0.545,,0.545,0.641,0.662,0.67,0.837,0.778,0.772,0.749,0.752,0.723,0.687,0.709,0.641,0.857,0.72,0.708,0.718,0.733,0.805,0.832,0.869,0.693,0.644,0.625,0.728,0.904,0.863,0.91,0.921,0.826,0.689,0.981,0.98,0.979,0.978,0.929,0.979,0.968
Debt-to-Asset,0.161,0.165,0.095,0.126,0.148,0.136,0.018,0.146,0.131,0.028,0.194,0.276,0,0,0,0,0,0,0,0.291,,0.291,0.161,0.145,0.165,0.01,0.095,0.116,0.126,0.134,0.148,0.2,0.136,0.205,0.018,0.136,0.146,0.156,0.131,0.062,0.028,0.038,0.194,0.255,0.276,0.11,0,0,0,0,0,0,0,0,0,0,0,0,0
Liabilities-to-Assets,0.36,0.33,0.22,0.25,0.28,0.29,0.14,0.29,0.27,0.17,0.31,0.38,0.1,0.09,0.17,0.02,0.02,0.02,0,0.45,,0.45,0.36,0.34,0.33,0.16,0.22,0.23,0.25,0.25,0.28,0.31,0.29,0.36,0.14,0.28,0.29,0.28,0.27,0.2,0.17,0.13,0.31,0.36,0.38,0.27,0.1,0.14,0.09,0.08,0.17,0.31,0.02,0.02,0.02,0.02,0.07,0.02,0.03
Gross-Profit-to-Asset %,25.141,31.645,24.398,26.81,27.924,32.352,25.224,22.187,24.107,33.046,19.981,8.356,0,0,0,0,0,0,0,19.22,,17.712,22.213,28.402,36.571,31.15,25.296,24.12,26.953,27.295,25.878,25.464,26.501,27.775,26.338,25.507,17.964,26.317,18.326,25.436,28.642,21.28,20.876,19.683,9.607,4.933,0,0,0,0,0,0,0,0,0.81,0,2.139,0,0
,,,,,,,,,,,,,,,,,,,,,,,,,,,,,,,,,,,,,,,,,,,,,,,,,,,,,,,,,,,
Asset Turnover,0.489,0.574,0.491,0.513,0.577,0.759,0.55,0.593,0.526,0.626,0.538,0.164,0,0,0,0,0,0,0,0.4,,0.19,0.228,0.263,0.317,0.299,0.247,0.25,0.253,0.266,0.258,0.273,0.312,0.324,0.278,0.288,0.286,0.304,0.237,0.244,0.259,0.222,0.328,0.218,0.101,0.037,0,0,0,0,0,0,0,0,0.004,0,0.011,0,0
Dividend Payout Ratio,0.794,0.738,0.587,0.419,0.3,,0.139,0.293,,0,,0,,,,,,,,1.02,,1.002,1.029,0.675,0.778,0.696,0.47,0.749,0.422,0.416,0.424,0.231,,,0.117,0.172,0.508,0.206,,0,0,,,0,0,,,,,,,,,,,,,,
,,,,,,,,,,,,,,,,,,,,,,,,,,,,,,,,,,,,,,,,,,,,,,,,,,,,,,,,,,,
Days Sales Outstanding,14.04,12.91,16.16,13.5,8.45,2.61,6.57,7.72,7.57,14.22,0,0,0,0,0,0,0,0,0,21.28,,21.5,18.52,15.21,12.73,15.74,18.3,16.67,17.31,15.98,12.95,9.06,6.06,5.54,7.7,12.58,12.6,8.56,12.25,14.04,11.95,27.09,4.16,6.38,20.66,105.99,0,0,0,0,0,0,0,0,229.1,0,744.67,0,0
Days Payable,59.31,59.7,61.79,63.48,54.67,34.22,53.82,40.2,37.42,47.7,78.01,306.39,,,,,,,,67.26,,67.07,61.57,63.35,63.55,61.27,68.18,62.02,65.96,63.37,63.83,55.83,50.12,46.82,56.42,62.54,56.81,50.91,64.89,80.29,71.14,100.1,60.27,102.12,244.97,1186.56,,,,,,,,,,,,,
Days Inventory,78.81,96.82,125.93,134.19,117.17,66.93,66.19,62.99,60.08,43.85,67.2,337.6,,,,,,,,72.99,,70.18,76.46,79.09,83.27,97.65,125.49,119.19,130.08,124.13,123.35,109.07,94.53,74.6,68.01,66.09,55.09,69.38,70.39,57.03,49.07,66.46,51.81,71.32,128.52,551.32,,,,,,,,,,,,,
Cash Conversion Cycle,33.55,50.04,80.31,84.21,70.96,35.32,18.94,30.51,30.24,10.37,-10.81,31.22,0,0,0,0,0,0,0,27.01,,24.6,33.4,30.95,32.46,52.11,75.61,73.83,81.43,76.74,72.47,62.29,50.46,33.32,19.3,16.13,10.88,27.03,17.75,-9.21,-10.12,-6.55,-4.3,-24.42,-95.79,-529.24,0,0,0,0,0,0,0,0,229.1,0,744.67,0,0
,,,,,,,,,,,,,,,,,,,,,,,,,,,,,,,,,,,,,,,,,,,,,,,,,,,,,,,,,,,
Inventory Turnover,4.63,3.77,2.9,2.72,3.12,5.45,5.51,5.79,6.08,8.32,5.43,1.08,,,,,,,,5,,2.6,2.39,2.31,2.19,1.87,1.45,1.53,1.4,1.47,1.48,1.67,1.93,2.45,2.68,2.76,3.31,2.63,2.59,3.2,3.72,2.75,3.52,2.56,1.42,0.33,,,,,,,,,,,,,
COGS-to-Revenue,0.49,0.45,0.5,0.48,0.52,0.57,0.54,0.63,0.54,0.47,0.63,0.49,0,0,0,0,0,0,0,0.52,,0.53,0.51,0.46,0.42,0.48,0.49,0.52,0.47,0.49,0.5,0.53,0.58,0.57,0.53,0.56,0.69,0.57,0.61,0.48,0.45,0.52,0.68,0.55,0.52,0.33,0,0,0,0,0,0,0,0,0,0,0,0,0
Inventory-to-Revenue,0.105,0.119,0.174,0.176,0.166,0.105,0.098,0.108,0.089,0.057,0.116,0.454,,,,,,,,0.105,,0.205,0.215,0.2,0.193,0.256,0.336,0.338,0.333,0.331,0.337,0.319,0.298,0.234,0.196,0.202,0.207,0.216,0.236,0.15,0.12,0.19,0.193,0.214,0.368,0.993,,,,,,,,,0,,0,,
Capex-to-Revenue,0.23,0.24,0.23,0.2,0.18,0.18,0.29,0.27,0.72,0.46,0.25,4.03,0,0,0,0,0,0,0,0.296,,0.36,0.23,0.24,0.25,0.24,0.23,0.22,0.22,0.18,-0.98,1.44,0.2,0.15,0.25,0.32,0.22,0.32,0.77,0.68,0.49,0.4,0.24,0.26,2.08,14.07,0,0,0,0,0,0,0,0,16.11,0,43.85,0,0
Capex-to-Operating-Income,0.84,0.95,1.03,0.86,0.97,1.29,1.59,2.67,0,1.84,2.28,0,0,0,0,0,0,0,0,1.451,,1.85,1.08,0.71,0.94,0.96,0.89,1.2,0.98,0.75,-5.12,7.65,1.54,1.03,1.24,2.07,12.18,1.76,0,2.8,1.76,2.09,2.4,2.12,74.97,0,0,0,0,0,0,0,0,0,0,0,0,0,0
Capex-to-Operating-Cash-Flow,0.58,0.47,0.55,0.43,0.42,0.41,0.67,0.84,1.87,1.26,1.35,23.63,0,0,0,0,0,0,0,0.822,,0.98,0.65,0.53,0.47,0.47,0.49,0.64,0.43,0.43,-2.13,3.45,0.4,0.43,0.58,0.77,0.77,0.9,1.65,2.17,1.19,1.48,2.06,0.91,9.57,0,0,0,0,0,0,0,0,0,0,0,0,0,0
,,,,,,,,,,,,,,,,,,,,,,,,,,,,,,,,,,,,,,,,,,,,,,,,,,,,,,,,,,,
Income Statement,,,,,,,,,,,,,,,,,,,,,,,,,,,,,,,,,,,,,,,,,,,,,,,,,,,,,,,,,,,
Revenue,1864.058,1941.863,1509.824,1540.433,1479.876,1328.614,665.958,634.42,605.034,469.484,121.87,22.274,0,0,0,0,0,0,0,1780.47,,898.625,881.845,982.213,1043.694,898.169,753.606,756.218,758.294,782.139,768.726,711.15,721.531,607.083,340.927,325.031,313.486,320.934,283.392,321.642,314.869,154.615,73.81,48.06,18.641,3.633,0,0,0,0,0,0,0,0,0.047,0,0.112,0,0
Cost of Goods Sold,904.728,870.925,759.565,735.892,763.247,762.543,360.525,397.06,327.858,221.601,76.631,10.938,0,0,0,0,0,0,0,930.95,,478.917,452.038,452.69,440.935,429.99,368.384,391.181,354.803,381.089,383.19,380.057,415.479,347.064,179.196,181.329,215.072,181.988,173.693,154.165,140.948,80.653,50.303,26.328,9.744,1.194,0,0,0,0,0,0,0,0,0,0,0,0,0
Gross Profit,959.33,1070.938,750.259,804.541,716.629,566.071,305.433,237.36,277.176,247.883,45.239,11.336,0,0,0,0,0,0,0,849.52,,419.708,429.807,529.523,602.759,468.179,385.222,365.037,403.491,401.05,385.536,331.093,306.052,260.019,161.731,143.702,98.414,138.946,109.699,167.477,173.921,73.962,23.507,21.732,8.897,2.439,0,0,0,0,0,0,0,0,0.047,0,0.112,0,0
Gross Margin %,51.46,55.15,49.69,52.23,48.42,42.61,45.86,37.41,45.81,52.8,37.12,50.89,0,0,0,0,0,0,0,47.71,,46.71,48.74,53.91,57.75,52.13,51.12,48.27,53.21,51.28,50.15,46.56,42.42,42.83,47.44,44.21,31.39,43.29,38.71,52.07,55.24,47.84,31.85,45.22,47.73,67.13,0,0,0,0,0,0,0,0,0,0,0,0,0
,,,,,,,,,,,,,,,,,,,,,,,,,,,,,,,,,,,,,,,,,,,,,,,,,,,,,,,,,,,
"Selling, General, & Admin. Expense",45.169,40.724,36.975,35.034,30.297,30.543,22.71,16.601,19.8,20.301,8.926,5.809,3.451,1.264,1.452,1.174,0.714,0.59,0,47.47,,23.821,23.651,21.518,20.387,20.337,20.381,16.594,18.169,16.865,16.402,13.895,17.464,13.079,10.428,12.282,6.933,9.668,7.76,12.04,8.793,11.508,4.117,4.809,2.946,2.863,2.311,1.139,0.513,0.751,0.745,0.708,0.477,0.592,0.582,0.271,0.443,0.325,0.266
Research & Development,0,0,0,0,0,0,0,0,0,0,0,0,0,0,0,0,0,0,0,0,,0,0,0,0,0,0,0,0,0,0,0,0,0,0,0,0,0,0,0,0,0,0,0,0,0,0,0,0,0,0,0,0,0,0,0,0,0,0
Other Operating Expense,396.588,536.47,382.099,410.644,405.586,353.907,162.892,157.027,515.202,109.845,22.983,9.127,3.617,1.538,8.774,0.151,0.525,0.169,0,438.57,,219.883,218.689,177.899,308.499,227.971,174.731,207.368,213.836,196.808,222.27,183.316,195.724,158.183,81.865,81.027,85.929,71.098,437.933,77.269,76.643,33.202,11.957,11.026,5.435,3.692,1.416,2.202,0.525,1.013,8.484,0.288,0.076,0.128,0.022,0.513,0.013,0.164,0.004
Total Operating Expense,441.757,577.194,419.074,445.678,435.883,384.45,185.602,173.628,535.002,130.146,31.909,14.936,7.068,2.802,10.226,1.325,1.239,0.759,0,486.04,,243.704,242.34,199.417,328.886,248.308,195.112,223.962,232.005,213.673,238.672,197.211,213.188,171.262,92.293,93.309,92.862,80.766,445.693,89.309,85.436,44.71,16.074,15.835,8.381,6.555,3.727,3.341,1.038,1.764,9.229,0.996,0.553,0.72,0.604,0.784,0.456,0.489,0.27
Operating Income,517.573,493.744,331.185,358.863,280.746,181.621,119.831,63.732,-257.826,117.737,13.33,-3.6,-7.068,-2.802,-10.226,-1.325,-1.239,-0.759,0,363.47,,176.004,187.467,330.106,273.873,219.871,190.11,141.075,171.486,187.377,146.864,133.882,92.864,88.757,69.438,50.393,5.552,58.18,-335.994,78.168,88.485,29.252,7.433,5.897,0.516,-4.116,-3.727,-3.341,-1.038,-1.764,-9.229,-0.996,-0.553,-0.767,-0.557,-0.896,-0.344,-0.489,-0.27
Operating Margin %,27.7659,25.4263,21.9353,23.2962,18.9709,13.67,17.9938,10.0457,-42.6135,25.078,10.9379,-16.1623,0,0,0,0,0,0,0,20.41,,19.5859,21.2585,33.6084,26.2407,24.4799,25.2267,18.6553,22.6147,23.957,19.1049,18.8261,12.8704,14.6202,20.3674,15.5041,1.7711,18.1283,-118.5616,24.3028,28.1022,18.9193,10.0705,12.2701,2.7681,-113.2948,0,0,0,0,0,0,0,0,-1185.1064,0,-307.1429,0,0
,,,,,,,,,,,,,,,,,,,,,,,,,,,,,,,,,,,,,,,,,,,,,,,,,,,,,,,,,,,
  Interest Income,1.847,3.54,7.134,3.332,1.519,1.412,0.497,0.264,1.738,5.633,1.626,0.755,0.264,0.263,0.387,0.076,0.164,0.179,0,1.4,,0.831,0.564,1.283,0.853,2.687,3.135,3.999,2.472,0.86,0.231,1.288,0.38,1.032,0.311,0.186,0.171,0.093,0.306,1.432,3.874,1.759,0,0,0,0,0.188,0.076,0,0,0.196,0.191,0.155,0,0,0,0,0,0
  Interest Expense,-19.99,-20.114,-22.612,-24.759,-34.856,-42.69,-13.043,-13.36,-8.199,-8.816,-5.253,-0.07,-0.11,0,0,0,0,0,0,-26.39,,-16.443,-9.949,-10.041,-7.221,-12.893,-10.27,-12.342,-12.456,-12.303,-21.249,-13.607,-22.493,-20.197,-6.134,-6.909,-6.013,-7.347,-1.7,-6.499,-3.361,-5.455,-3.401,-1.852,0,-0.019,-0.111,0,0,0,0,0,0,0,0,0,0,0,0
Net Interest Income,-19.293,-17.721,-15.478,-21.446,-33.675,-42.373,-13.885,-14.12,-6.851,-3.735,-3.627,0.685,0.154,0.263,0.387,0.076,0.164,0.179,0,-26.15,,-15.612,-10.535,-8.758,-7.515,-10.206,-7.135,-8.343,-10.003,-11.443,-21.356,-12.319,-23.208,-19.165,-7.162,-6.723,-6.866,-7.254,-1.784,-5.067,-0.039,-3.696,-1.775,-1.852,0.704,-0.019,0.077,0.076,0,0,0.196,0.191,0.155,0,0,0,0,0,0
Other Income (Expense),-2.108,-67.433,-0.881,1.517,-9.787,-160.754,-5.831,0.405,-56.118,-47.519,-5.748,-1.605,0.075,0.247,0,0.308,0.064,0.012,0,-31.45,,-23.296,-8.149,6.041,-68.032,0.599,-0.206,-0.675,2.36,-0.843,-9.241,-0.546,-75.696,-85.058,-5.235,-0.596,15.882,-15.477,-41.55,-14.568,-20.825,-26.694,-4.72,-1.028,-1.901,0.296,0.076,0,0.365,0.146,0.649,-0.65,0,0.384,0,0.326,-0.097,0.108,0.084
Pretax Income,496.172,408.59,314.826,338.934,237.284,-21.506,100.115,50.017,-320.795,66.483,3.955,-4.52,-6.839,-2.292,-9.839,-0.941,-1.011,-0.568,0,305.88,,137.096,168.783,327.389,198.326,210.264,182.769,132.057,163.843,175.091,116.267,121.017,-6.04,-15.466,57.041,43.074,14.568,35.449,-379.328,58.533,67.621,-1.138,0.938,3.017,-0.681,-3.839,-3.574,-3.265,-0.673,-1.618,-8.384,-1.455,-0.398,-0.383,-0.557,-0.57,-0.441,-0.381,-0.186
Tax Provision,-150.91,-107.038,-96.638,-75.546,-19.677,-2.843,0,0,13.374,-29.17,-6.258,10.067,0.026,0,0.109,0.941,1.011,0.568,0,-98.55,,-46.337,-52.217,-98.693,-43.99,-63.048,-55.691,-40.947,-22.973,-52.573,-35.33,15.653,-2.843,0,0,0,0,0,31.22,-17.846,-12.362,-16.808,-5.222,-1.036,9.907,0.16,0.026,0,-0.241,0.241,0.109,0,0,0.383,0.557,0.57,0.441,0.381,0.186
Tax Rate %,30.41,26.2,30.7,22.29,8.29,-13.22,0,0,4.17,43.88,158.23,222.72,0.38,0,1.11,100,100,100,,32.22,,33.8,30.94,30.15,22.18,29.99,30.47,31.01,14.02,30.03,30.39,-12.93,-47.07,0,0,0,0,0,8.23,30.49,18.28,-1476.98,556.72,34.34,1454.77,4.17,0.73,0,-35.81,14.89,1.3,0,0,100,100,100,100,100,100
Net Income (Continuing Operations),345.262,301.552,218.188,263.388,217.607,-24.349,100.115,50.017,-307.421,37.313,-2.303,5.547,-6.814,-2.292,-9.73,-0.941,-1.011,-0.568,0,207.33,,90.759,116.566,228.696,154.336,147.216,127.078,91.11,140.87,122.518,80.937,136.67,-8.883,-15.466,57.041,43.074,14.568,35.449,-348.108,40.687,55.259,-17.946,-4.284,1.981,9.226,-3.679,-3.549,-3.265,-0.915,-1.377,-8.275,-1.455,-0.398,-0.383,-0.557,-0.57,-0.441,-0.381,-0.186
Net Income (Discontinued Operations),0,0,0,0,0,0,0,0,0,0,0,0,0,0,0,0,0,0,0,0,,0,0,0,0,0,0,0,0,0,0,0,0,0,0,0,0,0,0,0,0,0,0,0,0,0,0,0,0,0,0,0,0,0,0,0,0,0,0
  Other Income (Minority Interest),0,0,0,0,0,0,0,0,0,0,0,0,0,0,0,0,0,0,0,0,,0,0,0,0,0,0,0,0,0,0,0,0,0,0,0,0,0,0,0,0,0,0,0,0,0,0,0,0,0,0,0,0,0,0,0,0,0,0
Net Income,345.262,301.552,218.188,263.388,217.607,-24.349,100.115,50.017,-307.421,37.313,-2.303,5.547,-6.814,-2.292,-9.73,-0.941,-1.011,-0.568,0,207.33,,90.759,116.566,228.696,154.336,147.216,127.078,91.11,140.87,122.518,80.937,136.67,-8.883,-15.466,57.041,43.074,14.568,35.449,-348.108,40.687,55.259,-17.946,-4.284,1.981,9.226,-3.679,-3.549,-3.265,-0.915,-1.377,-8.275,-1.455,-0.398,-0.383,-0.557,-0.57,-0.441,-0.381,-0.186
Net Margin %,18.5221,15.529,14.4512,17.0983,14.7044,-1.8327,15.0332,7.8839,-50.8105,7.9477,-1.8897,24.9035,0,0,0,0,0,0,0,11.64,,10.0998,13.2184,23.2837,14.7875,16.3907,16.8627,12.0481,18.5772,15.6645,10.5287,19.2182,-1.2311,-2.5476,16.7311,13.2523,4.6471,11.0456,-122.8362,12.6498,17.5498,-11.6069,-5.8041,4.1219,49.4931,-101.2662,0,0,0,0,0,0,0,0,-1185.1064,0,-393.75,0,0
,,,,,,,,,,,,,,,,,,,,,,,,,,,,,,,,,,,,,,,,,,,,,,,,,,,,,,,,,,,
Preferred Dividends,0,0,0,0,0,0,0,0,0,0,0,0,0,0,0,0,0,0,0,0,,0,0,0,0,0,0,0,0,0,0,0,0,0,0,0,0,0,0,0,0,0,0,0,0,0,0,0,0,0,0,0,0,0,0,0,0,0,0
EPS (Basic),0.202,0.177,0.129,0.156,0.133,-0.017,0.135,0.065,-0.399,0.065,-0.012,0.035,-0.124,-0.051,-0.268,-0.065,-0.057,-0.042,0,0.12,,0.05,0.068,0.134,0.091,0.087,0.075,0.054,0.083,0.073,0.047,0.086,-0.006,-0.012,0.079,0.055,0.019,0.046,-0.451,0.053,0.072,-0.047,-0.023,0.011,0.065,-0.029,-0.03,-0.087,-0.021,-0.031,-0.223,-0.044,-0.013,-0.035,-0.03,-0.031,-0.025,-0.029,-0.013
EPS (Diluted),0.201,0.176,0.128,0.155,0.132,-0.017,0.132,0.063,-0.399,0.064,-0.012,0.034,-0.124,-0.051,-0.268,-0.065,-0.057,-0.042,0,0.12,,0.05,0.068,0.133,0.09,0.086,0.074,0.053,0.083,0.072,0.047,0.085,-0.006,-0.012,0.079,0.053,0.018,0.045,-0.451,0.052,0.072,-0.047,-0.023,0.01,0.063,-0.029,-0.03,-0.087,-0.021,-0.031,-0.223,-0.044,-0.013,-0.035,-0.03,-0.031,-0.025,-0.029,-0.013
Shares Outstanding (Diluted Average),1714.31,1711.419,1707.261,1698.182,1644.8,1416.21,758.864,797.912,771.283,585.813,188.275,164.18,55.192,44.917,36.358,14.71,17.922,13.463,,1818.818,,1818.818,1714.257,1714.363,1714.995,1707.842,1708.343,1706.18,1697.085,1699.279,1681.717,1607.882,1497.177,1335.243,710.535,807.787,801.083,794.741,771.521,788.819,792.107,379.518,195.361,188.931,203.234,125.127,72.722,37.661,44.852,44.983,39.888,32.829,30.674,30.674,24.169,18.337,17.506,12.781,14.145
,,,,,,,,,,,,,,,,,,,,,,,,,,,,,,,,,,,,,,,,,,,,,,,,,,,,,,,,,,,
EBIT,516.162,428.704,337.438,363.693,272.14,21.184,113.158,63.377,-312.596,75.299,9.208,-4.45,-6.729,-2.802,-10.226,-1.325,-1.239,-0.759,0,332.27,,153.539,178.732,337.43,205.547,223.157,193.039,144.399,176.299,187.394,137.516,134.624,16.453,4.731,63.175,49.983,20.581,42.796,-377.628,65.032,70.982,4.317,4.339,4.869,-0.334,-4.116,-3.388,-3.341,-1.038,-1.764,-9.229,-0.996,-0.553,-0.767,-0.557,-0.896,-0.344,-0.489,-0.27
"Depreciation, Depletion and Amortization",383.712,417.251,374.909,405.23,132.076,134.557,152.735,143.824,141.384,94.012,20.352,8.118,0.162,0.143,0.122,0.052,0.064,0.012,0,423.69,,208.788,214.901,168.811,209.165,208.086,169.989,204.92,209.729,195.501,-47.525,179.601,-22.82,157.377,72.082,80.653,75.654,68.17,69.516,71.868,63.834,30.178,11.452,8.9,6.563,1.555,0.084,0.078,0.076,0.067,0.061,0.061,0.009,0.03,0.022,0.051,0.013,0.008,0.004
EBITDA,899.874,845.955,712.347,768.923,404.216,155.741,265.893,207.201,-171.212,169.311,29.56,3.668,-6.567,-2.66,-10.104,-1.273,-1.175,-0.747,0,755.96,,362.327,393.633,506.241,414.712,431.243,363.028,349.319,386.028,382.895,137.516,314.225,16.453,162.108,135.257,130.636,96.235,110.966,-308.112,136.9,134.816,34.495,15.791,13.769,6.229,-2.561,-3.304,-3.263,-0.962,-1.698,-9.168,-0.935,-0.543,-0.737,-0.535,-0.844,-0.331,-0.481,-0.266
EBITDA Margin %,48.275,43.5641,47.1808,49.916,27.3142,11.7221,39.9264,32.6599,-28.2979,36.0632,24.2554,16.4676,0,0,0,0,0,0,0,42.46,,40.3202,44.6374,51.5409,39.735,48.0136,48.1721,46.1929,50.9074,48.9549,17.8888,44.1855,2.2803,26.7028,39.6733,40.1919,30.6983,34.576,-108.7229,42.5628,42.8165,22.3103,21.3941,28.6496,33.4156,-70.4927,0,0,0,0,0,0,0,0,-1138.2979,0,-295.5357,0,0
,,,,,,,,,,,,,,,,,,,,,,,,,,,,,,,,,,,,,,,,,,,,,,,,,,,,,,,,,,,
Balance Sheet,,,,,,,,,,,,,,,,,,,,,,,,,,,,,,,,,,,,,,,,,,,,,,,,,,,,,,,,,,,
  Cash and Cash Equivalents,160.062,372.592,335.164,323.226,37.385,17.295,205.788,31.607,13.662,141.784,30.051,35.113,32.297,2.799,1.076,7.536,1.465,0.673,5.234,1150.348,,1150.348,160.062,438.127,372.592,170.36,335.164,313.626,323.226,163.5,37.385,14.479,17.295,45.288,205.788,47.444,31.607,36.95,13.662,49.222,141.784,167.43,30.051,28.91,35.113,4.215,32.297,3.227,2.799,3.61,1.076,8.457,3.131,7.536,1.205,1.465,1.476,0.673,4.294
  Marketable Securities,0,0,0,0,0,0,0,0,0,0,0,0,3.533,0,0,0,0.37,0.01,0,0,,0,0,0,0,0,0,0,0,0,0,0,0,0,0,0,0,0,0,0,0,0,0,0,0,0,3.533,0,0,0.384,0,1.893,1.852,0,0,0.37,0,0.01,0
"Cash, Cash Equivalents, Marketable Securities",160.062,372.592,335.164,323.226,37.385,17.295,205.788,31.607,13.662,141.784,30.051,35.113,35.829,2.799,1.076,7.536,1.835,0.683,5.234,1150.348,,1150.348,160.062,438.127,372.592,170.36,335.164,313.626,323.226,163.5,37.385,14.479,17.295,45.288,205.788,47.444,31.607,36.95,13.662,49.222,141.784,167.43,30.051,28.91,35.113,4.215,35.829,3.227,2.799,3.995,1.076,10.35,4.983,7.536,1.205,1.835,1.476,0.683,4.294
  Accounts Receivable,79.295,64.092,73.322,60.394,53.534,15.014,3.969,20.005,6.82,18.292,0,0,0,0,0,0,0,0,0,132.396,,132.396,79.295,99.661,64.092,81.562,73.322,77.772,60.394,83.429,53.534,55.58,15.014,32.917,3.969,24.807,20.005,23.28,6.82,31.209,18.292,22.947,0,1.681,0,2.11,0,0.171,0,0.132,0,0.261,0.161,0,0.059,0,0.457,0,0.138
  Notes Receivable,0,0,0,0,0,0,0,0,0,0,0,0,0,0,0,0,0,0,0,0,,0,0,0,0,0,0,0,0,0,0,0,0,0,0,0,0,0,0,0,0,0,0,0,0,0,0,0,0,0,0,0,0,0,0,0,0,0,0
  Loans Receivable,0,0,0,0,0,0,0,0,0,0,0,0,0,0,0,0,0,0,0,,,0,0,0,0,0,0,0,0,0,0,0,0,0,0,0,0,0,0,0,0,0,0,0,0,0,0,0,0,0,0,0,0,0,0,0,0,0,0
  Other Current Receivables,104.99,140.53,81.703,65.91,59.823,24.22,8.959,24.085,12.998,25.058,2.542,1.114,0.839,0.078,0.295,0.04,0.074,6.117,0.005,132.396,,132.396,104.99,99.661,140.53,81.562,81.703,77.772,65.91,83.429,59.823,55.58,24.22,32.917,8.959,24.807,24.085,23.28,12.998,31.209,25.058,22.947,2.542,1.681,1.114,2.11,0.839,0.171,0.078,0.132,0.295,0.261,0.161,0.04,0.059,0.074,0.457,6.117,0.138
Total Receivables,104.99,140.53,81.703,65.91,59.823,24.22,8.959,24.085,12.998,25.058,2.542,1.114,0.839,0.078,0.295,0.04,0.074,6.117,0.005,132.396,,132.396,104.99,99.661,140.53,81.562,81.703,77.772,65.91,83.429,59.823,55.58,24.22,32.917,8.959,24.807,24.085,23.28,12.998,31.209,25.058,22.947,2.542,1.681,1.114,2.11,0.839,0.171,0.078,0.132,0.295,0.261,0.161,0.04,0.059,0.074,0.457,6.117,0.138
"  Inventories, Raw Materials & Components",82.239,76.098,49.895,43.334,46.946,49.251,27.655,24.845,25.437,10.474,5.203,0,0,0,0,0,0,0,0,0,,0,82.239,0,76.098,0,49.895,0,43.334,0,46.946,0,49.251,0,27.655,0,24.845,0,25.437,0,10.474,0,5.203,0,0,0,0,0,0,0,0,0,0,0,0,0,0,0,0
"  Inventories, Work In Process",0,0,0,0,0,0,0,0,0,0,0,0,0,0,0,0,0,0,0,0,,0,0,0,0,0,0,0,0,0,0,0,0,0,0,0,0,0,0,0,0,0,0,0,0,0,0,0,0,0,0,0,0,0,0,0,0,0,0
"  Inventories, Inventories Adjustments",0,0,0,0,0,0,0,0,0,0,0,0,0,0,0,0,0,0,0,,,0,0,0,0,0,0,0,0,0,0,0,0,0,0,0,0,0,0,0,0,0,0,0,0,0,0,0,0,0,0,0,0,0,0,0,0,0,0
"  Inventories, Finished Goods",0,0,0,0,0,0,0,0,0,0,0,0,0,0,0,0,0,0,0,0,,0,0,0,0,0,0,0,0,0,0,0,0,0,0,0,0,0,0,0,0,0,0,0,0,0,0,0,0,0,0,0,0,0,0,0,0,0,0
"  Inventories, Other",106.319,126.059,210.014,220.887,229.923,163.917,38.841,39.417,47.351,24.67,12.896,10.117,0,0,0,0,0,0,0,179.749,,179.749,106.319,190.215,126.059,200.22,210.014,246.719,220.887,241.547,229.923,241.101,163.917,217.225,38.841,67.069,39.417,65.58,47.351,61.206,24.67,40.647,12.896,10.461,10.117,3.607,0,0,0,0,0,0,0,0,0,0,0,0,0
Total Inventories,188.558,202.157,259.909,264.221,276.869,213.168,66.496,64.262,72.788,35.144,18.099,10.117,0,0,0,0,0,0,0,179.749,,179.749,188.558,190.215,202.157,200.22,259.909,246.719,264.221,241.547,276.869,241.101,213.168,217.225,66.496,67.069,64.262,65.58,72.788,61.206,35.144,40.647,18.099,10.461,10.117,3.607,0,0,0,0,0,0,0,0,0,0,0,0,0
Other Current Assets,10.75,8.51,5.97,5.39,3.3,80.35,8.32,3.69,11.3,17.19,1.43,1.86,0.01,0.04,1.9,0,0.01,0.01,0,44.88,,44.88,10.75,0,8.51,14.51,5.97,0,5.39,0,3.3,0,80.35,0.48,8.32,0,3.69,0,11.3,22.67,17.19,5.47,1.43,3.08,1.86,2.17,0.01,0.02,0.04,0,1.9,0,0.11,0,0.37,0.01,0.01,0.01,0.01
Total Current Assets,464.362,723.789,682.747,658.743,377.373,335.037,289.56,123.643,110.743,219.173,52.124,48.207,36.678,2.915,3.273,7.576,1.923,6.809,5.241,1507.373,,1507.373,464.362,728.003,723.789,466.652,682.747,638.117,658.743,488.476,377.373,311.16,335.037,295.911,289.56,139.32,123.643,125.81,110.743,164.304,219.173,236.497,52.124,44.128,48.207,12.101,36.678,3.422,2.915,4.127,3.273,10.612,5.25,7.576,1.635,1.923,1.944,6.809,4.442
Investments And Advances,62.904,96.195,66.185,5.536,4.962,3.263,6.596,0.98,1.701,3.836,1.648,0.56,0,0.386,0.002,0.036,0,0,0,81.457,,81.457,62.904,79.164,96.195,69.925,66.185,4.64,5.536,0,4.962,6.462,3.263,2.418,6.596,2.123,0.98,1.5,1.701,2.376,3.836,8.66,1.648,1.26,0.56,0,0,0.386,0.386,0.012,0.002,0.002,0.036,0.036,0,0,0,0,0
    Land And Improvements,19.238,17.799,17.529,14.261,16.841,10.526,10.355,10.365,9.817,9.261,0.465,0.474,0.474,0.39,0.391,0,0,0,0,0,,0,19.238,0,17.799,0,17.529,0,14.261,0,16.841,0,10.526,0,10.355,0,10.365,0,9.817,0,9.261,0,0.465,0,0.474,0,0.474,0,0.39,0,0.391,0,0,0,0,0,0,0,0
    Buildings And Improvements,0,0,0,0,0,0,0,0,0,0,0,0,0,0,0,0,0,0,0,0,,0,0,0,0,0,0,0,0,0,0,0,0,0,0,0,0,0,0,0,0,0,0,0,0,0,0,0,0,0,0,0,0,0,0,0,0,0,0
"    Machinery, Furniture, Equipment",2319.065,2411.653,1682.343,1590.847,1640.294,1565.27,637.734,592.679,324.475,291.117,118.991,91.483,12.281,0.182,0.175,0.059,0.09,0.14,0.013,1135.64,,1135.64,2319.065,710.836,2411.653,620.918,1682.343,573.038,1590.847,644.368,1640.294,754.671,1565.27,822.97,637.734,480.998,592.679,507.018,324.475,265.933,291.117,231.149,118.991,96.909,91.483,61.613,12.281,3.584,0.182,3.667,0.175,3.217,2.667,0.059,2.726,0.09,2.732,0.14,0.039
    Construction In Progress,0,0,0,0,0,0,0,0,0,0,0,0,0,0,0,0,0,0,0,0,,0,0,0,0,0,0,0,0,0,0,0,0,0,0,0,0,0,0,0,0,0,0,0,0,0,0,0,0,0,0,0,0,0,0,0,0,0,0
    Other Gross PPE,4322.966,4763.458,3465.498,3237.808,3087.265,2073.22,937.784,797.22,641.562,758.687,60.526,68.919,1.526,3.474,3.343,10.731,9.422,3.438,1.181,2505.741,,2505.741,4322.966,2095.885,4763.458,1664.49,3465.498,1699.488,3237.808,1716.225,3087.265,1906.702,2073.22,1184.076,937.784,518.975,797.22,447.418,641.562,909.321,758.687,629.198,60.526,59.567,68.919,71.373,1.526,0,3.474,0,3.343,6.55,9.942,10.731,7.473,9.422,5.844,3.438,0
"  Gross Property, Plant and Equipment",6661.269,7192.91,5165.37,4842.916,4744.4,3649.016,1585.873,1400.264,975.854,1059.065,179.982,160.876,14.281,4.046,3.909,10.79,9.512,3.578,1.194,3641.381,,3641.381,6661.269,2806.721,7192.91,2285.408,5165.37,2272.526,4842.916,2360.593,4744.4,2661.373,3649.016,2007.046,1585.873,999.973,1400.264,954.436,975.854,1175.254,1059.065,860.347,179.982,156.476,160.876,132.986,14.281,3.584,4.046,3.667,3.909,9.767,12.609,10.79,10.199,9.512,8.576,3.578,0.039
  Accumulated Depreciation,-3488.5,-4506.069,-2916.249,-2527.389,-2201.732,-1801.073,-570.618,-417.897,-58.234,-35.299,-16.089,-6.951,-5.298,-0.452,-0.309,-0.091,-0.047,-0.016,-0.008,0,,0,-3488.5,0,-4506.069,0,-2916.249,0,-2527.389,0,-2201.732,0,-1801.073,0,-570.618,0,-417.897,0,-58.234,0,-35.299,0,-16.089,0,-6.951,0,-5.298,0,-0.452,0,-0.309,0,0,-0.091,0,-0.047,0,-0.016,0
"Property, Plant and Equipment",3172.769,2686.841,2249.121,2315.527,2542.668,1847.943,1015.255,982.367,917.62,1023.766,163.893,153.925,8.983,3.594,3.6,10.699,9.465,3.561,1.186,3641.381,,3641.381,3172.769,2806.721,2686.841,2285.408,2249.121,2272.526,2315.527,2360.593,2542.668,2661.373,1847.943,2007.046,1015.255,999.973,982.367,954.436,917.62,1175.254,1023.766,860.347,163.893,156.476,153.925,132.986,8.983,3.584,3.594,3.667,3.6,9.767,12.609,10.699,10.199,9.465,8.576,3.561,0.039
Intangible Assets,0,0,0,0,0,0,0,0,0,18.365,0,0,0,0,0,0,0,0.027,0.038,0,,0,0,0,0,0,0,0,0,0,0,0,0,0,0,0,0,0,0,18.365,18.365,50.45,0,0,0,0,0,0,0,0,0,0,0,0,0,0,0.025,0.027,0.028
  Goodwill,0,0,0,0,0,0,0,0,0,18.37,0,0,0,0,0,0,0,0.03,0.04,0,,0,0,0,0,0,0,0,0,0,0,0,0,0,0,0,0,0,0,0,18.37,0,0,0,0,0,0,0,0,0,0,0,0,0,0,0,0,0.03,0
Other Long Term Assets,257,167.827,95.838,76.51,20.466,0.916,0.827,2.533,0,4.308,13.134,19.325,3.663,0,0,-0.001,0,0,0,291.189,,291.189,257,168.951,167.827,96.143,95.838,82.17,76.51,82.624,20.466,34.898,0.916,126.979,0.827,2.615,2.533,0.067,0,4.005,4.308,3.485,13.134,17.752,19.325,3.342,3.663,-0.001,0,-0.001,0,-0.001,0,-0.001,0,0,0,0,1.981
Total Long-Term Assets,3492.673,2950.863,2411.144,2397.573,2568.096,1852.122,1022.678,985.88,919.321,1050.275,178.675,173.81,12.646,3.98,3.602,10.734,9.465,3.588,1.224,4014.027,,4014.027,3492.673,3054.836,2950.863,2451.476,2411.144,2359.336,2397.573,2443.217,2568.096,2702.733,1852.122,2136.443,1022.678,1004.711,985.88,956.003,919.321,1200,1050.275,922.942,178.675,175.488,173.81,136.328,12.646,3.969,3.98,3.678,3.602,9.768,12.645,10.734,10.199,9.465,8.601,3.588,2.048
Total Assets,3957.035,3674.652,3093.891,3056.316,2945.469,2187.159,1312.238,1109.523,1030.064,1269.448,230.799,222.017,49.324,6.895,6.875,18.31,11.388,10.397,6.465,5521.4,,5521.4,3957.035,3782.839,3674.652,2918.128,3093.891,2997.453,3056.316,2931.693,2945.469,3013.893,2187.159,2432.354,1312.238,1144.031,1109.523,1081.813,1030.064,1364.304,1269.448,1159.439,230.799,219.616,222.017,148.429,49.324,7.391,6.895,7.805,6.875,20.38,17.895,18.31,11.834,11.388,10.545,10.397,6.49
,,,,,,,,,,,,,,,,,,,,,,,,,,,,,,,,,,,,,,,,,,,,,,,,,,,,,,,,,,,
  Accounts Payable,142.376,151.631,133.264,123.889,132.073,96.566,46.418,59.911,27.553,39.669,18.256,14.498,3.865,0.105,0.299,0.234,0.157,0.118,0.018,209.649,,209.649,142.376,162.65,151.631,155.439,133.264,141.998,123.889,132.57,132.073,135.982,96.566,131.658,46.418,64.375,59.911,73.979,27.553,95.971,39.669,70.215,18.256,14.967,14.498,11.661,3.865,0.454,0.105,0.252,0.299,0.437,0.312,0.234,0.239,0.157,0.503,0.118,0.206
  Total Tax Payable,0,0,0,0,0,0,0,0,0,0,0,0,0,0,0,0,0,0,0,0,,0,0,0,0,0,0,0,0,0,0,0,0,0,0,0,0,0,0,0,0,0,0,0,0,0,0,0,0,0,0,0,0,0,0,0,0,0,0
  Other Current Payables,48.601,40.696,23.564,28.478,24.554,24.943,9.284,7.905,51.718,70.771,1.24,1.199,0.248,0.053,0.094,0.102,0.066,0.103,0,,,0,48.601,0,40.696,0,23.564,0,28.478,0,24.554,0,24.943,0,9.284,0,7.905,0,51.718,0,70.771,0,1.24,0,1.199,0,0.248,0,0.053,0,0.094,0,0,0.102,0,0.066,0,0.103,0
  Current Accrued Expense,0,0,0,0,0,0,0,0,0,0,0,0,0,0,0,0,0,0,0,,,0,0,0,0,0,0,0,0,0,0,0,0,0,0,0,0,0,0,0,0,0,0,0,0,0,0,0,0,0,0,0,0,0,0,0,0,0,0
Accounts Payable & Accrued Expense,190.977,192.327,156.828,152.367,156.627,121.509,55.702,67.816,79.271,110.44,19.496,15.697,4.113,0.158,0.393,0.336,0.223,0.221,0.018,209.649,,209.649,190.977,162.65,192.327,155.439,156.828,141.998,152.367,132.57,156.627,135.982,121.509,131.658,55.702,64.375,67.816,73.979,79.271,95.971,110.44,70.215,19.496,14.967,15.697,11.661,4.113,0.454,0.158,0.252,0.393,0.437,0.312,0.336,0.239,0.223,0.503,0.221,0.206
  Short-Term Debt,102.843,93.453,108.248,93.496,52.057,8.472,5.409,11.559,4.496,15.349,14.848,22.349,0,0,0,0,0,0,0,181.278,,181.278,102.843,118.918,93.453,10.892,108.248,103.085,93.496,98.774,52.057,48.264,8.472,90.339,5.409,145.759,11.559,20.639,4.496,4.667,15.349,17.181,14.848,24.565,22.349,7.782,0,0,0,0,0,0,0,0,0,0,0,0,0
  Short-Term Capital Lease Obligation,14.418,22,0,0,1.344,8.316,11.982,11.426,4.03,3.043,0.285,0.217,0.02,0,0,0,0,0,0,0,,0,14.418,0,22,0,0,0,0,0,1.344,0,8.316,0,11.982,0,11.426,0,4.03,0,3.043,0,0.285,0,0.217,0,0.02,0,0,0,0,0,0,0,0,0,0,0,0
Short-Term Debt & Capital Lease Obligation,117.261,115.453,108.248,93.496,53.401,16.788,17.391,22.985,8.526,18.392,15.133,22.566,0.02,0,0,0,0,0,0,181.278,,181.278,117.261,118.918,115.453,10.892,108.248,103.085,93.496,98.774,53.401,48.264,16.788,90.339,17.391,145.759,22.985,20.639,8.526,4.667,18.392,17.181,15.133,24.565,22.566,7.782,0.02,0,0,0,0,0,0,0,0,0,0,0,0
  Current Deferred Revenue,0,0,0,0,0,0,0,0,0,0,0,0,0,0,0,0,0,0,0,0,,0,0,0,0,0,0,0,0,0,0,0,0,0,0,0,0,0,0,0,0,0,0,0,0,0,0,0,0,0,0,0,0,0,0,0,0,0,0
  Current Deferred Taxes Liabilities,2.712,8.881,0,47.312,36.214,0,0,0,0,0,0,0.289,0,0,0,0,0,0,0,0,,0,2.712,18.686,8.881,0,0,0.224,47.312,25.982,36.214,7.605,0,0,0,0,0,0,0,0,0,0,0,0,0.289,0.561,0,0,0,0,0,0,0,0,0,0,0,0,0
Deferred Tax And Revenue,2.712,8.881,0,47.312,36.214,0,0,0,0,0,0,0.289,0,0,0,0,0,0,0,0,,0,2.712,18.686,8.881,0,0,0.224,47.312,25.982,36.214,7.605,0,0,0,0,0,0,0,0,0,0,0,0,0.289,0.561,0,0,0,0,0,0,0,0,0,0,0,0,0
Other Current Liabilities,38.448,39.121,29.957,32.148,33.379,62.363,22.832,10.572,10.745,8.55,1.716,1.564,0.107,0.462,0.805,0.038,0.025,0,0,48.552,,48.552,38.448,43.561,39.121,50.535,29.957,30.96,32.148,30.242,33.379,31.728,62.363,39.195,22.832,12.444,10.572,6.336,10.745,8.671,8.55,4.992,1.716,2.242,1.564,1.001,0.107,0.499,0.462,0.365,0.805,5.893,0.034,0.038,0.011,0.025,0.241,0,0.004
Total Current Liabilities,349.398,355.782,295.033,325.323,279.621,200.66,95.925,101.373,98.542,137.382,36.345,40.116,4.24,0.62,1.198,0.374,0.248,0.221,0.018,439.479,,439.479,349.398,343.815,355.782,216.866,295.033,276.267,325.323,287.568,279.621,223.579,200.66,261.192,95.925,222.578,101.373,100.954,98.542,109.309,137.382,92.388,36.345,41.774,40.116,21.005,4.24,0.953,0.62,0.617,1.198,6.33,0.346,0.374,0.25,0.248,0.744,0.221,0.21
  Long-Term Debt,508.389,468.609,185.185,292.47,382.723,278.323,-1.75,124.76,123.264,13.85,29.221,38.046,0,0,0,0,0,0,0,1426.265,,1426.265,508.389,431.337,468.609,19.148,185.185,243.995,292.47,295.075,382.723,554.749,278.323,408.706,-1.75,10.392,124.76,147.584,123.264,79.635,13.85,26.676,29.221,31.546,38.046,8.489,0,0.061,0,0,0,0,0,0,0,0,0,0,0
  Long-Term Capital Lease Obligation,10.684,21.132,0,0,0,1.344,8.275,13.723,2.669,3.604,0.399,0.566,0.066,0,0,0,0,0,0,0,,0,10.684,0,21.132,0,0,0,0,0,0,0,1.344,0,8.275,0,13.723,0,2.669,0,3.604,0,0.399,0,0.566,0,0.066,0,0,0,0,0,0,0,0,0,0,0,0
Long-Term Debt & Capital Lease Obligation,519.073,489.741,185.185,292.47,382.723,279.667,6.525,138.483,125.933,17.454,29.62,38.612,0.066,0,0,0,0,0,0,1426.265,,1426.265,519.073,431.337,489.741,19.148,185.185,243.995,292.47,295.075,382.723,554.749,279.667,408.706,6.525,10.392,138.483,147.584,125.933,79.635,17.454,26.676,29.62,31.546,38.612,8.489,0.066,0.061,0,0,0,0,0,0,0,0,0,0,0
Debt-to-Equity,0.251,0.246,0.122,0.169,0.205,0.191,0.021,0.206,0.178,0.034,0.28,0.441,0.002,0,0,0,0,0,0,0.534,,0.534,0.251,0.22,0.246,0.012,0.122,0.15,0.169,0.179,0.205,0.291,0.191,0.32,0.021,0.19,0.206,0.217,0.178,0.077,0.034,0.044,0.28,0.397,0.441,0.151,0.002,0.01,0,0,0,0,0,0,0,0,0,0,0
Pension And Retirement Benefit,6.743,3.945,5.196,2.935,5.501,5.988,1.812,4.922,0.637,0.524,0.501,0.141,0,0,0,0,0,0,0,0,,0,6.743,0,3.945,0,5.196,0,2.935,0,5.501,0,5.988,0,1.812,0,4.922,0,0.637,0,0.524,0,0.501,0,0.141,0,0,0,0,0,0,0,0,0,0,0,0,0,0
NonCurrent Deferred Liabilities,166.004,81.705,53.819,0,0,0.089,0,0,0,10.711,0,0,0,0,0,0,0,0,0,227.599,,227.599,166.004,143.874,81.705,79.552,53.819,23.018,0,10.157,0,7.71,0.089,24.2,0,0,0,0,0,28.556,10.711,0,0,0,0,6.483,0,0,0,0,0,0,0,0,0,0,0,0,0
Other Long-Term Liabilities,380.927,279.684,148.18,147.194,149.372,149.322,83.416,79.441,49.603,46.959,4.339,4.42,0.407,0,0,0,0,0,0,416.296,,416.296,380.927,360.186,279.684,160.927,148.18,141.442,147.194,135.519,149.372,157.608,149.322,179.149,83.416,87.514,79.441,56.757,49.603,48.64,46.959,33.009,4.339,4.807,4.42,4.424,0.407,0,0,0,0,0,0,0,0,0,0,0,0
Total Long-Term Liabilities,1072.747,855.075,392.38,442.599,537.596,435.066,91.753,222.846,176.173,75.648,34.46,43.173,0.473,0,0,0,0,0,0,2070.16,,2070.16,1072.747,935.397,855.075,259.627,392.38,408.455,442.599,440.751,537.596,720.067,435.066,612.055,91.753,97.906,222.846,204.341,176.173,156.831,75.648,59.685,34.46,36.353,43.173,19.396,0.473,0.061,0,0,0,0,0,0,0,0,0,0,0
Total Liabilities,1422.145,1210.857,687.413,767.922,817.217,635.726,187.678,324.219,274.715,213.03,70.805,83.289,4.713,0.62,1.198,0.374,0.248,0.221,0.018,2509.639,,2509.639,1422.145,1279.212,1210.857,476.493,687.413,684.722,767.922,728.319,817.217,943.646,635.726,873.247,187.678,320.484,324.219,305.295,274.715,266.14,213.03,152.073,70.805,78.127,83.289,40.401,4.713,1.014,0.62,0.617,1.198,6.33,0.346,0.374,0.25,0.248,0.744,0.221,0.21
,,,,,,,,,,,,,,,,,,,,,,,,,,,,,,,,,,,,,,,,,,,,,,,,,,,,,,,,,,,
Common Stock,2183.727,2183.727,2183.727,2183.727,2183.727,1770.987,1292.62,1048.424,1047.195,1045.751,185.465,162.613,74.101,32.976,30.088,20.507,12.771,10.795,6.464,2644.103,,2644.103,2183.727,2183.727,2183.727,2183.727,2183.727,2183.727,2183.727,2183.727,2183.727,2177.534,1770.987,1764.325,1292.62,1051.564,1048.424,1047.195,1047.195,1047.195,1045.751,1042.194,185.465,162.705,162.613,141.183,74.101,36.178,32.976,32.976,30.088,30.214,20.507,20.507,13.771,12.771,10.861,10.795,6.518
Preferred Stock,0,0,0,0,0,0,0,0,0,0,0,0,0,0,0,0,0,0,0,0,,0,0,0,0,0,0,0,0,0,0,0,0,0,0,0,0,0,0,0,0,0,0,0,0,0,0,0,0,0,0,0,0,0,0,0,0,0,0
Retained Earnings,301.757,229.86,150.372,59.26,-94.27,-248.917,-195.506,-281.339,-309.089,1.238,-30.772,-28.469,-34.016,-27.202,-24.91,-2.571,-1.63,-0.619,-0.016,300.878,,300.878,301.757,304.797,229.86,194.833,150.372,82.614,59.26,-22.43,-94.27,-141.627,-248.917,-225.38,-195.506,-245.397,-281.339,-288.747,-309.089,41.925,1.238,-48.718,-30.772,-26.488,-28.469,-37.695,-34.016,-30.467,-27.202,-26.287,-24.91,-16.635,-2.971,-2.571,-2.187,-1.63,-1.06,-0.619,-0.238
Accumulated other comprehensive income (loss),49.406,50.208,72.379,45.407,38.795,29.363,27.446,18.219,17.243,9.429,5.301,4.584,4.526,0.501,0.499,0,0,0,0,66.78,,66.78,49.406,15.103,50.208,63.075,72.379,46.39,45.407,42.077,38.795,34.34,29.363,20.162,27.446,17.38,18.219,18.07,17.243,9.044,9.429,13.89,5.301,5.272,4.584,4.54,4.526,0.666,0.501,0.499,0.499,0.471,0.013,0,0,0,0,0,0
Additional Paid-In Capital,0,0,0,0,0,0,0,0,0,0,0,0,0,0,0,0,0,0,0,0,,0,0,0,0,0,0,0,0,0,0,0,0,0,0,0,0,0,0,0,0,0,0,0,0,0,0,0,0,0,0,0,0,0,0,0,0,0,0
Treasury Stock,0,0,0,0,0,0,0,0,0,0,0,0,0,0,0,0,0,0,0,0,,0,0,0,0,0,0,0,0,0,0,0,0,0,0,0,0,0,0,0,0,0,0,0,0,0,0,0,0,0,0,0,0,0,0,0,0,0,0
Other Stockholders Equity,0,0,0,0,0,0,0,0,0,0,0,0,0,0,0,0.001,-0.001,0,0,0,,0,0,0,0,0,0,0,0,0,0,0,0,0,0,0,0,0,0,0,0,0,0,0,0,0,0,0.001,0,0,0,0,0,0.001,-0.001,-0.001,0,0,0
Total Stockholders Equity,2534.89,2463.795,2406.478,2288.394,2128.252,1551.433,1124.56,785.304,755.349,1056.418,159.994,138.728,44.611,6.275,5.677,17.937,11.14,10.176,6.448,3011.761,,3011.761,2534.89,2503.627,2463.795,2441.635,2406.478,2312.731,2288.394,2203.374,2128.252,2070.247,1551.433,1559.107,1124.56,823.547,785.304,776.518,755.349,1098.164,1056.418,1007.366,159.994,141.489,138.728,108.028,44.611,6.378,6.275,7.188,5.677,14.05,17.549,17.937,11.583,11.14,9.801,10.176,6.28
Minority Interest,0,0,0,0,0,0,0,0,0,0,0,0,0,0,0,0,0,0,0,0,,0,0,0,0,0,0,0,0,0,0,0,0,0,0,0,0,0,0,0,0,0,0,0,0,0,0,0,0,0,0,0,0,0,0,0,0,0,0
Total Equity,2534.89,2463.795,2406.478,2288.394,2128.252,1551.433,1124.56,785.304,755.349,1056.418,159.994,138.728,44.611,6.275,5.677,17.937,11.14,10.176,6.448,3011.761,,3011.761,2534.89,2503.627,2463.795,2441.635,2406.478,2312.731,2288.394,2203.374,2128.252,2070.247,1551.433,1559.107,1124.56,823.547,785.304,776.518,755.349,1098.164,1056.418,1007.366,159.994,141.489,138.728,108.028,44.611,6.378,6.275,7.188,5.677,14.05,17.549,17.937,11.583,11.14,9.801,10.176,6.28
Equity-to-Asset,0.641,0.67,0.778,0.749,0.723,0.709,0.857,0.708,0.733,0.832,0.693,0.625,0.904,0.91,0.826,0.98,0.978,0.979,0.997,0.545,,0.545,0.641,0.662,0.67,0.837,0.778,0.772,0.749,0.752,0.723,0.687,0.709,0.641,0.857,0.72,0.708,0.718,0.733,0.805,0.832,0.869,0.693,0.644,0.625,0.728,0.904,0.863,0.91,0.921,0.826,0.689,0.981,0.98,0.979,0.978,0.929,0.979,0.968
,,,,,,,,,,,,,,,,,,,,,,,,,,,,,,,,,,,,,,,,,,,,,,,,,,,,,,,,,,,
Cashflow Statement,,,,,,,,,,,,,,,,,,,,,,,,,,,,,,,,,,,,,,,,,,,,,,,,,,,,,,,,,,,
  Receipts from Customers,1870.293,1967.563,1512.675,1554.951,1441.275,1317.938,679.105,618.98,614.144,448.499,121.87,22.274,0,0,0,0,0,0,0,1802.05,,921.26,880.794,989.499,1041.54,926.023,755.717,756.958,787.868,767.083,754.047,687.228,722.538,595.4,351.538,327.567,306.256,312.724,291.381,322.763,298.216,150.283,73.81,48.06,18.641,3.633,0,0,0,0,0,0,0,0,0,0,0,0,0
  Receipts from Government Grants,0,0,0,0,0,0,0,0,0,0,0,0,0,0,0,0,0,0,0,0,,0,0,0,0,0,0,0,0,0,0,0,0,0,0,0,0,0,0,0,0,0,0,0,0,0,0,0,0,0,0,0,0,0,0,0,0,0,0
  Other Cash Receipts from Operating Activities,-11.631,-32.624,0.574,0.651,0.776,2.26,0.364,0.405,0,0,0,0,0.026,0.357,0,0.296,0,0,0,-12.08,,-7.004,-5.077,-6.554,-35.093,2.469,0.315,0.259,0.285,0.366,0.357,0.419,1.761,0.499,0.218,0.146,0.239,0.166,0,0,0,0,0,0,0.001,-0.001,0,0,0.102,0.255,0,0,0,0,0,0,0,0,0
Cash Receipts From Operating Activities,1858.662,1934.939,1513.249,1555.602,1442.051,1320.198,679.469,619.385,614.144,448.499,121.87,22.274,0.026,0.357,0,0.296,0,0,0,1789.97,,914.256,875.717,982.945,1006.447,928.492,756.032,757.217,788.153,767.449,754.404,687.647,724.299,595.899,351.756,327.713,306.495,312.89,291.381,322.763,298.216,150.283,73.81,48.06,18.642,3.632,0,0,0.102,0.255,0,0,0,0,0,0,0,0,0
  Payments to Suppliers for Goods and Services,-988.237,-846.182,-794.648,-775.032,-768.279,-720.12,-384.678,-405.963,-380.121,-275.499,-96.675,-18.603,-3.328,-1.358,-1.537,-1.234,-0.825,-0.689,-0.017,-1037.55,,-533.578,-503.97,-484.267,-420.387,-425.795,-375.048,-419.6,-376.596,-398.436,-386.276,-382.003,-349.707,-370.413,-198.386,-186.292,-212.104,-193.859,-159.807,-220.314,-167.806,-107.693,-63.44,-33.235,-14.723,-3.88,-2.431,-0.896,-0.542,-0.816,-0.721,-0.816,-0.544,-0.678,-0.556,-0.466,-0.359,-0.411,-0.278
  Payments on Behalf of Employees,0,0,0,0,0,0,0,0,0,0,0,0,0,0,0,0,0,0,0,0,,0,0,0,0,0,0,0,0,0,0,0,0,0,0,0,0,0,0,0,0,0,0,0,0,0,0,0,0,0,0,0,0,0,0,0,0,0,0
  Other Cash Payments from Operating Activities,0,0,0,0,0,0,0,0,0,0,0,0,0,0,0,0,0,0,0,0,,0,0,0,0,0,0,0,0,0,0,0,0,0,0,0,0,0,0,0,0,0,0,0,0,0,1.968,-1.969,0,0,0,0,0,0,0,0,0,0,0
Cash Payments,-988.237,-846.182,-794.648,-775.032,-768.279,-720.12,-384.678,-405.963,-380.121,-275.499,-96.675,-18.603,-3.328,-1.358,-1.537,-1.234,-0.825,-0.689,-0.017,-1037.55,,-533.578,-503.97,-484.267,-420.387,-425.795,-375.048,-419.6,-376.596,-398.436,-386.276,-382.003,-349.707,-370.413,-198.386,-186.292,-212.104,-193.859,-159.807,-220.314,-167.806,-107.693,-63.44,-33.235,-14.723,-3.88,-0.463,-2.865,-0.542,-0.816,-0.721,-0.816,-0.544,-0.678,-0.556,-0.466,-0.359,-0.411,-0.278
Dividends Paid,0,0,0,0,0,0,0,0,0,0,0,0,0,0,0,0,0,0,0,0,,0,0,0,0,0,0,0,0,0,0,0,0,0,0,0,0,0,0,0,0,0,0,0,0,0,0,0,0,0,0,0,0,0,0,0,0,0,0
Dividends Received,0,0,0,0,0,0,0,0,0,0,0,0,0,0,0,0,0,0,0,0,,0,0,0,0,0,0,0,0,0,0,0,0,0,0,0,0,0,0,0,0,0,0,0,0,0,0,0,0,0,0,0,0,0,0,0,0,0,0
Interest Paid,-18.524,-11.568,-18.243,-20.495,-24.496,-27.408,-10.549,-11.477,-2.533,-6.275,-4.362,-0.07,0,0,0,0,0,0,0,-25.44,,-15.318,-10.126,-8.398,-5.333,-6.235,-8.758,-9.485,-10.495,-10,-14.277,-10.219,-14.134,-13.274,-4.69,-5.859,-6.334,-5.143,0.391,-2.924,-3.838,-2.437,-2.75,-1.612,-0.051,-0.019,0,0,0,0,0,0,0,0,0,0,0,0,0
Interest Received,1.847,4.44,7.057,2.51,1.519,1.414,0.495,0.252,1.744,5.559,1.626,0.742,0.263,0.265,0.473,0.076,0.172,0.163,0.002,1.46,,0.831,0.631,1.216,0.947,3.493,3.571,3.486,2.014,0.496,0.231,1.288,0.382,1.032,0.303,0.192,0.17,0.082,0.312,1.432,4.199,1.36,1.049,0.577,0.446,0.296,0.171,0.091,0.136,0.129,0.282,0.191,0.155,0.022,0.054,0.045,0.126,0.104,0.06
Taxes Refund Paid,-96.74,-76.305,-91.179,-48.419,0,0,0,0,-0.244,0,0,-0.543,0,0,0,0,0,0,0,-86.96,,-36.051,-50.913,-45.827,-31.718,-44.587,-26.581,-64.598,-12.219,-36.2,0,0,0,0,0,0,0,0,0,0,0,0,0,0,-0.271,-0.272,0,0,0,0,0,0,0,0,0,0,0,0,0
Cash Flow from Others,0,0,0,0,0,0,0,0,0,0,0,0,0,-0.001,0,-0.001,0,0,0.001,0,,0,0,0,0,0,0,0,0,0,0,0,0,0,0,0,0,0,-0.244,0,0,0,0,0,0,0,0.026,0,0,0,0,0,0,0.296,-0.001,0,0,-0.001,0
Cash Flow from Operations,757.008,1005.324,616.236,714.166,650.795,574.084,284.737,202.197,232.99,172.284,22.459,3.8,-3.039,-0.737,-1.064,-0.863,-0.653,-0.526,-0.014,641.48,,330.14,311.339,445.669,549.956,455.368,349.216,267.02,390.857,323.309,354.082,296.713,360.84,213.244,148.983,135.754,88.227,113.97,132.033,100.957,130.771,41.513,8.669,13.79,4.043,-0.243,-0.266,-2.774,-0.304,-0.432,-0.439,-0.625,-0.389,-0.36,-0.503,-0.421,-0.233,-0.308,-0.218
,,,,,,,,,,,,,,,,,,,,,,,,,,,,,,,,,,,,,,,,,,,,,,,,,,,,,,,,,,,
"Purchase Of Property, Plant, Equipment",-160.26,-124.386,-105.415,-116.053,-91.041,-70.26,-44.33,-42.972,-37.414,-55.783,-22.99,-69.164,-3.93,-0.138,-0.461,-0.007,-2.666,-0.554,-0.594,-250.3,,-324.792,74.491,-234.751,87.579,-211.965,64.35,-169.765,24.435,-140.488,933.771,-1024.812,-51.901,-18.359,-17.446,-26.884,-14.827,-28.145,-18.014,-19.4,-40.934,-14.849,-14.428,-8.562,-25.042,-44.122,-3.919,-0.011,-1.504,1.366,-0.444,-0.017,-0.01,0.002,-0.009,0.175,-2.841,-0.518,-0.036
"Sale Of Property, Plant, Equipment",0,0.317,0.142,0.595,1.82,3.881,0.83,0,0.209,0,0,0,0,0,0,0.013,0.014,0,0,0,,0,0,0.003,0.093,0.224,-2.04,2.182,0.515,0.08,0,0,3.852,0.029,0,0,0,0,0,0,0,0,0,0,0,0,0,0,0,0,0,0,0.003,0,0,0,0,0,0
Purchase Of Business,-349.669,-534.831,0,0,0,-734.646,0,0,0,12.748,0,0,0,0,0,0,0,0,0,-736.91,,-388.463,-348.446,-1.223,0,0,0,0,0,0,0,0,25.611,-760.257,0,0,0,0,0,0,0,12.748,0,0,0,0.84,0,0,0,0,0,0,0,0,0,0,0,0,0
Sale Of Business,57.022,0,0.7,39.987,40.688,20.781,0,0,0,0,0,0,0,0,0,0,0,0,0,27.39,,30.364,-2.978,60,0,0,0,0,-0.013,40,0,0,0.596,20.185,0,0,0,0,0,0,0,0,0,0,0,0,0,0,0,0,0,0,0,0,0,0,0,0,0
Purchase Of Investment,-1.123,-1.5,-41.803,-2.5,0,0,-5.172,-0.02,-21.431,0,0,-0.56,0,-0.025,0,-0.001,0,0,0,0,,0,0,-1.123,0,-1.5,-41.563,-0.24,0,0,0,0,0,0,-3.299,-1.873,0,0,0,0,0,0,0,0,0,0,0,0,0,0,0,0,-1.589,0,0,0,-0.222,0,0
Sale Of Investment,0,0,0.017,0,0,0,0,0.144,0,0.002,0,0,0,1.5,0,0,0,0,0,0,,0,0,0,0,0,0,0,0,0,0,41.9,0,0,0,0,-0.001,0.145,0,0,0,0.002,0,0,0,0,0,0,0,0,0,0,0,0,0,0,0,0,0
Net Intangibles Purchase And Sale,0,0,0,0,0,0,0,0,0.061,0.895,-0.865,3.533,-3.121,0,0,0,0,0,0,0,,0,0,0,0,0,0,0,0,0,0,0,0,0,0,0,0,-0.005,0.008,0.053,0,0,0,0,0,3.533,0,0,0,0,0,0,0,0,0,0,0,0,-0.01
Cash From Discontinued Investing Activities,0,0,0,0,0,0,0,0,0,0,0,0,0,0,0,0,0,0,0,0,,0,0,0,0,0,0,0,0,0,0,0,0,0,0,0,0,0,0,0,0,0,0,0,0,0,0,0,0,0,0,0,0,0,0,0,0,0,0
Cash From Other Investing Activities,-270.085,-343.577,-235.828,-192.313,-1072.261,-219.136,-146.399,-127.017,-398.491,-161.019,-8.799,-21.211,-1.527,-1.765,-8.247,-1.144,-3.855,-1.622,0,-269.74,,3.268,-273.008,2.92,-877.097,-1.311,-234.087,-1.024,-191.108,-3.705,-1065.543,-6.11,-146.216,-72.92,-68.059,-77.51,-52.804,-74.228,-199.006,-220.707,-113.697,-46.427,-3.789,-5.875,-15.63,-6.981,-4.648,0,0.997,-1.287,-6.481,-1.766,-2.083,-0.384,-0.748,-1.452,-2.167,-1.061,-0.551
Cash Flow from Investing,-724.115,-1003.977,-382.187,-270.284,-1120.794,-999.38,-195.071,-169.865,-457.066,-203.157,-32.654,-87.402,-8.578,-0.428,-8.708,-1.139,-6.507,-2.176,-0.594,-1229.56,,-679.623,-549.941,-174.174,-789.425,-214.552,-213.34,-168.847,-166.171,-104.113,-131.772,-989.022,-168.058,-831.322,-88.804,-106.267,-67.632,-102.233,-217.012,-240.054,-154.631,-48.526,-18.217,-14.437,-40.672,-46.73,-8.567,-0.011,-0.507,0.079,-6.925,-1.783,-3.679,-0.382,-0.757,-1.277,-5.23,-1.579,-0.597
,,,,,,,,,,,,,,,,,,,,,,,,,,,,,,,,,,,,,,,,,,,,,,,,,,,,,,,,,,,
Issuance of Stock,0,0,0,0,408.808,111.799,248.105,0,0.609,163.346,22.852,20.829,41.125,3.07,6.151,7.954,2.076,9.465,6.14,460.38,,460.376,0,0,0,0,0,0,0,0,0,408.808,0.331,111.468,0,0,0,0,0,0.609,5.085,158.261,22.76,0.092,20.815,0.014,37.663,3.461,0,3.07,0,6.151,0,6.954,1,1.787,0.289,4.465,5
Repurchase of Stock,0,0,0,0,-6.315,0,-8.552,0,0,-5.091,0,0,0,-0.182,-0.318,-0.217,-0.1,-0.481,-0.457,0,,0,0,0,0,0,0,0,0,0,0,-6.315,0,0,0,0,0,0,0,0,-0.5,-4.591,0,0,0,0,0.26,-0.259,0,-0.182,-0.018,-0.3,0,-0.217,0,-0.1,0,-0.223,-0.258
Net Issuance of Preferred Stock,0,0,0,0,0,0,0,0,0,0,0,0,0,0,0,0,0,0,0,0,,0,0,0,0,0,0,0,0,0,0,0,0,0,0,0,0,0,0,0,0,0,0,0,0,0,0,0,0,0,0,0,0,0,0,0,0,0,0
  Issuance of Debt,145,570,0,77.46,636.63,765.801,45.283,7.062,122.297,0,0,63.875,0,0,0,0,0,0,0,1334.52,,1189.523,145,0,570,0,0,0,11.339,66.121,81.576,555.054,99.663,666.138,16.562,28.721,-16.198,23.26,45.063,77.234,0,0,0,0,43.875,20,0,0,0,0,0,0,0,0,0,0,0,0,0
  Payments of Debt,-95,-300,-95,-124.33,-488.232,-601.739,-178.216,-8.505,-26.952,-15.649,-17.719,-1.182,-0.01,0,0,0,0,0,0,-260,,-210,-50,-45,0,-300,-55,-40,-16.629,-107.701,-250.035,-238.197,-301.696,-300.043,-147.339,-30.877,-3.883,-4.622,4.356,-31.308,-6.371,-9.278,-12.071,-5.648,-1.159,-0.023,0,0,0,0,0,0,0,0,0,0,0,0,0
Net Issuance of Debt,50,270,-95,-46.87,148.398,164.062,-132.933,-1.443,95.345,-15.649,-17.719,62.693,-0.01,0,0,0,0,0,0,1074.52,,979.523,95,-45,570,-300,-55,-40,-5.29,-41.58,-168.459,316.857,-202.033,366.095,-130.777,-2.156,-20.081,18.638,49.419,45.926,-6.371,-9.278,-12.071,-5.648,42.716,19.977,0,0,0,0,0,0,0,0,0,0,0,0,0
Cash Flow for Dividends,-273.365,-221.376,-127.111,-109.873,-52.419,-23.834,-11.513,-12.944,0,0,0,0,0,0,0,0,0,0,0,-211.24,,-91.638,-119.606,-153.759,-119.607,-101.769,-59.338,-67.773,-59.185,-50.688,-27.096,-25.323,-12.181,-11.653,-5.643,-5.87,-5.857,-7.087,0,0,0,0,0,0,0,0,0,0,0,0,0,0,0,0,0,0,0,0,0
Other Financing,-21.422,-12.718,0,-1.344,-8.316,-15.224,-10.592,0,0,0,0,0,0,0,0,0,0,0,0,-18.16,,-7.755,-10.405,-11.017,-8.867,-3.851,0,0,-0.49,-0.854,-3.742,-4.574,-6.892,-8.332,234.585,-5.624,0,0,0,0,0,0,0,0,1.1,-1.1,-0.01,0,0,0,0,0,0,0,0,0,0,0,0
Cash Flow from Financing,-244.787,35.906,-222.111,-158.087,490.156,236.803,84.515,-14.387,95.954,142.606,5.133,83.522,41.115,2.888,5.833,7.737,1.976,8.984,5.683,1305.5,,1340.506,-35.011,-209.776,441.526,-405.62,-114.338,-107.773,-64.965,-93.122,-199.297,689.453,-220.775,457.578,98.165,-13.65,-25.938,11.551,49.419,46.535,-1.786,144.392,10.689,-5.556,64.631,18.891,37.913,3.202,0,2.888,-0.018,5.851,0,6.737,1,1.687,0.289,4.242,4.742
,,,,,,,,,,,,,,,,,,,,,,,,,,,,,,,,,,,,,,,,,,,,,,,,,,,,,,,,,,,
Beginning Cash Position,372.592,335.164,323.226,37.385,17.295,205.788,31.607,13.662,141.784,30.051,35.113,35.193,2.799,1.076,5.015,1.465,6.649,0.368,0.159,438.13,,160.062,438.127,372.592,170.535,335.164,313.626,323.226,163.5,37.385,14.479,17.295,45.288,205.788,47.444,31.607,36.95,13.662,49.222,141.784,167.43,30.051,28.91,35.113,7.111,32.297,3.217,2.81,3.61,1.075,8.458,5.014,7.199,1.205,1.465,1.476,6.65,4.295,0.367
  Effect of Exchange Rate Changes,-0.636,0.175,0,0.046,-0.067,0,0,0,0,0,0,0,0,0,0,0,0,0,0,-5.19,,-0.737,-4.452,3.816,0,0,0,0,0.005,0.041,-0.107,0.04,0,0,0,0,0,0,0,0,0,0,0,0,0,0,0,0,0,0,0,0,0,0,0,0,0,0,0
Net Change in Cash,-212.53,37.428,11.938,285.841,20.09,-188.493,174.181,17.945,-128.122,111.733,-5.062,-0.08,29.498,1.723,-3.939,5.735,-5.184,6.282,5.075,712.22,,990.286,-278.065,65.535,202.057,-164.804,21.538,-9.6,159.726,126.115,22.906,-2.816,-27.993,-160.5,158.344,15.837,-5.343,23.288,-35.56,-92.562,-25.646,137.379,1.141,-6.203,28.002,-28.082,29.08,0.417,-0.811,2.535,-7.382,3.443,-4.068,5.995,-0.26,-0.011,-5.174,2.355,3.927
Ending Cash Position,160.062,372.592,335.164,323.226,37.385,17.295,205.788,31.607,13.662,141.784,30.051,35.113,32.297,2.799,1.076,7.2,1.465,6.65,5.234,1150.348,,1150.348,160.062,438.127,372.592,170.36,335.164,313.626,323.226,163.5,37.385,14.479,17.295,45.288,205.788,47.444,31.607,36.95,13.662,49.222,141.784,167.43,30.051,28.91,35.113,4.215,32.297,3.227,2.799,3.61,1.076,8.457,3.131,7.2,1.205,1.465,1.476,6.65,4.294
,,,,,,,,,,,,,,,,,,,,,,,,,,,,,,,,,,,,,,,,,,,,,,,,,,,,,,,,,,,
Capital Expenditure,-437.321,-469.2,-339.788,-307.928,-272.308,-234.715,-190.73,-169.989,-435.905,-216.802,-30.341,-89.787,-8.578,-1.903,-8.708,-1.15,-6.174,-2.156,-0.594,-527.36,,-324.792,-202.57,-234.751,-257.235,-211.965,-170.023,-169.765,-167.44,-140.488,752.504,-1024.812,-143.436,-91.279,-86.336,-104.394,-67.611,-102.378,-217.229,-218.676,-155.526,-61.276,-17.825,-12.516,-38.684,-51.103,-8.567,-0.011,0,0,-6.829,-1.879,-2.093,-0.393,-0.757,-1.263,-4.911,-1.559,-0.597
Free Cash Flow,319.687,536.124,276.448,406.238,378.487,339.369,94.007,32.208,-202.915,-44.518,-7.882,-85.987,-11.617,-2.64,-9.772,-2.013,-6.827,-2.682,-0.608,114.12,,5.348,108.769,210.918,292.721,243.403,179.193,97.255,223.417,182.821,1106.586,-728.099,217.404,121.965,62.647,31.36,20.616,11.592,-85.196,-117.719,-24.755,-19.763,-9.156,1.274,-34.641,-51.346,-8.833,-2.785,-0.304,-0.432,-7.268,-2.504,-2.482,-0.753,-1.26,-1.684,-5.144,-1.867,-0.815
,,,,,,,,,,,,,,,,,,,,,,,,,,,,,,,,,,,,,,,,,,,,,,,,,,,,,,,,,,,
Valuation Ratios,,,,,,,,,,,,,,,,,,,,,,,,,,,,,,,,,,,,,,,,,,,,,,,,,,,,,,,,,,,
PE Ratio,22.39,32.22,34.06,22.65,18.26,0,8.56,10.16,0,21.09,0,42.94,0,0,0,0,0,0,9999,31.27,,0,22.39,9999,32.22,9999,34.06,9999,22.65,9999,18.26,9999,0,9999,8.56,9999,10.16,9999,0,12.95,21.09,9999,0,9999,42.94,9999,0,9999,0,9999,0,9999,9999,0,9999,0,9999,0,9999
PE Ratio without NRI,22.39,32.22,34.06,22.65,18.26,0,8.56,10.16,0,21.09,0,42.94,0,0,0,0,0,0,9999,31.27,,0,22.39,9999,32.22,9999,34.06,9999,22.65,9999,18.26,9999,0,9999,8.56,9999,10.16,9999,0,9999,21.09,9999,0,9999,42.94,9999,0,9999,0,9999,0,9999,9999,0,9999,0,9999,0,9999
Price-to-Owner-Earnings,17.79,20.92,18.4,11.4,19.75,0,8.25,9.14,0,12.74,0,0,0,0,0,0,0,0,0,14.58,,0,17.79,0,20.92,0,18.4,0,11.4,0,19.75,0,0,0,8.25,0,9.14,0,0,0,12.74,0,0,0,0,0,0,0,0,0,0,0,0,0,0,0,0,0,0
PB Ratio,3.03,3.92,3.07,2.6,1.91,2.21,1.02,0.63,0.53,0.98,1.52,1.91,2.62,2.59,3.82,0.99,1.87,3.96,0,2.25,,2.47,3.03,3.41,3.92,2.65,3.07,2.71,2.6,2.04,1.91,1.72,2.21,1.3,1.02,0.56,0.63,0.56,0.53,1.1,0.98,1.05,1.52,2.27,1.91,2.5,2.62,2.84,2.59,3.83,3.82,3.28,1.82,0.99,2.18,1.87,4.02,3.96,3.46
Price-to-Tangible-Book,3.03,3.92,3.07,2.6,1.91,2.21,1.02,0.63,0.53,1,1.52,1.91,2.62,2.59,3.82,0.99,1.87,3.97,0,2.11,,2.47,3.03,3.41,3.92,2.65,3.07,2.71,2.6,2.04,1.91,1.72,2.21,1.3,1.02,0.56,0.63,0.56,0.53,1.12,1,1.1,1.52,2.27,1.91,2.5,2.62,2.84,2.59,3.83,3.82,3.28,1.82,0.99,2.18,1.87,4.03,3.97,3.47
Price-to-Free-Cash-Flow,24.19,18.12,26.91,14.69,10.48,9.54,9.11,16,0,0,0,0,0,0,0,0,0,0,0,55.91,,0,24.19,0,18.12,0,26.91,0,14.69,0,10.48,0,9.54,0,9.11,0,16,0,0,0,0,0,0,0,0,0,0,0,0,0,0,0,0,0,0,0,0,0,0
Price-to-Operating-Cash-Flow,10.18,9.66,12.08,8.34,6.09,5.65,3.01,2.53,1.72,4.59,10.25,63.48,0,0,0,0,0,0,0,10.14,,0,10.18,0,9.66,0,12.08,0,8.34,0,6.09,0,5.65,0,3.01,0,2.53,0,1.72,0,4.59,0,10.25,0,63.48,0,0,0,0,0,0,0,0,0,0,0,0,0,0
PS Ratio,4.14,5,4.93,3.87,2.68,2.44,1.29,0.81,0.66,1.69,1.89,10.74,0,0,0,0,0,0,0,3.66,,0,4.14,0,5,0,4.93,0,3.87,0,2.68,0,2.44,0,1.29,0,0.81,0,0.66,1.94,1.69,1.79,1.89,0,10.74,0,0,0,0,0,0,0,0,0,0,0,0,0,0
PEG Ratio,0.69,1.62,2.86,0,0,0,0,0,0,0,0,0,0,0,0,0,0,0,0,0.97,,0,0.69,0,1.62,0,2.86,0,0,0,0,0,0,0,0,0,0,0,0,0,0,0,0,0,0,0,0,0,0,0,0,0,0,0,0,0,0,0,0
EV-to-Revenue,4.38,5.1,4.87,3.9,3.01,2.79,1.44,0.99,0.86,1.99,2.11,13.07,0,0,0,0,0,0,0,4.06,,0,4.38,0,5.1,0,4.87,0,3.9,0,3.01,0,2.79,0,1.44,0,0.99,0,0.86,1.96,1.99,1.75,2.11,0,13.07,0,0,0,0,0,0,0,0,0,0,0,0,0,0
EV-to-EBITDA,9.07,11.7,10.33,7.81,11.02,23.79,3.61,3.02,-3.05,5.52,8.7,79.39,-12.32,-5.06,-2.04,-8.06,-16.17,-53.08,0,9.55,,0,9.07,0,11.7,0,10.33,0,7.81,0,11.02,0,23.79,0,3.61,0,3.02,0,-3.05,9.17,5.52,0,8.7,0,79.39,0,-12.32,0,-5.06,0,-2.04,0,0,-8.06,0,-16.17,0,-53.08,0
EV-to-EBIT,15.82,23.08,21.8,16.51,16.37,174.87,8.49,9.86,-1.67,12.41,27.93,-65.44,-12.03,-4.8,-2.01,-7.74,-15.33,-52.24,0,21.73,,0,15.82,0,23.08,0,21.8,0,16.51,0,16.37,0,174.87,0,8.49,0,9.86,0,-1.67,9.17,12.41,0,27.93,0,-65.44,0,-12.03,0,-4.8,0,-2.01,0,0,-7.74,0,-15.33,0,-52.24,0
Earnings Yield (Joel Greenblatt) %,6.32,4.33,4.59,6.06,6.11,0.57,11.78,10.14,-59.88,8.06,3.58,-1.53,-8.31,-20.83,-49.75,-12.92,-6.52,-1.91,0,4.6,,0,6.32,0,4.33,0,4.59,0,6.06,0,6.11,0,0.57,0,11.78,0,10.14,0,-59.88,10.91,8.06,0,3.58,0,-1.53,0,-8.31,0,-20.83,0,-49.75,0,0,-12.92,0,-6.52,0,-1.91,0
Forward Rate of Return (Yacktman) %,25.07,23.67,15.88,0,0,0,0,-26.86,-42.46,-13.15,-16.87,-15.12,-20.39,-40.18,32.2,0,0,0,0,26.19,,0,25.07,0,23.67,0,15.88,0,0,0,0,0,0,0,0,0,-26.86,0,-42.46,0,-13.15,0,-16.87,0,-15.12,0,-20.39,0,-40.18,0,32.2,0,0,0,0,0,0,0,0
Shiller PE Ratio,0,0,0,0,0,0,0,0,0,0,0,0,0,0,0,0,0,0,0,0,,0,0,0,0,0,0,0,0,0,0,0,0,0,0,0,0,0,0,0,0,0,0,0,0,0,0,0,0,0,0,0,0,0,0,0,0,0,0
Dividend Yield %,3.56,2.29,1.72,2.65,1.66,0.87,1.59,2.81,0,0,0,0,0,0,0,0,0,0,0,2.17,,2.96,3.56,3.21,2.29,2.5,1.72,2.03,2.65,0,1.66,0,0.87,0,1.59,0,2.81,0,0,0,0,0,0,0,0,0,0,0,0,0,0,0,0,0,0,0,0,0,0
,,,,,,,,,,,,,,,,,,,,,,,,,,,,,,,,,,,,,,,,,,,,,,,,,,,,,,,,,,,
Valuation and Quality,,,,,,,,,,,,,,,,,,,,,,,,,,,,,,,,,,,,,,,,,,,,,,,,,,,,,,,,,,,
Market Cap,7689.002,9664.027,7399.224,5941.068,4055.545,3425.338,1142.47,495.097,401.191,1040.102,242.448,265.141,116.677,16.249,21.666,17.791,20.83,40.336,0,6763.798,,7442.011,7689.002,8526.249,9664.027,6476.427,7399.224,6262.187,5941.068,4485.422,4055.545,3561.033,3425.338,2027.09,1142.47,459.588,495.097,432.394,401.191,1211.29,1040.102,1054.028,242.448,321.603,265.141,270.236,116.677,18.085,16.249,27.533,21.666,46.043,31.901,17.791,25.295,20.83,39.422,40.336,21.712
Enterprise Value ($M),8165.274,9896.629,7357.493,6003.808,4454.284,3704.498,960.598,624.958,521.988,934.164,257.15,291.206,80.934,13.45,20.59,10.255,18.995,39.653,0,7220.993,,7899.206,8165.274,8638.377,9896.629,6336.107,7357.493,6295.641,6003.808,4715.771,4454.284,4149.567,3704.498,2480.847,960.598,568.295,624.958,563.667,521.988,1246.37,934.164,930.455,257.15,348.804,291.206,282.292,80.934,14.919,13.45,23.538,20.59,35.693,26.918,10.255,24.09,18.995,37.946,39.653,17.418
Month End Stock Price,4.5,5.67,4.36,3.51,2.41,2.29,1.13,0.64,0.52,1.35,1.22,1.46,0.97,0.36,0.54,0.58,1.13,2.31,0,3.46,,4.06,4.5,4.99,5.67,3.8,4.36,3.69,3.51,2.65,2.41,2.12,2.29,1.36,1.13,0.59,0.64,0.56,0.52,1.57,1.35,1.38,1.22,1.77,1.46,1.23,0.97,0.34,0.36,0.61,0.54,1.15,1.04,0.58,1.32,1.13,2.25,2.31,1.43
Net Cash per Share,-0.74,-0.49,-0.21,-0.26,-0.46,-0.41,0.02,-0.38,-0.34,-0.09,-0.21,-0.27,0.26,0.05,0,0.23,0.09,0.03,0.34,-0.74,,-0.74,-0.74,-0.49,-0.49,-0.18,-0.21,-0.22,-0.26,-0.33,-0.46,-0.55,-0.41,-0.56,0.02,-0.35,-0.38,-0.35,-0.34,-0.28,-0.09,0.02,-0.21,-0.27,-0.27,-0.16,0.26,0.04,0.05,0.07,0,0.1,0.15,0.23,0.05,0.09,0.04,0.03,0.27
Net Current Asset Value,-0.56,-0.29,0,-0.06,-0.26,-0.2,0.1,-0.26,-0.21,0.01,-0.09,-0.19,0.27,0.05,0.05,0.23,0.09,0.38,0.34,-0.55,,-0.55,-0.56,-0.32,-0.29,-0.01,0,-0.03,-0.06,-0.14,-0.26,-0.38,-0.2,-0.39,0.1,-0.23,-0.26,-0.23,-0.21,-0.13,0.01,0.11,-0.09,-0.19,-0.19,-0.13,0.27,0.05,0.05,0.08,0.05,0.11,0.16,0.23,0.07,0.09,0.07,0.38,0.28
Net-Net Working Capital,-0.65,-0.4,-0.1,-0.16,-0.36,-0.33,0.05,-0.32,-0.28,-0.05,-0.16,-0.24,0.26,0.05,0,0.23,0.09,0.03,0.34,-0.64,,-0.64,-0.65,-0.39,-0.4,-0.08,-0.1,-0.11,-0.16,-0.23,-0.36,-0.46,-0.33,-0.47,0.05,-0.28,-0.32,-0.28,-0.28,-0.21,-0.05,0.07,-0.16,-0.24,-0.24,-0.15,0.26,0.04,0.05,0.08,0,0.11,0.16,0.23,0.05,0.09,0.06,0.03,0.28
Intrinsic Value: Projected FCF,3.62,3.15,2.18,1.88,1.53,1.06,0.78,0.24,0.14,1.06,-0.24,-0.33,-0.24,-0.76,-1.03,0,0,0,0,0,,0,3.62,0,3.15,0,2.18,0,1.88,0,1.53,0,1.06,0,0.78,0,0.24,0,0.14,0,1.06,0,-0.24,0,-0.33,0,-0.24,0,-0.76,0,-1.03,0,0,0,0,0,0,0,0
Median PS Value,2.65,2.76,0,0,0,0,0,0,0,0,0,0,0,0,0,0,0,0,0,2.65,,0,2.65,0,2.76,0,0,0,0,0,0,0,0,0,0,0,0,0,0,0,0,0,0,0,0,0,0,0,0,0,0,0,0,0,0,0,0,0,0
Peter Lynch Fair Value,5.03,3.49,1.53,0,0,0,0,0,0,0,0,0,0,0,-5.75,0,0,0,0,5.03,,0,5.03,0,3.49,0,1.53,0,0,0,0,0,0,0,0,0,0,0,0,0,0,0,0,0,0,0,0,0,0,0,-5.75,0,0,0,0,0,0,0,0
Graham Number,2.59,2.39,2.02,2.17,1.94,0,1.82,1.2,0,1.39,0,0.76,0,0,0,0,0,0,0,2.09,,2.09,2.59,2.71,2.39,2.28,2.02,2.05,2.17,1.87,1.94,1.48,0,1.26,1.82,1.3,1.2,0,0,1.97,0.86,0,0,1.14,0.76,0,0,0,0,0,0,0,0,0,0,0,0,0,0
Earnings Power Value (EPV),0.06,0.18,0.39,0.27,-0.98,-1.35,-1.38,-1.61,-1.51,-0.92,-1.58,-1.6,-0.42,-0.93,-1.11,0,0,0,0,0,,0,0.06,0,0.18,0,0.39,0,0.27,0,-0.98,0,-1.35,0,-1.38,0,-1.61,0,-1.51,0,-0.92,0,-1.58,0,-1.6,0,-0.42,0,-0.93,0,-1.11,0,0,0,0,0,0,0,0
Altman Z-Score,4.29,5.91,7.52,5.7,3.78,3.79,4.41,1.35,0.06,3.57,2.61,1.81,5.94,9.51,1.4,0,0,0,0,3.9,,0,4.29,0,5.91,0,7.52,0,5.7,0,3.78,0,3.79,0,4.41,0,1.35,0,0.06,3.73,3.57,2.39,2.61,0,1.81,0,5.94,0,9.51,0,1.4,0,0,0,0,0,0,0,0
Piotroski F-Score,4,6,5,6,6,3,8,6,2,8,5,5,2,4,2,5,2,9999,9999,4,,0,4,0,6,0,5,0,6,0,6,0,3,0,8,0,6,0,2,0,8,0,5,0,5,0,2,0,4,0,2,0,0,5,0,2,0,9999,0
Beneish M-Score,-3.1,-2.75,-2.38,-2.33,-0.52,-2.86,-3.29,-1.84,-5.52,1.04,0.79,55.76,-3.46,102.82,-9.48,0,0,0,0,-3.1,,0,-3.1,0,-2.75,0,-2.38,0,-2.33,0,-0.52,0,-2.86,0,-3.29,0,-1.84,0,-5.52,0,1.04,0,0.79,0,55.76,0,-3.46,0,102.82,0,-9.48,0,0,0,0,0,0,0,0
Scaled Net Operating Assets,0.819,0.872,0.774,0.798,1.155,1.395,0.85,0.888,0.69,4.118,0.787,3.341,1.286,0.506,0.251,0.913,0.895,1.468,0.188,0.877,,0.877,0.796,0.712,0.924,0.744,0.789,0.768,0.802,0.826,0.838,1.216,0.753,1.534,0.824,0.84,0.846,0.881,0.642,0.893,0.82,3.829,0.795,0.76,1.11,2.435,1.2,0.466,0.445,0.464,0.226,0.207,0.686,0.879,0.911,0.882,0.801,1.463,0.306
Sloan Ratio %,7.89,8.17,-0.51,-5.91,23.34,18.33,0.8,1.59,-8.09,5.37,3.42,40.15,9.74,-16.35,0.61,5.79,54,20.53,9.4,14.41,,14.41,7.89,9.28,8.17,-3.51,-0.51,-3.03,-5.91,-8.12,23.34,20.81,18.33,24.65,0.8,0.66,1.59,-22.13,-8.09,18.98,5.37,-0.49,3.42,22.08,40.15,32.73,9.74,-7.9,-16.36,-24.79,0.61,22.68,22.51,5.8,15.47,54,61.91,20.53,
Current Ratio,1.33,2.03,2.31,2.02,1.35,1.67,3.02,1.22,1.12,1.6,1.43,1.2,8.65,4.7,2.73,20.26,7.75,30.81,291.17,3.43,,3.43,1.33,2.12,2.03,2.15,2.31,2.31,2.02,1.7,1.35,1.39,1.67,1.13,3.02,0.63,1.22,1.25,1.12,1.5,1.6,2.56,1.43,1.06,1.2,0.58,8.65,3.59,4.7,6.69,2.73,1.68,15.17,20.26,6.54,7.75,2.61,30.81,21.15
Quick Ratio,0.79,1.47,1.43,1.21,0.36,0.61,2.33,0.59,0.39,1.34,0.94,0.95,8.65,4.7,2.73,20.26,7.75,30.81,291.17,3.02,,3.02,0.79,1.56,1.47,1.23,1.43,1.42,1.21,0.86,0.36,0.31,0.61,0.3,2.33,0.32,0.59,0.6,0.39,0.94,1.34,2.12,0.94,0.81,0.95,0.4,8.65,3.59,4.7,6.69,2.73,1.68,15.17,20.26,6.54,7.75,2.61,30.81,21.15
Cash Ratio,0.46,1.05,1.14,0.99,0.13,0.09,2.15,0.31,0.14,1.03,0.83,0.88,8.45,4.51,0.9,20.15,7.4,3.09,290.78,2.62,,2.62,0.46,1.27,1.05,0.79,1.14,1.14,0.99,0.57,0.13,0.06,0.09,0.17,2.15,0.21,0.31,0.37,0.14,0.45,1.03,1.81,0.83,0.69,0.88,0.2,8.45,3.39,4.51,6.47,0.9,1.64,14.4,20.15,4.82,7.4,1.98,3.09,20.45
Interest Coverage,25.89,24.55,14.65,14.49,8.05,4.25,9.19,4.77,0,13.35,2.54,0,0,10000,10000,10000,10000,10000,10000,13.77,,10.7,18.84,32.88,37.93,17.05,18.51,11.43,13.77,15.23,6.91,9.84,4.13,4.39,11.32,7.29,0.92,7.92,0,12.03,26.33,5.36,2.19,3.18,9999,0,0,9999,10000,10000,10000,10000,10000,10000,10000,10000,10000,10000,10000
Highest Stock Price,6.45,6.3,4.39,3.58,3,2.49,1.24,0.91,1.96,1.84,1.96,1.66,1.12,0.88,1.44,1.67,3.29,2.47,0,4.96,,4.95,5.41,6.45,6.3,5.48,4.39,3.69,3.58,2.67,2.58,3,2.49,1.6,1.24,0.8,0.91,0.88,1.66,1.96,1.84,1.81,1.77,1.96,1.52,1.66,1.12,0.58,0.88,0.88,1.38,1.44,1.12,1.37,1.67,2.25,3.29,2.47,1.45
Lowest Stock Price,3.85,3.36,2.63,2.15,1.61,0.9,0.4,0.47,0.5,1.23,1.17,0.94,0.19,0.29,0.52,0.45,1.04,0,0,3.23,,3.34,3.85,4.78,3.36,3.49,3.07,2.63,2.49,2.15,1.91,1.61,1.29,0.9,0.59,0.4,0.53,0.47,0.5,1.16,1.23,1.23,1.17,1.26,1.11,0.94,0.31,0.19,0.29,0.46,0.52,0.83,0.51,0.45,1.24,1.04,2.06,1.43,0
Shares Buyback Ratio %,-0.25,-0.43,-0.26,-0.58,-12.5,-47.95,-30.69,-0.27,-0.14,-287.69,-9.43,-50.98,-166.49,-12.5,-30.8,-66.4,-5.57,-15.01,,-7.277052388,,-7.28,0,-0.25,-0.01,-0.43,0,-0.26,0,-0.58,-0.18,-12.3,-0.35,-47.42,-29.79,-0.69,-0.19,-0.08,0,-0.14,-0.87,-284.34,-9.37,-0.05,17.34,-82.65,-126.14,-17.84,0,-12.5,-0.21,-30.53,0,-60.07,-3.95,-5.21,-0.34,-15.01,
Buyback Yield %,0,0,0,0,-9.92,-3.26,-20.97,0,-0.15,-15.22,-9.43,-7.86,-35.25,-17.77,-26.92,-43.49,-9.49,-22.27,0,-6.81,,-12.37,0,0,0,0,0,0,0,0,0,-22.61,-0.02,-11,0,0,0,0,0,-0.1,-0.88,-29.16,-18.78,-0.06,-15.7,-0.01,-65.01,-35.41,0,-20.98,0.17,-25.42,0,-75.74,-7.91,-16.2,-1.47,-21.03,-43.68
YoY Rev. per Sh. Growth,-4.17,28.3,-2.51,0.82,-4.1,6.9,10.37,1.36,-2.12,23.81,377.12,0,0,0,0,0,0,0,0,-14.41,,-13.76,-15.47,8.94,37.96,18.66,-1.27,-3.71,-2.25,4.07,-5.15,-2.72,0.44,13,22.61,-0.36,6.54,-0.96,-7.6,0.09,5.21,60.15,311.91,776.13,0,0,0,0,0,0,0,0,-100,0,-69.6,0,0,0,0
YoY EPS Growth,14.3,37.87,-17.6,17.23,870.17,-113.02,110.46,115.73,-725.8,618.77,-136.34,127.31,-141.32,80.86,-313.02,-14.68,-33.77,0,0,-45.45,,-62.59,-24.44,54.76,20.97,61.42,-10.36,-25.94,75.85,-15.18,943.61,833.83,-107.12,-121.72,334.76,19.55,104.01,-13.52,-729.32,209.13,409,-550.8,-136.73,135.66,314.19,66.09,-42.79,-183.27,90.76,30.94,-1623.3,-25.9,56.25,-12.5,-17.39,-7.55,-91.67,0,0
YoY EBITDA Growth (%),6.19,18.47,-7.85,84.25,123.47,-68.61,34.93,216.98,-176.81,84.08,602.75,118.78,-100.92,78.69,-221.13,-32,-18.16,0,0,-20.37,,-32.54,-5.04,16.94,13.79,23.33,-6.58,-9.14,178.17,15.3,644.09,60.97,-94.23,-24.93,58.46,15.82,130.08,-19.55,-334.64,90.94,110.56,24.72,163.72,456.07,167.46,76.38,-111.83,-129.53,90.67,-32.54,-1198.38,-18.54,20.03,47.8,-17.07,-22.3,-0.55,0,0
5-Year EBITDA Growth Rate (Per Share),32.4,19.83,11.92,0,0,0,0,0,0,0,0,0,-14.32,0,72.82,0,0,0,0,32.4,,0,32.4,0,19.83,0,11.92,0,0,0,0,0,0,0,0,0,0,0,0,0,0,0,0,0,0,0,-14.32,0,0,0,72.82,0,0,0,0,0,0,0,0
Shares Outstanding (Basic Average),1708.095,1702.328,1696.474,1691.215,1638.875,1416.21,743.781,772.414,771.283,572.968,188.275,157.586,55.192,44.917,36.358,14.71,17.922,13.463,0,1811.557,,1811.557,1708.229,1707.961,1704.703,1699.954,1696.301,1696.648,1692.527,1689.903,1681.138,1596.612,1497.177,1335.243,710.535,777.027,772.894,771.935,771.521,771.045,766.418,379.518,195.361,181.188,190.046,125.127,72.722,37.661,44.852,44.983,39.888,32.829,30.674,30.674,18.798,18.337,17.506,12.781,14.145
Shares Outstanding (EOP),1708.667,1704.414,1697.07,1692.612,1682.799,1495.781,1011.035,773.588,771.522,770.446,198.728,181.603,120.285,45.137,40.122,30.674,18.434,17.461,15.183,1833.01,,1833.008,1708.667,1708.667,1704.414,1704.323,1697.07,1697.07,1692.612,1692.612,1682.799,1679.732,1495.781,1490.507,1011.035,778.962,773.588,772.132,771.522,771.522,770.446,763.788,198.728,181.697,181.603,219.704,120.285,53.191,45.137,45.137,40.122,40.037,30.674,30.674,19.163,18.434,17.521,17.461,15.183
Beta,0.15,0.38,0.32,0.26,0.44,1.13,1.58,1.45,0.56,0.91,0.28,0.62,0.15,1.3,0.78,0,0,0,0,0.51,,0.3,0.15,0.13,0.38,-0.39,0.32,0.05,0.26,0.31,0.44,0.9,1.13,1.12,1.58,2.08,1.45,1.04,0.56,0.89,0.91,0.08,0.28,0.46,0.62,0.34,0.15,0.48,1.3,1.61,0.78,0.8,0.36,0,0,0,0,0,0
Restated Filing Date,10/18/21,10/23/20,10/25/19,10/19/18,10/20/17,10/24/16,10/23/15,08/28/14,10/24/13,10/26/12,09/27/11,10/25/10,10/27/09,10/31/08,09/28/07,10/11/05,10/22/04,10/24/03,,02/16/22,,02/16/22,10/18/21,02/17/21,10/23/20,02/12/20,10/25/19,02/13/19,10/19/18,02/15/18,10/20/17,02/16/17,10/24/16,02/18/16,10/23/15,02/18/15,08/28/14,02/21/14,10/24/13,02/21/13,10/26/12,02/28/12,09/27/11,03/09/11,10/25/10,03/11/10,10/27/09,03/13/09,10/31/08,03/12/08,09/28/07,03/15/07,03/15/06,10/11/05,02/21/05,10/22/04,03/05/04,10/24/03,03/14/03
Filing Date,10/18/21,10/23/20,10/25/19,10/19/18,10/20/17,10/24/16,10/23/15,08/28/14,10/24/13,10/26/12,09/27/11,10/25/10,10/27/09,10/31/08,09/28/07,10/11/05,10/22/04,10/24/03,,02/16/22,,02/16/22,10/18/21,02/17/21,10/23/20,02/12/20,10/25/19,02/13/19,10/19/18,02/15/18,10/20/17,02/16/17,10/24/16,02/18/16,10/23/15,02/18/15,08/28/14,02/21/14,10/24/13,02/21/13,10/26/12,02/28/12,09/27/11,03/09/11,10/25/10,03/11/10,10/27/09,03/13/09,10/31/08,03/12/08,09/28/07,03/15/07,03/15/06,10/11/05,02/21/05,10/22/04,03/05/04,10/24/03,03/14/03
Earnings Release Date,,,,,,,,,,,,,,,,,,,,,,,,,,,,,,,,,,,,,,,,,,,,,,,,,,,,,,,,,,,
Number of Shareholders,0,0,0,0,0,0,0,0,0,0,0,0,0,0,0,0,0,0,0,0,,0,0,0,0,0,0,0,0,0,0,0,0,0,0,0,0,0,0,0,0,0,0,0,0,0,0,0,0,0,0,0,0,0,0,0,0,0,0
Number of Employees,5,5,5,5,5,5,5,5,5,5,5,5,5,5,5,2,3,0,0,5,,5,5,5,5,5,5,5,5,5,5,5,5,5,5,5,5,5,5,5,5,5,5,5,5,5,5,5,5,5,5,5,2,2,3,3,0,0,0
,,,,,,,,,,,,,,,,,,,,,,,,,,,,,,,,,,,,,,,,,,,,,,,,,,,,,,,,,,,
Forex Rate,1,1,1,1,1,1,1,1,1,1,1,1,1,1,1,1,1,1,1,,,1,1,1,1,1,1,1,1,1,1,1,1,1,1,1,1,1,1,1,1,1,1,1,1,1,1,1,1,1,1,1,1,1,1,1,1,1,1
,,,,,,,,,,,,,,,,,,,,,,,,,,,,,,,,,,,,,,,,,,,,,,,,,,,,,,,,,,,
